
===========================================================================
report_checks -unconstrained
===========================================================================
======================= Typical Corner ===================================

Startpoint: _29288_ (rising edge-triggered flip-flop clocked by clk)
Endpoint: _29354_ (rising edge-triggered flip-flop clocked by clk)
Path Group: clk
Path Type: max

Fanout     Cap    Slew   Delay    Time   Description
-----------------------------------------------------------------------------
                  0.00    0.00    0.00   clock clk (rise edge)
                          0.00    0.00   clock network delay (ideal)
                  0.00    0.00    0.00 ^ _29288_/CLK (sky130_fd_sc_hd__dfrtp_2)
                  0.06    0.39    0.39 v _29288_/Q (sky130_fd_sc_hd__dfrtp_2)
     4    0.01                           u_s1.delay_ptr[0] (net)
                  0.06    0.00    0.39 v _14529_/A (sky130_fd_sc_hd__buf_1)
                  0.06    0.12    0.51 v _14529_/X (sky130_fd_sc_hd__buf_1)
     5    0.01                           _01360_ (net)
                  0.06    0.00    0.51 v _14533_/C_N (sky130_fd_sc_hd__nor3b_2)
                  0.08    0.19    0.71 v _14533_/Y (sky130_fd_sc_hd__nor3b_2)
     5    0.02                           _01404_ (net)
                  0.08    0.00    0.71 v _15250_/A2 (sky130_fd_sc_hd__a2111o_2)
                  0.07    0.48    1.19 v _15250_/X (sky130_fd_sc_hd__a2111o_2)
     1    0.01                           _06589_ (net)
                  0.07    0.00    1.19 v _15252_/A3 (sky130_fd_sc_hd__o31ai_2)
                  0.73    0.61    1.79 ^ _15252_/Y (sky130_fd_sc_hd__o31ai_2)
     5    0.04                           _06591_ (net)
                  0.73    0.00    1.79 ^ _15253_/B (sky130_fd_sc_hd__xnor2_2)
                  0.15    0.18    1.98 v _15253_/Y (sky130_fd_sc_hd__xnor2_2)
     4    0.01                           _06592_ (net)
                  0.15    0.00    1.98 v _15263_/A2 (sky130_fd_sc_hd__a31o_2)
                  0.05    0.29    2.27 v _15263_/X (sky130_fd_sc_hd__a31o_2)
     3    0.01                           _06602_ (net)
                  0.05    0.00    2.27 v _15272_/A1 (sky130_fd_sc_hd__a21o_2)
                  0.06    0.22    2.49 v _15272_/X (sky130_fd_sc_hd__a21o_2)
     3    0.01                           _06611_ (net)
                  0.06    0.00    2.49 v _15303_/A1 (sky130_fd_sc_hd__a21oi_2)
                  0.22    0.22    2.71 ^ _15303_/Y (sky130_fd_sc_hd__a21oi_2)
     2    0.02                           _06642_ (net)
                  0.22    0.00    2.71 ^ _15351_/A1 (sky130_fd_sc_hd__o21ai_2)
                  0.09    0.12    2.83 v _15351_/Y (sky130_fd_sc_hd__o21ai_2)
     2    0.01                           _06689_ (net)
                  0.09    0.00    2.83 v _15383_/A1 (sky130_fd_sc_hd__a21o_2)
                  0.05    0.22    3.05 v _15383_/X (sky130_fd_sc_hd__a21o_2)
     3    0.01                           _06720_ (net)
                  0.05    0.00    3.05 v _15414_/A1 (sky130_fd_sc_hd__a21o_2)
                  0.05    0.21    3.26 v _15414_/X (sky130_fd_sc_hd__a21o_2)
     3    0.01                           _06750_ (net)
                  0.05    0.00    3.26 v _15463_/A1 (sky130_fd_sc_hd__a21o_2)
                  0.06    0.21    3.48 v _15463_/X (sky130_fd_sc_hd__a21o_2)
     2    0.01                           _06798_ (net)
                  0.06    0.00    3.48 v _15487_/A2 (sky130_fd_sc_hd__a21o_2)
                  0.06    0.25    3.72 v _15487_/X (sky130_fd_sc_hd__a21o_2)
     3    0.02                           _06821_ (net)
                  0.06    0.00    3.72 v _15521_/A1 (sky130_fd_sc_hd__a21o_2)
                  0.08    0.24    3.97 v _15521_/X (sky130_fd_sc_hd__a21o_2)
     4    0.02                           _06854_ (net)
                  0.08    0.00    3.97 v _15531_/A (sky130_fd_sc_hd__xnor2_2)
                  0.04    0.13    4.10 v _15531_/Y (sky130_fd_sc_hd__xnor2_2)
     1    0.00                           _06864_ (net)
                  0.04    0.00    4.10 v _15532_/A1 (sky130_fd_sc_hd__mux2_2)
                  0.12    0.36    4.46 v _15532_/X (sky130_fd_sc_hd__mux2_2)
     5    0.04                           _06865_ (net)
                  0.12    0.01    4.46 v _15534_/A (sky130_fd_sc_hd__xnor2_2)
                  0.44    0.41    4.88 ^ _15534_/Y (sky130_fd_sc_hd__xnor2_2)
     4    0.03                           _06867_ (net)
                  0.44    0.00    4.88 ^ _23497_/A1 (sky130_fd_sc_hd__a21oi_2)
                  0.16    0.20    5.08 v _23497_/Y (sky130_fd_sc_hd__a21oi_2)
     5    0.03                           _00548_ (net)
                  0.16    0.00    5.08 v _23522_/A2 (sky130_fd_sc_hd__o211a_2)
                  0.07    0.32    5.40 v _23522_/X (sky130_fd_sc_hd__o211a_2)
     3    0.02                           _00573_ (net)
                  0.07    0.00    5.40 v _23525_/B (sky130_fd_sc_hd__or4_2)
                  0.12    0.69    6.09 v _23525_/X (sky130_fd_sc_hd__or4_2)
     3    0.01                           _00576_ (net)
                  0.12    0.00    6.09 v _23624_/B (sky130_fd_sc_hd__or4_2)
                  0.13    0.72    6.81 v _23624_/X (sky130_fd_sc_hd__or4_2)
     3    0.01                           _00675_ (net)
                  0.13    0.00    6.81 v _23629_/B (sky130_fd_sc_hd__and3_2)
                  0.06    0.26    7.07 v _23629_/X (sky130_fd_sc_hd__and3_2)
     4    0.01                           _00680_ (net)
                  0.06    0.00    7.07 v _23634_/A (sky130_fd_sc_hd__or3_2)
                  0.11    0.53    7.61 v _23634_/X (sky130_fd_sc_hd__or3_2)
     3    0.01                           _00685_ (net)
                  0.11    0.00    7.61 v _23636_/B (sky130_fd_sc_hd__and3_2)
                  0.05    0.23    7.84 v _23636_/X (sky130_fd_sc_hd__and3_2)
     2    0.01                           _00687_ (net)
                  0.05    0.00    7.84 v _23638_/B (sky130_fd_sc_hd__or3_2)
                  0.11    0.49    8.34 v _23638_/X (sky130_fd_sc_hd__or3_2)
     3    0.01                           _00689_ (net)
                  0.11    0.00    8.34 v _23641_/A1 (sky130_fd_sc_hd__a21o_2)
                  0.05    0.23    8.57 v _23641_/X (sky130_fd_sc_hd__a21o_2)
     3    0.01                           _00692_ (net)
                  0.05    0.00    8.57 v _23644_/A2 (sky130_fd_sc_hd__a21o_2)
                  0.04    0.22    8.79 v _23644_/X (sky130_fd_sc_hd__a21o_2)
     2    0.01                           _00695_ (net)
                  0.04    0.00    8.79 v _23645_/C (sky130_fd_sc_hd__and3_2)
                  0.05    0.22    9.01 v _23645_/X (sky130_fd_sc_hd__and3_2)
     3    0.01                           _00696_ (net)
                  0.05    0.00    9.01 v _23649_/A (sky130_fd_sc_hd__or3_2)
                  0.11    0.53    9.54 v _23649_/X (sky130_fd_sc_hd__or3_2)
     4    0.01                           _00700_ (net)
                  0.11    0.00    9.54 v _23691_/A (sky130_fd_sc_hd__and3_2)
                  0.06    0.23    9.77 v _23691_/X (sky130_fd_sc_hd__and3_2)
     3    0.01                           _00742_ (net)
                  0.06    0.00    9.77 v _23693_/B1 (sky130_fd_sc_hd__a211o_2)
                  0.07    0.34   10.10 v _23693_/X (sky130_fd_sc_hd__a211o_2)
     3    0.01                           _00744_ (net)
                  0.07    0.00   10.10 v _23715_/A (sky130_fd_sc_hd__and3_2)
                  0.06    0.21   10.32 v _23715_/X (sky130_fd_sc_hd__and3_2)
     4    0.01                           _00766_ (net)
                  0.06    0.00   10.32 v _23718_/A1 (sky130_fd_sc_hd__o211a_2)
                  0.05    0.27   10.59 v _23718_/X (sky130_fd_sc_hd__o211a_2)
     2    0.01                           _00769_ (net)
                  0.05    0.00   10.59 v _23719_/B (sky130_fd_sc_hd__or2_2)
                  0.07    0.29   10.89 v _23719_/X (sky130_fd_sc_hd__or2_2)
     1    0.01                           _00770_ (net)
                  0.07    0.00   10.89 v _23720_/B (sky130_fd_sc_hd__xnor2_2)
                  0.13    0.14   11.03 ^ _23720_/Y (sky130_fd_sc_hd__xnor2_2)
     2    0.01                           _00771_ (net)
                  0.13    0.00   11.03 ^ _24004_/A1 (sky130_fd_sc_hd__o221a_2)
                  0.04    0.20   11.22 ^ _24004_/X (sky130_fd_sc_hd__o221a_2)
     1    0.00                           _01055_ (net)
                  0.04    0.00   11.22 ^ _24143_/A (sky130_fd_sc_hd__or2_2)
                  0.06    0.12   11.35 ^ _24143_/X (sky130_fd_sc_hd__or2_2)
     2    0.01                           _01203_ (net)
                  0.06    0.00   11.35 ^ _24383_/A (sky130_fd_sc_hd__and4_2)
                  0.10    0.25   11.59 ^ _24383_/X (sky130_fd_sc_hd__and4_2)
     3    0.01                           _01467_ (net)
                  0.10    0.00   11.59 ^ _24663_/A1 (sky130_fd_sc_hd__a22oi_2)
                  0.09    0.11   11.70 v _24663_/Y (sky130_fd_sc_hd__a22oi_2)
     3    0.01                           _01773_ (net)
                  0.09    0.00   11.70 v _24810_/B (sky130_fd_sc_hd__or3_2)
                  0.09    0.47   12.17 v _24810_/X (sky130_fd_sc_hd__or3_2)
     2    0.01                           _01934_ (net)
                  0.09    0.00   12.17 v _24938_/C1 (sky130_fd_sc_hd__o211a_2)
                  0.06    0.16   12.33 v _24938_/X (sky130_fd_sc_hd__o211a_2)
     3    0.01                           _02074_ (net)
                  0.06    0.00   12.33 v _25199_/A2 (sky130_fd_sc_hd__o31ai_2)
                  0.46    0.44   12.77 ^ _25199_/Y (sky130_fd_sc_hd__o31ai_2)
     5    0.02                           _02359_ (net)
                  0.46    0.00   12.77 ^ _25605_/A1 (sky130_fd_sc_hd__a311o_2)
                  0.13    0.33   13.10 ^ _25605_/X (sky130_fd_sc_hd__a311o_2)
     4    0.02                           _02801_ (net)
                  0.13    0.00   13.10 ^ _25939_/C_N (sky130_fd_sc_hd__or3b_2)
                  0.09    0.47   13.57 v _25939_/X (sky130_fd_sc_hd__or3b_2)
     2    0.01                           _03164_ (net)
                  0.09    0.00   13.57 v _25942_/A1 (sky130_fd_sc_hd__a31o_2)
                  0.05    0.23   13.80 v _25942_/X (sky130_fd_sc_hd__a31o_2)
     2    0.01                           _03167_ (net)
                  0.05    0.00   13.80 v _25955_/B1 (sky130_fd_sc_hd__o21ai_2)
                  0.13    0.07   13.87 ^ _25955_/Y (sky130_fd_sc_hd__o21ai_2)
     2    0.01                           _03180_ (net)
                  0.13    0.00   13.87 ^ _25993_/A1 (sky130_fd_sc_hd__o21a_2)
                  0.04    0.16   14.02 ^ _25993_/X (sky130_fd_sc_hd__o21a_2)
     1    0.01                           _03222_ (net)
                  0.04    0.00   14.02 ^ _25997_/A1_N (sky130_fd_sc_hd__a2bb2o_2)
                  0.07    0.30   14.32 v _25997_/X (sky130_fd_sc_hd__a2bb2o_2)
     4    0.01                           _03227_ (net)
                  0.07    0.00   14.32 v _26075_/A1 (sky130_fd_sc_hd__mux2_2)
                  0.05    0.26   14.59 v _26075_/X (sky130_fd_sc_hd__mux2_2)
     1    0.00                           _03280_ (net)
                  0.05    0.00   14.59 v _26076_/A (sky130_fd_sc_hd__buf_1)
                  0.02    0.09   14.68 v _26076_/X (sky130_fd_sc_hd__buf_1)
     1    0.00                           _00310_ (net)
                  0.02    0.00   14.68 v _29354_/D (sky130_fd_sc_hd__dfrtp_2)
                                 14.68   data arrival time

                  0.00   20.00   20.00   clock clk (rise edge)
                          0.00   20.00   clock network delay (ideal)
                         -0.10   19.90   clock uncertainty
                          0.00   19.90   clock reconvergence pessimism
                                 19.90 ^ _29354_/CLK (sky130_fd_sc_hd__dfrtp_2)
                         -0.12   19.78   library setup time
                                 19.78   data required time
-----------------------------------------------------------------------------
                                 19.78   data required time
                                -14.68   data arrival time
-----------------------------------------------------------------------------
                                  5.11   slack (MET)




===========================================================================
report_checks --slack_max -0.01
============================================================================
======================= Typical Corner ===================================

No paths found.


===========================================================================
 report_check_types -max_slew -max_cap -max_fanout -violators
============================================================================
======================= Typical Corner ===================================

max slew

Pin                                    Limit    Slew   Slack
------------------------------------------------------------
_29124_/RESET_B                         1.50    1.51   -0.01 (VIOLATED)
_29424_/RESET_B                         1.50    1.51   -0.01 (VIOLATED)
_29092_/RESET_B                         1.50    1.51   -0.01 (VIOLATED)
_29109_/RESET_B                         1.50    1.51   -0.01 (VIOLATED)
_29060_/RESET_B                         1.50    1.51   -0.01 (VIOLATED)
_29061_/RESET_B                         1.50    1.51   -0.01 (VIOLATED)
_29044_/RESET_B                         1.50    1.51   -0.01 (VIOLATED)
_29140_/RESET_B                         1.50    1.51   -0.01 (VIOLATED)
_29045_/RESET_B                         1.50    1.51   -0.01 (VIOLATED)
_29093_/RESET_B                         1.50    1.51   -0.01 (VIOLATED)
_29076_/RESET_B                         1.50    1.51   -0.01 (VIOLATED)
_29110_/RESET_B                         1.50    1.51   -0.01 (VIOLATED)
_29141_/RESET_B                         1.50    1.51   -0.01 (VIOLATED)
_29062_/RESET_B                         1.50    1.51   -0.01 (VIOLATED)
_29142_/RESET_B                         1.50    1.51   -0.01 (VIOLATED)
_29046_/RESET_B                         1.50    1.51   -0.01 (VIOLATED)
_29048_/RESET_B                         1.50    1.51   -0.01 (VIOLATED)
_29080_/RESET_B                         1.50    1.51   -0.01 (VIOLATED)
_29047_/RESET_B                         1.50    1.51   -0.01 (VIOLATED)
_29095_/RESET_B                         1.50    1.51   -0.01 (VIOLATED)
_29240_/RESET_B                         1.50    1.50   -0.00 (VIOLATED)
_29077_/RESET_B                         1.50    1.50   -0.00 (VIOLATED)
_29094_/RESET_B                         1.50    1.50   -0.00 (VIOLATED)
_29078_/RESET_B                         1.50    1.50   -0.00 (VIOLATED)
_29079_/RESET_B                         1.50    1.50   -0.00 (VIOLATED)
_29096_/RESET_B                         1.50    1.50   -0.00 (VIOLATED)
_29241_/RESET_B                         1.50    1.50   -0.00 (VIOLATED)
_29097_/RESET_B                         1.50    1.50   -0.00 (VIOLATED)
_29224_/RESET_B                         1.50    1.50   -0.00 (VIOLATED)
_29081_/RESET_B                         1.50    1.50   -0.00 (VIOLATED)
_29257_/RESET_B                         1.50    1.50   -0.00 (VIOLATED)
_29049_/RESET_B                         1.50    1.50   -0.00 (VIOLATED)
_29145_/RESET_B                         1.50    1.50   -0.00 (VIOLATED)
_29066_/RESET_B                         1.50    1.50   -0.00 (VIOLATED)
_29050_/RESET_B                         1.50    1.50   -0.00 (VIOLATED)
_29112_/RESET_B                         1.50    1.50   -0.00 (VIOLATED)
_29064_/RESET_B                         1.50    1.50   -0.00 (VIOLATED)
_29146_/RESET_B                         1.50    1.50   -0.00 (VIOLATED)
_29144_/RESET_B                         1.50    1.50   -0.00 (VIOLATED)
_29063_/RESET_B                         1.50    1.50   -0.00 (VIOLATED)
_29143_/RESET_B                         1.50    1.50   -0.00 (VIOLATED)
_29114_/RESET_B                         1.50    1.50   -0.00 (VIOLATED)



===========================================================================
report_parasitic_annotation -report_unannotated
============================================================================
Found 15070 unannotated drivers.
 clk
 en
 in_im[0]
 in_im[10]
 in_im[11]
 in_im[12]
 in_im[13]
 in_im[14]
 in_im[15]
 in_im[1]
 in_im[2]
 in_im[3]
 in_im[4]
 in_im[5]
 in_im[6]
 in_im[7]
 in_im[8]
 in_im[9]
 in_re[0]
 in_re[10]
 in_re[11]
 in_re[12]
 in_re[13]
 in_re[14]
 in_re[15]
 in_re[1]
 in_re[2]
 in_re[3]
 in_re[4]
 in_re[5]
 in_re[6]
 in_re[7]
 in_re[8]
 in_re[9]
 rst_n
 _14506_/Y
 _14507_/X
 _14508_/X
 _14509_/X
 _14510_/Y
 _14511_/Y
 _14512_/X
 _14513_/X
 _14514_/X
 _14515_/X
 _14516_/X
 _14517_/X
 _14518_/Y
 _14519_/X
 _14520_/X
 _14521_/X
 _14522_/X
 _14523_/X
 _14524_/X
 _14525_/X
 _14526_/X
 _14527_/Y
 _14528_/X
 _14529_/X
 _14530_/X
 _14531_/X
 _14532_/X
 _14533_/Y
 _14534_/X
 _14535_/X
 _14536_/X
 _14537_/X
 _14538_/Y
 _14539_/X
 _14540_/X
 _14541_/X
 _14542_/X
 _14543_/Y
 _14544_/X
 _14545_/X
 _14546_/X
 _14547_/X
 _14548_/X
 _14549_/X
 _14550_/X
 _14551_/X
 _14552_/X
 _14553_/X
 _14554_/X
 _14555_/X
 _14556_/X
 _14557_/X
 _14558_/X
 _14559_/X
 _14560_/X
 _14561_/X
 _14562_/X
 _14563_/X
 _14564_/X
 _14565_/X
 _14566_/X
 _14567_/X
 _14568_/Y
 _14569_/X
 _14570_/Y
 _14571_/X
 _14572_/X
 _14573_/X
 _14574_/Y
 _14575_/X
 _14576_/Y
 _14577_/X
 _14578_/Y
 _14579_/Y
 _14580_/Y
 _14581_/X
 _14582_/X
 _14583_/X
 _14584_/X
 _14585_/X
 _14586_/X
 _14587_/X
 _14588_/X
 _14589_/X
 _14590_/X
 _14591_/X
 _14592_/X
 _14593_/X
 _14594_/Y
 _14595_/X
 _14596_/Y
 _14597_/X
 _14598_/X
 _14599_/X
 _14600_/X
 _14601_/Y
 _14602_/X
 _14603_/Y
 _14604_/X
 _14605_/Y
 _14606_/X
 _14607_/X
 _14608_/X
 _14609_/X
 _14610_/X
 _14611_/X
 _14612_/Y
 _14613_/X
 _14614_/X
 _14615_/Y
 _14616_/X
 _14617_/X
 _14618_/X
 _14619_/Y
 _14620_/X
 _14621_/X
 _14622_/X
 _14623_/Y
 _14624_/X
 _14625_/X
 _14626_/X
 _14627_/X
 _14628_/X
 _14629_/X
 _14630_/X
 _14631_/X
 _14632_/X
 _14633_/Y
 _14634_/Y
 _14635_/X
 _14636_/X
 _14637_/Y
 _14638_/X
 _14639_/X
 _14640_/X
 _14641_/X
 _14642_/X
 _14643_/Y
 _14644_/Y
 _14645_/X
 _14646_/X
 _14647_/X
 _14648_/X
 _14649_/X
 _14650_/Y
 _14651_/X
 _14652_/Y
 _14653_/Y
 _14654_/Y
 _14655_/X
 _14656_/X
 _14657_/X
 _14658_/Y
 _14659_/Y
 _14660_/X
 _14661_/X
 _14662_/X
 _14663_/X
 _14664_/Y
 _14665_/Y
 _14666_/X
 _14667_/X
 _14668_/Y
 _14669_/X
 _14670_/Y
 _14671_/X
 _14672_/X
 _14673_/X
 _14674_/Y
 _14675_/Y
 _14676_/X
 _14677_/Y
 _14678_/X
 _14679_/X
 _14680_/X
 _14681_/X
 _14682_/X
 _14683_/X
 _14684_/Y
 _14685_/X
 _14686_/X
 _14687_/X
 _14688_/X
 _14689_/X
 _14690_/X
 _14691_/Y
 _14692_/X
 _14693_/Y
 _14694_/X
 _14695_/X
 _14696_/Y
 _14697_/X
 _14698_/X
 _14699_/X
 _14700_/Y
 _14701_/Y
 _14702_/X
 _14703_/X
 _14704_/X
 _14705_/X
 _14706_/X
 _14707_/X
 _14708_/X
 _14709_/X
 _14710_/Y
 _14711_/X
 _14712_/X
 _14713_/X
 _14714_/X
 _14715_/X
 _14716_/Y
 _14717_/X
 _14718_/X
 _14719_/X
 _14720_/X
 _14721_/X
 _14722_/Y
 _14723_/X
 _14724_/Y
 _14725_/Y
 _14726_/Y
 _14727_/X
 _14728_/Y
 _14729_/X
 _14730_/X
 _14731_/X
 _14732_/X
 _14733_/X
 _14734_/X
 _14735_/X
 _14736_/X
 _14737_/X
 _14738_/X
 _14739_/X
 _14740_/Y
 _14741_/Y
 _14742_/Y
 _14743_/Y
 _14744_/X
 _14745_/X
 _14746_/X
 _14747_/Y
 _14748_/Y
 _14749_/Y
 _14750_/X
 _14751_/X
 _14752_/X
 _14753_/Y
 _14754_/X
 _14755_/Y
 _14756_/X
 _14757_/X
 _14758_/X
 _14759_/X
 _14760_/Y
 _14761_/X
 _14762_/X
 _14763_/X
 _14764_/Y
 _14765_/X
 _14766_/Y
 _14767_/X
 _14768_/Y
 _14769_/Y
 _14770_/Y
 _14771_/Y
 _14772_/X
 _14773_/X
 _14774_/X
 _14775_/X
 _14776_/X
 _14777_/X
 _14778_/Y
 _14779_/X
 _14780_/Y
 _14781_/X
 _14782_/Y
 _14783_/X
 _14784_/X
 _14785_/X
 _14786_/X
 _14787_/X
 _14788_/X
 _14789_/Y
 _14790_/X
 _14791_/X
 _14792_/X
 _14793_/X
 _14794_/X
 _14795_/X
 _14796_/Y
 _14797_/Y
 _14798_/X
 _14799_/X
 _14800_/Y
 _14801_/Y
 _14802_/X
 _14803_/X
 _14804_/X
 _14805_/X
 _14806_/X
 _14807_/X
 _14808_/X
 _14809_/X
 _14810_/X
 _14811_/X
 _14812_/Y
 _14813_/X
 _14814_/Y
 _14815_/Y
 _14816_/X
 _14817_/X
 _14818_/X
 _14819_/X
 _14820_/X
 _14821_/X
 _14822_/X
 _14823_/X
 _14824_/X
 _14825_/X
 _14826_/X
 _14827_/Y
 _14828_/X
 _14829_/Y
 _14830_/Y
 _14831_/X
 _14832_/X
 _14833_/X
 _14834_/Y
 _14835_/Y
 _14836_/X
 _14837_/Y
 _14838_/X
 _14839_/X
 _14840_/X
 _14841_/X
 _14842_/X
 _14843_/Y
 _14844_/Y
 _14845_/Y
 _14846_/Y
 _14847_/Y
 _14848_/Y
 _14849_/X
 _14850_/X
 _14851_/X
 _14852_/X
 _14853_/Y
 _14854_/X
 _14855_/X
 _14856_/X
 _14857_/Y
 _14858_/Y
 _14859_/Y
 _14860_/X
 _14861_/X
 _14862_/X
 _14863_/X
 _14864_/X
 _14865_/X
 _14866_/X
 _14867_/X
 _14868_/X
 _14869_/X
 _14870_/X
 _14871_/X
 _14872_/Y
 _14873_/X
 _14874_/Y
 _14875_/Y
 _14876_/X
 _14877_/Y
 _14878_/X
 _14879_/X
 _14880_/X
 _14881_/X
 _14882_/Y
 _14883_/Y
 _14884_/X
 _14885_/X
 _14886_/X
 _14887_/Y
 _14888_/X
 _14889_/Y
 _14890_/Y
 _14891_/X
 _14892_/Y
 _14893_/X
 _14894_/Y
 _14895_/X
 _14896_/X
 _14897_/Y
 _14898_/X
 _14899_/Y
 _14900_/X
 _14901_/X
 _14902_/Y
 _14903_/Y
 _14904_/X
 _14905_/X
 _14906_/Y
 _14907_/Y
 _14908_/X
 _14909_/X
 _14910_/X
 _14911_/X
 _14912_/X
 _14913_/X
 _14914_/Y
 _14915_/Y
 _14916_/Y
 _14917_/Y
 _14918_/X
 _14919_/X
 _14920_/X
 _14921_/X
 _14922_/X
 _14923_/Y
 _14924_/Y
 _14925_/Y
 _14926_/X
 _14927_/X
 _14928_/Y
 _14929_/X
 _14930_/X
 _14931_/X
 _14932_/X
 _14933_/X
 _14934_/Y
 _14935_/X
 _14936_/Y
 _14937_/Y
 _14938_/Y
 _14939_/X
 _14940_/Y
 _14941_/X
 _14942_/X
 _14943_/X
 _14944_/Y
 _14945_/Y
 _14946_/X
 _14947_/X
 _14948_/X
 _14949_/Y
 _14950_/X
 _14951_/X
 _14952_/X
 _14953_/X
 _14954_/X
 _14955_/X
 _14956_/X
 _14957_/X
 _14958_/X
 _14959_/X
 _14960_/X
 _14961_/X
 _14962_/X
 _14963_/X
 _14964_/X
 _14965_/X
 _14966_/Y
 _14967_/X
 _14968_/Y
 _14969_/Y
 _14970_/X
 _14971_/Y
 _14972_/X
 _14973_/X
 _14974_/X
 _14975_/X
 _14976_/X
 _14977_/Y
 _14978_/Y
 _14979_/X
 _14980_/X
 _14981_/X
 _14982_/X
 _14983_/Y
 _14984_/X
 _14985_/X
 _14986_/X
 _14987_/Y
 _14988_/X
 _14989_/X
 _14990_/X
 _14991_/X
 _14992_/Y
 _14993_/X
 _14994_/X
 _14995_/Y
 _14996_/X
 _14997_/X
 _14998_/X
 _14999_/X
 _15000_/Y
 _15001_/X
 _15002_/X
 _15003_/X
 _15004_/X
 _15005_/X
 _15006_/X
 _15007_/X
 _15008_/X
 _15009_/X
 _15010_/X
 _15011_/X
 _15012_/X
 _15013_/X
 _15014_/X
 _15015_/Y
 _15016_/Y
 _15017_/X
 _15018_/X
 _15019_/X
 _15020_/X
 _15021_/X
 _15022_/X
 _15023_/Y
 _15024_/Y
 _15025_/Y
 _15026_/X
 _15027_/X
 _15028_/X
 _15029_/Y
 _15030_/Y
 _15031_/Y
 _15032_/X
 _15033_/Y
 _15034_/X
 _15035_/X
 _15036_/X
 _15037_/X
 _15038_/X
 _15039_/Y
 _15040_/Y
 _15041_/X
 _15042_/X
 _15043_/X
 _15044_/X
 _15045_/Y
 _15046_/Y
 _15047_/X
 _15048_/X
 _15049_/X
 _15050_/X
 _15051_/Y
 _15052_/X
 _15053_/Y
 _15054_/X
 _15055_/Y
 _15056_/Y
 _15057_/X
 _15058_/Y
 _15059_/X
 _15060_/X
 _15061_/X
 _15062_/X
 _15063_/X
 _15064_/Y
 _15065_/X
 _15066_/X
 _15067_/X
 _15068_/Y
 _15069_/X
 _15070_/X
 _15071_/X
 _15072_/X
 _15073_/X
 _15074_/X
 _15075_/Y
 _15076_/Y
 _15077_/Y
 _15078_/X
 _15079_/X
 _15080_/Y
 _15081_/X
 _15082_/Y
 _15083_/X
 _15084_/X
 _15085_/X
 _15086_/Y
 _15087_/Y
 _15088_/Y
 _15089_/X
 _15090_/X
 _15091_/X
 _15092_/X
 _15093_/Y
 _15094_/X
 _15095_/Y
 _15096_/Y
 _15097_/X
 _15098_/X
 _15099_/Y
 _15100_/X
 _15101_/X
 _15102_/X
 _15103_/X
 _15104_/X
 _15105_/X
 _15106_/X
 _15107_/X
 _15108_/X
 _15109_/X
 _15110_/Y
 _15111_/Y
 _15112_/Y
 _15113_/Y
 _15114_/X
 _15115_/X
 _15116_/Y
 _15117_/X
 _15118_/Y
 _15119_/X
 _15120_/X
 _15121_/Y
 _15122_/Y
 _15123_/X
 _15124_/Y
 _15125_/Y
 _15126_/X
 _15127_/X
 _15128_/X
 _15129_/X
 _15130_/X
 _15131_/X
 _15132_/X
 _15133_/X
 _15134_/X
 _15135_/X
 _15136_/X
 _15137_/X
 _15138_/Y
 _15139_/Y
 _15140_/X
 _15141_/X
 _15142_/X
 _15143_/X
 _15144_/Y
 _15145_/X
 _15146_/X
 _15147_/X
 _15148_/Y
 _15149_/X
 _15150_/X
 _15151_/X
 _15152_/Y
 _15153_/Y
 _15154_/X
 _15155_/Y
 _15156_/Y
 _15157_/Y
 _15158_/Y
 _15159_/X
 _15160_/X
 _15161_/X
 _15162_/X
 _15163_/Y
 _15164_/Y
 _15165_/Y
 _15166_/Y
 _15167_/X
 _15168_/X
 _15169_/X
 _15170_/X
 _15171_/Y
 _15172_/X
 _15173_/X
 _15174_/Y
 _15175_/X
 _15176_/X
 _15177_/X
 _15178_/X
 _15179_/X
 _15180_/X
 _15181_/X
 _15182_/X
 _15183_/X
 _15184_/X
 _15185_/Y
 _15186_/X
 _15187_/Y
 _15188_/Y
 _15189_/X
 _15190_/X
 _15191_/X
 _15192_/X
 _15193_/Y
 _15194_/X
 _15195_/Y
 _15196_/Y
 _15197_/X
 _15198_/X
 _15199_/Y
 _15200_/X
 _15201_/Y
 _15202_/X
 _15203_/X
 _15204_/X
 _15205_/Y
 _15206_/Y
 _15207_/X
 _15208_/X
 _15209_/X
 _15210_/X
 _15211_/Y
 _15212_/X
 _15213_/X
 _15214_/X
 _15215_/Y
 _15216_/X
 _15217_/X
 _15218_/X
 _15219_/Y
 _15220_/Y
 _15221_/X
 _15222_/X
 _15223_/X
 _15224_/Y
 _15225_/X
 _15226_/Y
 _15227_/X
 _15228_/X
 _15229_/X
 _15230_/Y
 _15231_/Y
 _15232_/X
 _15233_/X
 _15234_/X
 _15235_/Y
 _15236_/X
 _15237_/X
 _15238_/X
 _15239_/X
 _15240_/X
 _15241_/Y
 _15242_/Y
 _15243_/X
 _15244_/X
 _15245_/X
 _15246_/X
 _15247_/X
 _15248_/X
 _15249_/X
 _15250_/X
 _15251_/X
 _15252_/Y
 _15253_/Y
 _15254_/X
 _15255_/X
 _15256_/X
 _15257_/X
 _15258_/X
 _15259_/X
 _15260_/X
 _15261_/Y
 _15262_/Y
 _15263_/X
 _15264_/Y
 _15265_/X
 _15266_/X
 _15267_/X
 _15268_/X
 _15269_/X
 _15270_/Y
 _15271_/X
 _15272_/X
 _15273_/X
 _15274_/X
 _15275_/X
 _15276_/X
 _15277_/X
 _15278_/Y
 _15279_/Y
 _15280_/Y
 _15281_/X
 _15282_/X
 _15283_/X
 _15284_/X
 _15285_/Y
 _15286_/X
 _15287_/X
 _15288_/X
 _15289_/Y
 _15290_/Y
 _15291_/X
 _15292_/Y
 _15293_/Y
 _15294_/X
 _15295_/X
 _15296_/X
 _15297_/X
 _15298_/Y
 _15299_/Y
 _15300_/X
 _15301_/Y
 _15302_/X
 _15303_/Y
 _15304_/X
 _15305_/X
 _15306_/X
 _15307_/X
 _15308_/X
 _15309_/Y
 _15310_/X
 _15311_/X
 _15312_/X
 _15313_/X
 _15314_/X
 _15315_/X
 _15316_/X
 _15317_/Y
 _15318_/Y
 _15319_/Y
 _15320_/Y
 _15321_/X
 _15322_/Y
 _15323_/X
 _15324_/Y
 _15325_/X
 _15326_/Y
 _15327_/Y
 _15328_/X
 _15329_/X
 _15330_/X
 _15331_/Y
 _15332_/X
 _15333_/Y
 _15334_/Y
 _15335_/X
 _15336_/X
 _15337_/Y
 _15338_/X
 _15339_/X
 _15340_/X
 _15341_/Y
 _15342_/X
 _15343_/X
 _15344_/Y
 _15345_/X
 _15346_/X
 _15347_/Y
 _15348_/X
 _15349_/Y
 _15350_/Y
 _15351_/Y
 _15352_/X
 _15353_/X
 _15354_/X
 _15355_/X
 _15356_/Y
 _15357_/X
 _15358_/X
 _15359_/Y
 _15360_/Y
 _15361_/Y
 _15362_/X
 _15363_/X
 _15364_/Y
 _15365_/Y
 _15366_/X
 _15367_/X
 _15368_/Y
 _15369_/X
 _15370_/X
 _15371_/Y
 _15372_/Y
 _15373_/Y
 _15374_/X
 _15375_/Y
 _15376_/X
 _15377_/Y
 _15378_/X
 _15379_/Y
 _15380_/Y
 _15381_/X
 _15382_/Y
 _15383_/X
 _15384_/X
 _15385_/X
 _15386_/X
 _15387_/X
 _15388_/X
 _15389_/X
 _15390_/Y
 _15391_/Y
 _15392_/Y
 _15393_/X
 _15394_/X
 _15395_/X
 _15396_/Y
 _15397_/X
 _15398_/Y
 _15399_/X
 _15400_/X
 _15401_/Y
 _15402_/X
 _15403_/X
 _15404_/Y
 _15405_/X
 _15406_/X
 _15407_/X
 _15408_/Y
 _15409_/X
 _15410_/Y
 _15411_/X
 _15412_/X
 _15413_/Y
 _15414_/X
 _15415_/X
 _15416_/X
 _15417_/X
 _15418_/X
 _15419_/X
 _15420_/Y
 _15421_/X
 _15422_/Y
 _15423_/Y
 _15424_/Y
 _15425_/X
 _15426_/X
 _15427_/X
 _15428_/Y
 _15429_/Y
 _15430_/X
 _15431_/X
 _15432_/X
 _15433_/Y
 _15434_/X
 _15435_/Y
 _15436_/X
 _15437_/Y
 _15438_/Y
 _15439_/X
 _15440_/Y
 _15441_/X
 _15442_/Y
 _15443_/X
 _15444_/Y
 _15445_/X
 _15446_/X
 _15447_/X
 _15448_/X
 _15449_/X
 _15450_/X
 _15451_/X
 _15452_/X
 _15453_/X
 _15454_/X
 _15455_/X
 _15456_/X
 _15457_/X
 _15458_/X
 _15459_/Y
 _15460_/Y
 _15461_/Y
 _15462_/X
 _15463_/X
 _15464_/Y
 _15465_/X
 _15466_/Y
 _15467_/Y
 _15468_/X
 _15469_/X
 _15470_/X
 _15471_/Y
 _15472_/X
 _15473_/Y
 _15474_/Y
 _15475_/Y
 _15476_/Y
 _15477_/X
 _15478_/Y
 _15479_/Y
 _15480_/Y
 _15481_/X
 _15482_/X
 _15483_/Y
 _15484_/Y
 _15485_/X
 _15486_/X
 _15487_/X
 _15488_/X
 _15489_/X
 _15490_/X
 _15491_/X
 _15492_/X
 _15493_/Y
 _15494_/X
 _15495_/Y
 _15496_/Y
 _15497_/Y
 _15498_/X
 _15499_/X
 _15500_/X
 _15501_/Y
 _15502_/Y
 _15503_/X
 _15504_/X
 _15505_/X
 _15506_/Y
 _15507_/Y
 _15508_/X
 _15509_/X
 _15510_/Y
 _15511_/X
 _15512_/Y
 _15513_/X
 _15514_/Y
 _15515_/X
 _15516_/X
 _15517_/Y
 _15518_/X
 _15519_/X
 _15520_/X
 _15521_/X
 _15522_/X
 _15523_/X
 _15524_/X
 _15525_/X
 _15526_/X
 _15527_/X
 _15528_/Y
 _15529_/Y
 _15530_/Y
 _15531_/Y
 _15532_/X
 _15533_/X
 _15534_/Y
 _15535_/Y
 _15536_/X
 _15537_/X
 _15538_/Y
 _15539_/X
 _15540_/Y
 _15541_/X
 _15542_/Y
 _15543_/X
 _15544_/Y
 _15545_/X
 _15546_/X
 _15547_/Y
 _15548_/X
 _15549_/X
 _15550_/X
 _15551_/X
 _15552_/X
 _15553_/X
 _15554_/X
 _15555_/X
 _15556_/Y
 _15557_/Y
 _15558_/Y
 _15559_/Y
 _15560_/X
 _15561_/X
 _15562_/X
 _15563_/X
 _15564_/Y
 _15565_/X
 _15566_/X
 _15567_/X
 _15568_/Y
 _15569_/X
 _15570_/Y
 _15571_/X
 _15572_/X
 _15573_/X
 _15574_/X
 _15575_/Y
 _15576_/Y
 _15577_/X
 _15578_/X
 _15579_/X
 _15580_/Y
 _15581_/X
 _15582_/X
 _15583_/Y
 _15584_/Y
 _15585_/X
 _15586_/Y
 _15587_/X
 _15588_/X
 _15589_/X
 _15590_/X
 _15591_/X
 _15592_/X
 _15593_/X
 _15594_/X
 _15595_/Y
 _15596_/X
 _15597_/X
 _15598_/X
 _15599_/X
 _15600_/X
 _15601_/X
 _15602_/X
 _15603_/Y
 _15604_/Y
 _15605_/X
 _15606_/Y
 _15607_/X
 _15608_/X
 _15609_/Y
 _15610_/Y
 _15611_/X
 _15612_/X
 _15613_/X
 _15614_/Y
 _15615_/X
 _15616_/Y
 _15617_/X
 _15618_/X
 _15619_/X
 _15620_/X
 _15621_/X
 _15622_/X
 _15623_/X
 _15624_/Y
 _15625_/X
 _15626_/X
 _15627_/Y
 _15628_/X
 _15629_/Y
 _15630_/X
 _15631_/X
 _15632_/X
 _15633_/X
 _15634_/X
 _15635_/X
 _15636_/Y
 _15637_/X
 _15638_/X
 _15639_/X
 _15640_/X
 _15641_/X
 _15642_/X
 _15643_/X
 _15644_/Y
 _15645_/X
 _15646_/Y
 _15647_/X
 _15648_/X
 _15649_/X
 _15650_/X
 _15651_/X
 _15652_/Y
 _15653_/X
 _15654_/X
 _15655_/X
 _15656_/X
 _15657_/X
 _15658_/X
 _15659_/X
 _15660_/Y
 _15661_/X
 _15662_/Y
 _15663_/Y
 _15664_/Y
 _15665_/X
 _15666_/X
 _15667_/X
 _15668_/Y
 _15669_/Y
 _15670_/X
 _15671_/X
 _15672_/X
 _15673_/X
 _15674_/Y
 _15675_/Y
 _15676_/Y
 _15677_/X
 _15678_/Y
 _15679_/X
 _15680_/Y
 _15681_/Y
 _15682_/X
 _15683_/X
 _15684_/Y
 _15685_/X
 _15686_/X
 _15687_/X
 _15688_/X
 _15689_/Y
 _15690_/Y
 _15691_/Y
 _15692_/Y
 _15693_/X
 _15694_/X
 _15695_/X
 _15696_/X
 _15697_/X
 _15698_/Y
 _15699_/Y
 _15700_/Y
 _15701_/Y
 _15702_/Y
 _15703_/X
 _15704_/Y
 _15705_/X
 _15706_/X
 _15707_/X
 _15708_/X
 _15709_/X
 _15710_/Y
 _15711_/X
 _15712_/X
 _15713_/Y
 _15714_/Y
 _15715_/Y
 _15716_/X
 _15717_/X
 _15718_/Y
 _15719_/Y
 _15720_/X
 _15721_/X
 _15722_/Y
 _15723_/X
 _15724_/X
 _15725_/Y
 _15726_/X
 _15727_/X
 _15728_/Y
 _15729_/X
 _15730_/Y
 _15731_/Y
 _15732_/X
 _15733_/X
 _15734_/X
 _15735_/Y
 _15736_/Y
 _15737_/X
 _15738_/Y
 _15739_/X
 _15740_/X
 _15741_/X
 _15742_/X
 _15743_/X
 _15744_/Y
 _15745_/X
 _15746_/X
 _15747_/Y
 _15748_/X
 _15749_/X
 _15750_/Y
 _15751_/X
 _15752_/X
 _15753_/Y
 _15754_/Y
 _15755_/X
 _15756_/X
 _15757_/Y
 _15758_/X
 _15759_/X
 _15760_/Y
 _15761_/X
 _15762_/X
 _15763_/X
 _15764_/Y
 _15765_/Y
 _15766_/X
 _15767_/X
 _15768_/Y
 _15769_/Y
 _15770_/X
 _15771_/X
 _15772_/Y
 _15773_/Y
 _15774_/X
 _15775_/X
 _15776_/X
 _15777_/Y
 _15778_/X
 _15779_/X
 _15780_/X
 _15781_/Y
 _15782_/X
 _15783_/X
 _15784_/Y
 _15785_/X
 _15786_/X
 _15787_/Y
 _15788_/Y
 _15789_/X
 _15790_/Y
 _15791_/X
 _15792_/X
 _15793_/X
 _15794_/Y
 _15795_/X
 _15796_/X
 _15797_/X
 _15798_/Y
 _15799_/X
 _15800_/Y
 _15801_/X
 _15802_/X
 _15803_/X
 _15804_/Y
 _15805_/Y
 _15806_/Y
 _15807_/X
 _15808_/Y
 _15809_/Y
 _15810_/Y
 _15811_/Y
 _15812_/X
 _15813_/X
 _15814_/X
 _15815_/X
 _15816_/Y
 _15817_/X
 _15818_/X
 _15819_/X
 _15820_/Y
 _15821_/X
 _15822_/Y
 _15823_/X
 _15824_/Y
 _15825_/Y
 _15826_/Y
 _15827_/X
 _15828_/Y
 _15829_/X
 _15830_/X
 _15831_/Y
 _15832_/X
 _15833_/Y
 _15834_/X
 _15835_/X
 _15836_/Y
 _15837_/X
 _15838_/X
 _15839_/Y
 _15840_/X
 _15841_/X
 _15842_/X
 _15843_/X
 _15844_/X
 _15845_/Y
 _15846_/Y
 _15847_/X
 _15848_/X
 _15849_/Y
 _15850_/X
 _15851_/X
 _15852_/X
 _15853_/Y
 _15854_/X
 _15855_/Y
 _15856_/X
 _15857_/X
 _15858_/X
 _15859_/X
 _15860_/X
 _15861_/X
 _15862_/Y
 _15863_/Y
 _15864_/X
 _15865_/X
 _15866_/X
 _15867_/Y
 _15868_/X
 _15869_/X
 _15870_/X
 _15871_/X
 _15872_/X
 _15873_/Y
 _15874_/Y
 _15875_/X
 _15876_/Y
 _15877_/X
 _15878_/Y
 _15879_/X
 _15880_/X
 _15881_/X
 _15882_/X
 _15883_/X
 _15884_/X
 _15885_/Y
 _15886_/X
 _15887_/X
 _15888_/X
 _15889_/Y
 _15890_/X
 _15891_/Y
 _15892_/X
 _15893_/Y
 _15894_/Y
 _15895_/X
 _15896_/X
 _15897_/X
 _15898_/X
 _15899_/X
 _15900_/X
 _15901_/X
 _15902_/X
 _15903_/X
 _15904_/X
 _15905_/Y
 _15906_/Y
 _15907_/X
 _15908_/X
 _15909_/X
 _15910_/Y
 _15911_/Y
 _15912_/Y
 _15913_/X
 _15914_/X
 _15915_/X
 _15916_/X
 _15917_/X
 _15918_/Y
 _15919_/Y
 _15920_/Y
 _15921_/Y
 _15922_/X
 _15923_/Y
 _15924_/X
 _15925_/X
 _15926_/X
 _15927_/Y
 _15928_/Y
 _15929_/X
 _15930_/Y
 _15931_/Y
 _15932_/X
 _15933_/X
 _15934_/X
 _15935_/X
 _15936_/X
 _15937_/X
 _15938_/X
 _15939_/Y
 _15940_/X
 _15941_/Y
 _15942_/Y
 _15943_/X
 _15944_/Y
 _15945_/X
 _15946_/X
 _15947_/X
 _15948_/Y
 _15949_/Y
 _15950_/X
 _15951_/X
 _15952_/X
 _15953_/X
 _15954_/Y
 _15955_/Y
 _15956_/X
 _15957_/Y
 _15958_/Y
 _15959_/X
 _15960_/X
 _15961_/Y
 _15962_/Y
 _15963_/Y
 _15964_/X
 _15965_/Y
 _15966_/Y
 _15967_/X
 _15968_/X
 _15969_/X
 _15970_/Y
 _15971_/Y
 _15972_/X
 _15973_/X
 _15974_/X
 _15975_/X
 _15976_/X
 _15977_/X
 _15978_/Y
 _15979_/X
 _15980_/Y
 _15981_/X
 _15982_/Y
 _15983_/X
 _15984_/X
 _15985_/X
 _15986_/Y
 _15987_/X
 _15988_/X
 _15989_/X
 _15990_/Y
 _15991_/Y
 _15992_/X
 _15993_/X
 _15994_/X
 _15995_/X
 _15996_/X
 _15997_/X
 _15998_/Y
 _15999_/X
 _16000_/Y
 _16001_/X
 _16002_/X
 _16003_/X
 _16004_/Y
 _16005_/X
 _16006_/X
 _16007_/X
 _16008_/X
 _16009_/X
 _16010_/Y
 _16011_/Y
 _16012_/Y
 _16013_/X
 _16014_/X
 _16015_/X
 _16016_/X
 _16017_/Y
 _16018_/X
 _16019_/X
 _16020_/Y
 _16021_/Y
 _16022_/X
 _16023_/Y
 _16024_/X
 _16025_/X
 _16026_/X
 _16027_/X
 _16028_/X
 _16029_/Y
 _16030_/X
 _16031_/Y
 _16032_/X
 _16033_/X
 _16034_/X
 _16035_/X
 _16036_/X
 _16037_/X
 _16038_/X
 _16039_/Y
 _16040_/X
 _16041_/X
 _16042_/Y
 _16043_/Y
 _16044_/X
 _16045_/X
 _16046_/Y
 _16047_/Y
 _16048_/Y
 _16049_/Y
 _16050_/Y
 _16051_/Y
 _16052_/X
 _16053_/X
 _16054_/X
 _16055_/X
 _16056_/X
 _16057_/X
 _16058_/X
 _16059_/X
 _16060_/X
 _16061_/X
 _16062_/Y
 _16063_/X
 _16064_/Y
 _16065_/X
 _16066_/X
 _16067_/X
 _16068_/X
 _16069_/X
 _16070_/X
 _16071_/Y
 _16072_/Y
 _16073_/X
 _16074_/X
 _16075_/X
 _16076_/Y
 _16077_/Y
 _16078_/X
 _16079_/X
 _16080_/Y
 _16081_/Y
 _16082_/Y
 _16083_/X
 _16084_/X
 _16085_/X
 _16086_/X
 _16087_/X
 _16088_/Y
 _16089_/Y
 _16090_/Y
 _16091_/Y
 _16092_/X
 _16093_/Y
 _16094_/Y
 _16095_/X
 _16096_/X
 _16097_/Y
 _16098_/X
 _16099_/X
 _16100_/Y
 _16101_/Y
 _16102_/X
 _16103_/X
 _16104_/X
 _16105_/Y
 _16106_/X
 _16107_/X
 _16108_/X
 _16109_/Y
 _16110_/X
 _16111_/X
 _16112_/X
 _16113_/X
 _16114_/X
 _16115_/X
 _16116_/X
 _16117_/Y
 _16118_/Y
 _16119_/Y
 _16120_/Y
 _16121_/X
 _16122_/Y
 _16123_/Y
 _16124_/X
 _16125_/Y
 _16126_/Y
 _16127_/X
 _16128_/Y
 _16129_/X
 _16130_/X
 _16131_/X
 _16132_/X
 _16133_/Y
 _16134_/Y
 _16135_/X
 _16136_/X
 _16137_/X
 _16138_/X
 _16139_/Y
 _16140_/X
 _16141_/X
 _16142_/X
 _16143_/Y
 _16144_/Y
 _16145_/X
 _16146_/X
 _16147_/Y
 _16148_/Y
 _16149_/Y
 _16150_/Y
 _16151_/X
 _16152_/X
 _16153_/X
 _16154_/Y
 _16155_/X
 _16156_/Y
 _16157_/X
 _16158_/Y
 _16159_/X
 _16160_/X
 _16161_/Y
 _16162_/Y
 _16163_/X
 _16164_/Y
 _16165_/Y
 _16166_/X
 _16167_/Y
 _16168_/X
 _16169_/Y
 _16170_/X
 _16171_/X
 _16172_/X
 _16173_/Y
 _16174_/Y
 _16175_/X
 _16176_/X
 _16177_/X
 _16178_/Y
 _16179_/Y
 _16180_/Y
 _16181_/X
 _16182_/Y
 _16183_/Y
 _16184_/X
 _16185_/X
 _16186_/X
 _16187_/Y
 _16188_/X
 _16189_/Y
 _16190_/X
 _16191_/X
 _16192_/X
 _16193_/X
 _16194_/X
 _16195_/X
 _16196_/X
 _16197_/X
 _16198_/Y
 _16199_/Y
 _16200_/Y
 _16201_/X
 _16202_/X
 _16203_/X
 _16204_/X
 _16205_/X
 _16206_/X
 _16207_/Y
 _16208_/X
 _16209_/Y
 _16210_/X
 _16211_/Y
 _16212_/Y
 _16213_/Y
 _16214_/Y
 _16215_/X
 _16216_/Y
 _16217_/X
 _16218_/Y
 _16219_/Y
 _16220_/Y
 _16221_/X
 _16222_/Y
 _16223_/X
 _16224_/X
 _16225_/Y
 _16226_/X
 _16227_/Y
 _16228_/Y
 _16229_/X
 _16230_/X
 _16231_/Y
 _16232_/Y
 _16233_/X
 _16234_/X
 _16235_/Y
 _16236_/X
 _16237_/X
 _16238_/Y
 _16239_/Y
 _16240_/Y
 _16241_/X
 _16242_/Y
 _16243_/Y
 _16244_/X
 _16245_/X
 _16246_/Y
 _16247_/X
 _16248_/Y
 _16249_/X
 _16250_/Y
 _16251_/X
 _16252_/X
 _16253_/X
 _16254_/Y
 _16255_/Y
 _16256_/Y
 _16257_/X
 _16258_/X
 _16259_/X
 _16260_/X
 _16261_/X
 _16262_/X
 _16263_/X
 _16264_/X
 _16265_/X
 _16266_/X
 _16267_/X
 _16268_/X
 _16269_/Y
 _16270_/X
 _16271_/Y
 _16272_/X
 _16273_/X
 _16274_/X
 _16275_/Y
 _16276_/X
 _16277_/X
 _16278_/Y
 _16279_/X
 _16280_/X
 _16281_/X
 _16282_/Y
 _16283_/X
 _16284_/X
 _16285_/X
 _16286_/X
 _16287_/Y
 _16288_/Y
 _16289_/X
 _16290_/Y
 _16291_/Y
 _16292_/X
 _16293_/Y
 _16294_/Y
 _16295_/Y
 _16296_/X
 _16297_/Y
 _16298_/X
 _16299_/Y
 _16300_/X
 _16301_/X
 _16302_/X
 _16303_/Y
 _16304_/X
 _16305_/X
 _16306_/X
 _16307_/Y
 _16308_/X
 _16309_/Y
 _16310_/X
 _16311_/Y
 _16312_/X
 _16313_/X
 _16314_/Y
 _16315_/Y
 _16316_/X
 _16317_/Y
 _16318_/X
 _16319_/X
 _16320_/Y
 _16321_/X
 _16322_/Y
 _16323_/X
 _16324_/X
 _16325_/Y
 _16326_/X
 _16327_/Y
 _16328_/Y
 _16329_/Y
 _16330_/X
 _16331_/Y
 _16332_/Y
 _16333_/X
 _16334_/X
 _16335_/Y
 _16336_/Y
 _16337_/X
 _16338_/Y
 _16339_/Y
 _16340_/X
 _16341_/Y
 _16342_/Y
 _16343_/X
 _16344_/Y
 _16345_/Y
 _16346_/X
 _16347_/Y
 _16348_/X
 _16349_/X
 _16350_/Y
 _16351_/Y
 _16352_/X
 _16353_/Y
 _16354_/Y
 _16355_/Y
 _16356_/X
 _16357_/Y
 _16358_/Y
 _16359_/X
 _16360_/X
 _16361_/Y
 _16362_/Y
 _16363_/Y
 _16364_/Y
 _16365_/Y
 _16366_/X
 _16367_/Y
 _16368_/Y
 _16369_/X
 _16370_/X
 _16371_/Y
 _16372_/Y
 _16373_/Y
 _16374_/X
 _16375_/Y
 _16376_/Y
 _16377_/Y
 _16378_/X
 _16379_/X
 _16380_/X
 _16381_/X
 _16382_/X
 _16383_/X
 _16384_/Y
 _16385_/X
 _16386_/X
 _16387_/X
 _16388_/X
 _16389_/X
 _16390_/X
 _16391_/Y
 _16392_/X
 _16393_/X
 _16394_/X
 _16395_/X
 _16396_/Y
 _16397_/X
 _16398_/X
 _16399_/X
 _16400_/X
 _16401_/X
 _16402_/X
 _16403_/Y
 _16404_/Y
 _16405_/X
 _16406_/X
 _16407_/Y
 _16408_/X
 _16409_/Y
 _16410_/X
 _16411_/X
 _16412_/Y
 _16413_/X
 _16414_/X
 _16415_/Y
 _16416_/Y
 _16417_/Y
 _16418_/X
 _16419_/Y
 _16420_/Y
 _16421_/Y
 _16422_/X
 _16423_/Y
 _16424_/Y
 _16425_/X
 _16426_/Y
 _16427_/X
 _16428_/X
 _16429_/Y
 _16430_/X
 _16431_/Y
 _16432_/X
 _16433_/X
 _16434_/Y
 _16435_/X
 _16436_/X
 _16437_/Y
 _16438_/Y
 _16439_/X
 _16440_/X
 _16441_/Y
 _16442_/Y
 _16443_/Y
 _16444_/X
 _16445_/Y
 _16446_/Y
 _16447_/X
 _16448_/Y
 _16449_/X
 _16450_/X
 _16451_/X
 _16452_/X
 _16453_/X
 _16454_/Y
 _16455_/X
 _16456_/X
 _16457_/X
 _16458_/X
 _16459_/X
 _16460_/X
 _16461_/X
 _16462_/Y
 _16463_/Y
 _16464_/X
 _16465_/X
 _16466_/Y
 _16467_/Y
 _16468_/Y
 _16469_/X
 _16470_/Y
 _16471_/X
 _16472_/X
 _16473_/X
 _16474_/X
 _16475_/X
 _16476_/Y
 _16477_/X
 _16478_/X
 _16479_/X
 _16480_/X
 _16481_/Y
 _16482_/Y
 _16483_/X
 _16484_/Y
 _16485_/X
 _16486_/Y
 _16487_/X
 _16488_/Y
 _16489_/X
 _16490_/Y
 _16491_/X
 _16492_/Y
 _16493_/X
 _16494_/X
 _16495_/Y
 _16496_/Y
 _16497_/X
 _16498_/Y
 _16499_/X
 _16500_/X
 _16501_/X
 _16502_/X
 _16503_/Y
 _16504_/X
 _16505_/X
 _16506_/X
 _16507_/X
 _16508_/Y
 _16509_/X
 _16510_/Y
 _16511_/Y
 _16512_/X
 _16513_/Y
 _16514_/Y
 _16515_/Y
 _16516_/Y
 _16517_/X
 _16518_/Y
 _16519_/X
 _16520_/X
 _16521_/X
 _16522_/X
 _16523_/X
 _16524_/X
 _16525_/X
 _16526_/Y
 _16527_/X
 _16528_/Y
 _16529_/X
 _16530_/X
 _16531_/X
 _16532_/X
 _16533_/Y
 _16534_/X
 _16535_/Y
 _16536_/X
 _16537_/Y
 _16538_/Y
 _16539_/X
 _16540_/X
 _16541_/X
 _16542_/X
 _16543_/Y
 _16544_/X
 _16545_/X
 _16546_/Y
 _16547_/X
 _16548_/Y
 _16549_/X
 _16550_/X
 _16551_/Y
 _16552_/X
 _16553_/X
 _16554_/X
 _16555_/X
 _16556_/X
 _16557_/X
 _16558_/X
 _16559_/Y
 _16560_/X
 _16561_/Y
 _16562_/Y
 _16563_/X
 _16564_/X
 _16565_/X
 _16566_/X
 _16567_/X
 _16568_/X
 _16569_/X
 _16570_/Y
 _16571_/Y
 _16572_/X
 _16573_/Y
 _16574_/X
 _16575_/Y
 _16576_/X
 _16577_/X
 _16578_/X
 _16579_/Y
 _16580_/X
 _16581_/X
 _16582_/X
 _16583_/Y
 _16584_/X
 _16585_/X
 _16586_/X
 _16587_/X
 _16588_/X
 _16589_/Y
 _16590_/Y
 _16591_/X
 _16592_/X
 _16593_/Y
 _16594_/X
 _16595_/Y
 _16596_/X
 _16597_/X
 _16598_/X
 _16599_/X
 _16600_/X
 _16601_/X
 _16602_/X
 _16603_/X
 _16604_/X
 _16605_/Y
 _16606_/X
 _16607_/Y
 _16608_/X
 _16609_/Y
 _16610_/Y
 _16611_/Y
 _16612_/Y
 _16613_/X
 _16614_/X
 _16615_/Y
 _16616_/X
 _16617_/Y
 _16618_/X
 _16619_/Y
 _16620_/Y
 _16621_/X
 _16622_/Y
 _16623_/X
 _16624_/X
 _16625_/X
 _16626_/Y
 _16627_/Y
 _16628_/X
 _16629_/Y
 _16630_/Y
 _16631_/Y
 _16632_/X
 _16633_/X
 _16634_/Y
 _16635_/X
 _16636_/Y
 _16637_/X
 _16638_/Y
 _16639_/Y
 _16640_/X
 _16641_/X
 _16642_/X
 _16643_/Y
 _16644_/Y
 _16645_/X
 _16646_/X
 _16647_/Y
 _16648_/X
 _16649_/Y
 _16650_/X
 _16651_/X
 _16652_/Y
 _16653_/Y
 _16654_/X
 _16655_/X
 _16656_/X
 _16657_/X
 _16658_/X
 _16659_/X
 _16660_/Y
 _16661_/Y
 _16662_/X
 _16663_/Y
 _16664_/Y
 _16665_/X
 _16666_/Y
 _16667_/Y
 _16668_/Y
 _16669_/Y
 _16670_/X
 _16671_/Y
 _16672_/Y
 _16673_/Y
 _16674_/X
 _16675_/Y
 _16676_/X
 _16677_/X
 _16678_/Y
 _16679_/Y
 _16680_/X
 _16681_/Y
 _16682_/X
 _16683_/Y
 _16684_/Y
 _16685_/Y
 _16686_/Y
 _16687_/X
 _16688_/Y
 _16689_/X
 _16690_/Y
 _16691_/X
 _16692_/X
 _16693_/X
 _16694_/X
 _16695_/Y
 _16696_/X
 _16697_/X
 _16698_/X
 _16699_/X
 _16700_/Y
 _16701_/Y
 _16702_/X
 _16703_/X
 _16704_/X
 _16705_/X
 _16706_/Y
 _16707_/X
 _16708_/X
 _16709_/X
 _16710_/X
 _16711_/X
 _16712_/X
 _16713_/Y
 _16714_/Y
 _16715_/X
 _16716_/X
 _16717_/X
 _16718_/X
 _16719_/X
 _16720_/Y
 _16721_/X
 _16722_/X
 _16723_/X
 _16724_/X
 _16725_/X
 _16726_/Y
 _16727_/X
 _16728_/Y
 _16729_/X
 _16730_/Y
 _16731_/X
 _16732_/Y
 _16733_/X
 _16734_/X
 _16735_/X
 _16736_/X
 _16737_/Y
 _16738_/Y
 _16739_/X
 _16740_/Y
 _16741_/Y
 _16742_/Y
 _16743_/Y
 _16744_/Y
 _16745_/X
 _16746_/X
 _16747_/Y
 _16748_/X
 _16749_/Y
 _16750_/X
 _16751_/X
 _16752_/Y
 _16753_/Y
 _16754_/Y
 _16755_/Y
 _16756_/Y
 _16757_/Y
 _16758_/X
 _16759_/Y
 _16760_/X
 _16761_/Y
 _16762_/X
 _16763_/X
 _16764_/Y
 _16765_/X
 _16766_/X
 _16767_/Y
 _16768_/X
 _16769_/X
 _16770_/Y
 _16771_/Y
 _16772_/Y
 _16773_/Y
 _16774_/Y
 _16775_/X
 _16776_/X
 _16777_/Y
 _16778_/X
 _16779_/Y
 _16780_/X
 _16781_/Y
 _16782_/X
 _16783_/Y
 _16784_/X
 _16785_/Y
 _16786_/X
 _16787_/X
 _16788_/X
 _16789_/Y
 _16790_/Y
 _16791_/X
 _16792_/Y
 _16793_/X
 _16794_/Y
 _16795_/X
 _16796_/X
 _16797_/X
 _16798_/X
 _16799_/X
 _16800_/X
 _16801_/X
 _16802_/Y
 _16803_/Y
 _16804_/X
 _16805_/Y
 _16806_/Y
 _16807_/Y
 _16808_/Y
 _16809_/Y
 _16810_/X
 _16811_/X
 _16812_/X
 _16813_/X
 _16814_/X
 _16815_/X
 _16816_/X
 _16817_/Y
 _16818_/Y
 _16819_/X
 _16820_/X
 _16821_/Y
 _16822_/Y
 _16823_/X
 _16824_/Y
 _16825_/Y
 _16826_/Y
 _16827_/Y
 _16828_/X
 _16829_/Y
 _16830_/X
 _16831_/X
 _16832_/X
 _16833_/X
 _16834_/Y
 _16835_/Y
 _16836_/X
 _16837_/Y
 _16838_/Y
 _16839_/Y
 _16840_/Y
 _16841_/X
 _16842_/X
 _16843_/X
 _16844_/Y
 _16845_/X
 _16846_/X
 _16847_/X
 _16848_/X
 _16849_/X
 _16850_/Y
 _16851_/X
 _16852_/Y
 _16853_/Y
 _16854_/Y
 _16855_/X
 _16856_/Y
 _16857_/Y
 _16858_/Y
 _16859_/X
 _16860_/Y
 _16861_/Y
 _16862_/X
 _16863_/X
 _16864_/Y
 _16865_/X
 _16866_/X
 _16867_/Y
 _16868_/X
 _16869_/Y
 _16870_/X
 _16871_/X
 _16872_/Y
 _16873_/X
 _16874_/X
 _16875_/X
 _16876_/X
 _16877_/X
 _16878_/Y
 _16879_/X
 _16880_/X
 _16881_/X
 _16882_/X
 _16883_/X
 _16884_/Y
 _16885_/X
 _16886_/Y
 _16887_/X
 _16888_/Y
 _16889_/X
 _16890_/X
 _16891_/Y
 _16892_/X
 _16893_/Y
 _16894_/Y
 _16895_/X
 _16896_/Y
 _16897_/Y
 _16898_/X
 _16899_/X
 _16900_/X
 _16901_/Y
 _16902_/X
 _16903_/Y
 _16904_/X
 _16905_/X
 _16906_/X
 _16907_/Y
 _16908_/X
 _16909_/X
 _16910_/X
 _16911_/X
 _16912_/Y
 _16913_/X
 _16914_/X
 _16915_/X
 _16916_/Y
 _16917_/X
 _16918_/X
 _16919_/Y
 _16920_/X
 _16921_/Y
 _16922_/Y
 _16923_/X
 _16924_/Y
 _16925_/Y
 _16926_/X
 _16927_/X
 _16928_/X
 _16929_/Y
 _16930_/Y
 _16931_/X
 _16932_/Y
 _16933_/X
 _16934_/X
 _16935_/X
 _16936_/X
 _16937_/Y
 _16938_/Y
 _16939_/Y
 _16940_/Y
 _16941_/X
 _16942_/Y
 _16943_/Y
 _16944_/X
 _16945_/Y
 _16946_/X
 _16947_/Y
 _16948_/X
 _16949_/X
 _16950_/Y
 _16951_/X
 _16952_/X
 _16953_/X
 _16954_/X
 _16955_/Y
 _16956_/Y
 _16957_/Y
 _16958_/Y
 _16959_/X
 _16960_/X
 _16961_/Y
 _16962_/Y
 _16963_/X
 _16964_/X
 _16965_/Y
 _16966_/X
 _16967_/Y
 _16968_/Y
 _16969_/Y
 _16970_/Y
 _16971_/X
 _16972_/Y
 _16973_/X
 _16974_/X
 _16975_/X
 _16976_/Y
 _16977_/Y
 _16978_/X
 _16979_/X
 _16980_/Y
 _16981_/Y
 _16982_/X
 _16983_/Y
 _16984_/X
 _16985_/X
 _16986_/Y
 _16987_/Y
 _16988_/Y
 _16989_/Y
 _16990_/Y
 _16991_/X
 _16992_/Y
 _16993_/X
 _16994_/Y
 _16995_/Y
 _16996_/X
 _16997_/X
 _16998_/X
 _16999_/Y
 _17000_/X
 _17001_/Y
 _17002_/X
 _17003_/X
 _17004_/X
 _17005_/Y
 _17006_/Y
 _17007_/X
 _17008_/Y
 _17009_/Y
 _17010_/Y
 _17011_/X
 _17012_/Y
 _17013_/Y
 _17014_/Y
 _17015_/X
 _17016_/Y
 _17017_/X
 _17018_/X
 _17019_/Y
 _17020_/Y
 _17021_/X
 _17022_/X
 _17023_/X
 _17024_/Y
 _17025_/Y
 _17026_/Y
 _17027_/Y
 _17028_/Y
 _17029_/X
 _17030_/X
 _17031_/X
 _17032_/Y
 _17033_/Y
 _17034_/X
 _17035_/Y
 _17036_/Y
 _17037_/Y
 _17038_/X
 _17039_/X
 _17040_/Y
 _17041_/X
 _17042_/Y
 _17043_/X
 _17044_/Y
 _17045_/Y
 _17046_/X
 _17047_/X
 _17048_/Y
 _17049_/Y
 _17050_/X
 _17051_/Y
 _17052_/Y
 _17053_/X
 _17054_/Y
 _17055_/Y
 _17056_/X
 _17057_/Y
 _17058_/X
 _17059_/Y
 _17060_/X
 _17061_/X
 _17062_/Y
 _17063_/Y
 _17064_/Y
 _17065_/X
 _17066_/Y
 _17067_/Y
 _17068_/Y
 _17069_/Y
 _17070_/X
 _17071_/X
 _17072_/Y
 _17073_/Y
 _17074_/Y
 _17075_/X
 _17076_/Y
 _17077_/X
 _17078_/Y
 _17079_/X
 _17080_/X
 _17081_/Y
 _17082_/X
 _17083_/X
 _17084_/X
 _17085_/Y
 _17086_/Y
 _17087_/Y
 _17088_/X
 _17089_/Y
 _17090_/Y
 _17091_/X
 _17092_/Y
 _17093_/Y
 _17094_/Y
 _17095_/X
 _17096_/Y
 _17097_/X
 _17098_/X
 _17099_/X
 _17100_/Y
 _17101_/Y
 _17102_/X
 _17103_/X
 _17104_/Y
 _17105_/X
 _17106_/X
 _17107_/X
 _17108_/X
 _17109_/Y
 _17110_/Y
 _17111_/X
 _17112_/X
 _17113_/Y
 _17114_/Y
 _17115_/X
 _17116_/Y
 _17117_/Y
 _17118_/X
 _17119_/Y
 _17120_/X
 _17121_/Y
 _17122_/X
 _17123_/Y
 _17124_/Y
 _17125_/X
 _17126_/Y
 _17127_/Y
 _17128_/X
 _17129_/Y
 _17130_/X
 _17131_/Y
 _17132_/X
 _17133_/Y
 _17134_/X
 _17135_/Y
 _17136_/Y
 _17137_/X
 _17138_/X
 _17139_/X
 _17140_/X
 _17141_/Y
 _17142_/Y
 _17143_/X
 _17144_/Y
 _17145_/Y
 _17146_/X
 _17147_/X
 _17148_/X
 _17149_/Y
 _17150_/X
 _17151_/X
 _17152_/Y
 _17153_/X
 _17154_/X
 _17155_/Y
 _17156_/X
 _17157_/Y
 _17158_/X
 _17159_/Y
 _17160_/X
 _17161_/Y
 _17162_/X
 _17163_/X
 _17164_/Y
 _17165_/Y
 _17166_/X
 _17167_/X
 _17168_/X
 _17169_/Y
 _17170_/X
 _17171_/X
 _17172_/X
 _17173_/X
 _17174_/X
 _17175_/Y
 _17176_/Y
 _17177_/X
 _17178_/Y
 _17179_/Y
 _17180_/X
 _17181_/X
 _17182_/X
 _17183_/X
 _17184_/X
 _17185_/Y
 _17186_/X
 _17187_/X
 _17188_/Y
 _17189_/X
 _17190_/Y
 _17191_/X
 _17192_/X
 _17193_/Y
 _17194_/X
 _17195_/X
 _17196_/X
 _17197_/X
 _17198_/Y
 _17199_/Y
 _17200_/X
 _17201_/Y
 _17202_/X
 _17203_/Y
 _17204_/X
 _17205_/X
 _17206_/X
 _17207_/Y
 _17208_/X
 _17209_/Y
 _17210_/X
 _17211_/Y
 _17212_/Y
 _17213_/Y
 _17214_/Y
 _17215_/Y
 _17216_/X
 _17217_/Y
 _17218_/X
 _17219_/X
 _17220_/X
 _17221_/X
 _17222_/X
 _17223_/Y
 _17224_/Y
 _17225_/Y
 _17226_/Y
 _17227_/Y
 _17228_/Y
 _17229_/X
 _17230_/X
 _17231_/Y
 _17232_/X
 _17233_/X
 _17234_/Y
 _17235_/Y
 _17236_/Y
 _17237_/Y
 _17238_/X
 _17239_/Y
 _17240_/Y
 _17241_/X
 _17242_/Y
 _17243_/X
 _17244_/Y
 _17245_/X
 _17246_/Y
 _17247_/X
 _17248_/Y
 _17249_/X
 _17250_/Y
 _17251_/X
 _17252_/Y
 _17253_/X
 _17254_/Y
 _17255_/X
 _17256_/Y
 _17257_/Y
 _17258_/Y
 _17259_/X
 _17260_/X
 _17261_/Y
 _17262_/Y
 _17263_/Y
 _17264_/X
 _17265_/Y
 _17266_/Y
 _17267_/X
 _17268_/Y
 _17269_/X
 _17270_/Y
 _17271_/X
 _17272_/Y
 _17273_/X
 _17274_/X
 _17275_/Y
 _17276_/Y
 _17277_/Y
 _17278_/Y
 _17279_/X
 _17280_/Y
 _17281_/X
 _17282_/Y
 _17283_/Y
 _17284_/Y
 _17285_/Y
 _17286_/X
 _17287_/Y
 _17288_/Y
 _17289_/Y
 _17290_/Y
 _17291_/X
 _17292_/Y
 _17293_/Y
 _17294_/X
 _17295_/Y
 _17296_/Y
 _17297_/X
 _17298_/X
 _17299_/Y
 _17300_/Y
 _17301_/Y
 _17302_/X
 _17303_/X
 _17304_/Y
 _17305_/X
 _17306_/X
 _17307_/X
 _17308_/Y
 _17309_/X
 _17310_/X
 _17311_/Y
 _17312_/Y
 _17313_/X
 _17314_/X
 _17315_/X
 _17316_/X
 _17317_/Y
 _17318_/X
 _17319_/X
 _17320_/Y
 _17321_/Y
 _17322_/Y
 _17323_/X
 _17324_/X
 _17325_/X
 _17326_/Y
 _17327_/X
 _17328_/X
 _17329_/Y
 _17330_/Y
 _17331_/X
 _17332_/X
 _17333_/Y
 _17334_/Y
 _17335_/X
 _17336_/X
 _17337_/Y
 _17338_/Y
 _17339_/Y
 _17340_/X
 _17341_/Y
 _17342_/Y
 _17343_/X
 _17344_/Y
 _17345_/Y
 _17346_/X
 _17347_/X
 _17348_/Y
 _17349_/Y
 _17350_/X
 _17351_/Y
 _17352_/X
 _17353_/Y
 _17354_/Y
 _17355_/Y
 _17356_/Y
 _17357_/X
 _17358_/Y
 _17359_/X
 _17360_/Y
 _17361_/X
 _17362_/X
 _17363_/Y
 _17364_/Y
 _17365_/X
 _17366_/X
 _17367_/X
 _17368_/X
 _17369_/Y
 _17370_/X
 _17371_/X
 _17372_/X
 _17373_/X
 _17374_/X
 _17375_/Y
 _17376_/X
 _17377_/X
 _17378_/X
 _17379_/Y
 _17380_/X
 _17381_/X
 _17382_/Y
 _17383_/X
 _17384_/X
 _17385_/X
 _17386_/X
 _17387_/X
 _17388_/Y
 _17389_/X
 _17390_/Y
 _17391_/X
 _17392_/X
 _17393_/Y
 _17394_/Y
 _17395_/Y
 _17396_/Y
 _17397_/X
 _17398_/Y
 _17399_/X
 _17400_/X
 _17401_/Y
 _17402_/X
 _17403_/Y
 _17404_/Y
 _17405_/Y
 _17406_/Y
 _17407_/X
 _17408_/X
 _17409_/X
 _17410_/X
 _17411_/X
 _17412_/Y
 _17413_/X
 _17414_/X
 _17415_/X
 _17416_/X
 _17417_/X
 _17418_/X
 _17419_/X
 _17420_/X
 _17421_/X
 _17422_/X
 _17423_/X
 _17424_/Y
 _17425_/X
 _17426_/Y
 _17427_/Y
 _17428_/Y
 _17429_/X
 _17430_/Y
 _17431_/X
 _17432_/Y
 _17433_/Y
 _17434_/X
 _17435_/Y
 _17436_/Y
 _17437_/X
 _17438_/Y
 _17439_/Y
 _17440_/X
 _17441_/X
 _17442_/Y
 _17443_/X
 _17444_/Y
 _17445_/X
 _17446_/Y
 _17447_/X
 _17448_/X
 _17449_/Y
 _17450_/Y
 _17451_/X
 _17452_/X
 _17453_/X
 _17454_/X
 _17455_/X
 _17456_/X
 _17457_/Y
 _17458_/Y
 _17459_/X
 _17460_/Y
 _17461_/Y
 _17462_/X
 _17463_/Y
 _17464_/Y
 _17465_/Y
 _17466_/X
 _17467_/Y
 _17468_/Y
 _17469_/Y
 _17470_/X
 _17471_/X
 _17472_/Y
 _17473_/Y
 _17474_/X
 _17475_/X
 _17476_/X
 _17477_/X
 _17478_/Y
 _17479_/X
 _17480_/Y
 _17481_/X
 _17482_/X
 _17483_/X
 _17484_/X
 _17485_/X
 _17486_/Y
 _17487_/X
 _17488_/X
 _17489_/Y
 _17490_/X
 _17491_/X
 _17492_/Y
 _17493_/X
 _17494_/Y
 _17495_/Y
 _17496_/Y
 _17497_/Y
 _17498_/Y
 _17499_/X
 _17500_/Y
 _17501_/Y
 _17502_/Y
 _17503_/Y
 _17504_/X
 _17505_/Y
 _17506_/Y
 _17507_/X
 _17508_/X
 _17509_/X
 _17510_/X
 _17511_/X
 _17512_/Y
 _17513_/X
 _17514_/X
 _17515_/X
 _17516_/Y
 _17517_/X
 _17518_/X
 _17519_/X
 _17520_/Y
 _17521_/X
 _17522_/X
 _17523_/Y
 _17524_/Y
 _17525_/X
 _17526_/X
 _17527_/X
 _17528_/Y
 _17529_/X
 _17530_/X
 _17531_/X
 _17532_/Y
 _17533_/X
 _17534_/X
 _17535_/Y
 _17536_/X
 _17537_/Y
 _17538_/X
 _17539_/Y
 _17540_/Y
 _17541_/X
 _17542_/X
 _17543_/Y
 _17544_/X
 _17545_/X
 _17546_/Y
 _17547_/Y
 _17548_/X
 _17549_/Y
 _17550_/X
 _17551_/X
 _17552_/Y
 _17553_/Y
 _17554_/X
 _17555_/Y
 _17556_/Y
 _17557_/Y
 _17558_/X
 _17559_/X
 _17560_/Y
 _17561_/Y
 _17562_/Y
 _17563_/Y
 _17564_/X
 _17565_/X
 _17566_/X
 _17567_/Y
 _17568_/X
 _17569_/X
 _17570_/X
 _17571_/X
 _17572_/X
 _17573_/X
 _17574_/Y
 _17575_/Y
 _17576_/Y
 _17577_/Y
 _17578_/X
 _17579_/Y
 _17580_/X
 _17581_/X
 _17582_/Y
 _17583_/X
 _17584_/X
 _17585_/X
 _17586_/X
 _17587_/X
 _17588_/Y
 _17589_/X
 _17590_/X
 _17591_/X
 _17592_/Y
 _17593_/X
 _17594_/X
 _17595_/X
 _17596_/Y
 _17597_/X
 _17598_/X
 _17599_/X
 _17600_/Y
 _17601_/Y
 _17602_/X
 _17603_/X
 _17604_/Y
 _17605_/Y
 _17606_/Y
 _17607_/Y
 _17608_/X
 _17609_/X
 _17610_/X
 _17611_/X
 _17612_/X
 _17613_/X
 _17614_/X
 _17615_/X
 _17616_/Y
 _17617_/Y
 _17618_/X
 _17619_/X
 _17620_/X
 _17621_/X
 _17622_/X
 _17623_/X
 _17624_/Y
 _17625_/X
 _17626_/X
 _17627_/Y
 _17628_/X
 _17629_/Y
 _17630_/Y
 _17631_/X
 _17632_/Y
 _17633_/X
 _17634_/X
 _17635_/X
 _17636_/X
 _17637_/Y
 _17638_/Y
 _17639_/Y
 _17640_/Y
 _17641_/X
 _17642_/Y
 _17643_/Y
 _17644_/Y
 _17645_/Y
 _17646_/X
 _17647_/Y
 _17648_/Y
 _17649_/Y
 _17650_/X
 _17651_/X
 _17652_/Y
 _17653_/Y
 _17654_/Y
 _17655_/X
 _17656_/X
 _17657_/Y
 _17658_/X
 _17659_/X
 _17660_/X
 _17661_/X
 _17662_/X
 _17663_/X
 _17664_/X
 _17665_/Y
 _17666_/X
 _17667_/X
 _17668_/X
 _17669_/X
 _17670_/Y
 _17671_/X
 _17672_/X
 _17673_/Y
 _17674_/X
 _17675_/X
 _17676_/Y
 _17677_/Y
 _17678_/Y
 _17679_/Y
 _17680_/Y
 _17681_/X
 _17682_/Y
 _17683_/Y
 _17684_/X
 _17685_/Y
 _17686_/X
 _17687_/Y
 _17688_/X
 _17689_/Y
 _17690_/Y
 _17691_/X
 _17692_/Y
 _17693_/X
 _17694_/X
 _17695_/Y
 _17696_/X
 _17697_/X
 _17698_/Y
 _17699_/Y
 _17700_/Y
 _17701_/Y
 _17702_/X
 _17703_/Y
 _17704_/Y
 _17705_/X
 _17706_/X
 _17707_/Y
 _17708_/X
 _17709_/X
 _17710_/Y
 _17711_/Y
 _17712_/X
 _17713_/X
 _17714_/X
 _17715_/Y
 _17716_/X
 _17717_/X
 _17718_/X
 _17719_/Y
 _17720_/X
 _17721_/Y
 _17722_/Y
 _17723_/X
 _17724_/X
 _17725_/Y
 _17726_/X
 _17727_/X
 _17728_/X
 _17729_/Y
 _17730_/X
 _17731_/Y
 _17732_/Y
 _17733_/Y
 _17734_/Y
 _17735_/X
 _17736_/Y
 _17737_/X
 _17738_/Y
 _17739_/Y
 _17740_/X
 _17741_/X
 _17742_/X
 _17743_/X
 _17744_/X
 _17745_/Y
 _17746_/X
 _17747_/Y
 _17748_/Y
 _17749_/Y
 _17750_/Y
 _17751_/Y
 _17752_/Y
 _17753_/X
 _17754_/Y
 _17755_/X
 _17756_/Y
 _17757_/Y
 _17758_/Y
 _17759_/X
 _17760_/X
 _17761_/X
 _17762_/X
 _17763_/X
 _17764_/Y
 _17765_/X
 _17766_/X
 _17767_/X
 _17768_/X
 _17769_/X
 _17770_/X
 _17771_/X
 _17772_/X
 _17773_/Y
 _17774_/X
 _17775_/X
 _17776_/X
 _17777_/Y
 _17778_/X
 _17779_/Y
 _17780_/X
 _17781_/Y
 _17782_/X
 _17783_/X
 _17784_/Y
 _17785_/X
 _17786_/X
 _17787_/X
 _17788_/X
 _17789_/X
 _17790_/X
 _17791_/X
 _17792_/X
 _17793_/X
 _17794_/X
 _17795_/Y
 _17796_/Y
 _17797_/X
 _17798_/Y
 _17799_/Y
 _17800_/Y
 _17801_/Y
 _17802_/Y
 _17803_/X
 _17804_/Y
 _17805_/Y
 _17806_/X
 _17807_/X
 _17808_/Y
 _17809_/Y
 _17810_/X
 _17811_/X
 _17812_/X
 _17813_/X
 _17814_/X
 _17815_/X
 _17816_/X
 _17817_/X
 _17818_/X
 _17819_/X
 _17820_/Y
 _17821_/Y
 _17822_/X
 _17823_/Y
 _17824_/X
 _17825_/X
 _17826_/Y
 _17827_/X
 _17828_/Y
 _17829_/X
 _17830_/Y
 _17831_/Y
 _17832_/Y
 _17833_/X
 _17834_/Y
 _17835_/Y
 _17836_/Y
 _17837_/Y
 _17838_/X
 _17839_/Y
 _17840_/X
 _17841_/Y
 _17842_/X
 _17843_/Y
 _17844_/Y
 _17845_/X
 _17846_/X
 _17847_/Y
 _17848_/Y
 _17849_/X
 _17850_/Y
 _17851_/X
 _17852_/Y
 _17853_/X
 _17854_/X
 _17855_/Y
 _17856_/Y
 _17857_/X
 _17858_/Y
 _17859_/X
 _17860_/Y
 _17861_/X
 _17862_/X
 _17863_/X
 _17864_/X
 _17865_/X
 _17866_/X
 _17867_/X
 _17868_/Y
 _17869_/X
 _17870_/Y
 _17871_/X
 _17872_/Y
 _17873_/X
 _17874_/Y
 _17875_/X
 _17876_/Y
 _17877_/X
 _17878_/Y
 _17879_/X
 _17880_/Y
 _17881_/X
 _17882_/Y
 _17883_/Y
 _17884_/X
 _17885_/X
 _17886_/Y
 _17887_/X
 _17888_/X
 _17889_/X
 _17890_/X
 _17891_/X
 _17892_/X
 _17893_/X
 _17894_/X
 _17895_/Y
 _17896_/Y
 _17897_/X
 _17898_/Y
 _17899_/X
 _17900_/Y
 _17901_/Y
 _17902_/X
 _17903_/Y
 _17904_/Y
 _17905_/X
 _17906_/X
 _17907_/X
 _17908_/X
 _17909_/X
 _17910_/X
 _17911_/X
 _17912_/X
 _17913_/Y
 _17914_/Y
 _17915_/X
 _17916_/X
 _17917_/Y
 _17918_/X
 _17919_/Y
 _17920_/X
 _17921_/Y
 _17922_/Y
 _17923_/X
 _17924_/Y
 _17925_/Y
 _17926_/X
 _17927_/Y
 _17928_/Y
 _17929_/Y
 _17930_/X
 _17931_/Y
 _17932_/Y
 _17933_/X
 _17934_/Y
 _17935_/X
 _17936_/X
 _17937_/X
 _17938_/Y
 _17939_/Y
 _17940_/X
 _17941_/Y
 _17942_/X
 _17943_/X
 _17944_/Y
 _17945_/Y
 _17946_/X
 _17947_/Y
 _17948_/Y
 _17949_/X
 _17950_/Y
 _17951_/Y
 _17952_/X
 _17953_/Y
 _17954_/X
 _17955_/X
 _17956_/Y
 _17957_/X
 _17958_/X
 _17959_/X
 _17960_/X
 _17961_/X
 _17962_/X
 _17963_/X
 _17964_/X
 _17965_/X
 _17966_/X
 _17967_/X
 _17968_/X
 _17969_/Y
 _17970_/X
 _17971_/X
 _17972_/Y
 _17973_/X
 _17974_/X
 _17975_/X
 _17976_/X
 _17977_/X
 _17978_/Y
 _17979_/Y
 _17980_/X
 _17981_/X
 _17982_/X
 _17983_/Y
 _17984_/Y
 _17985_/X
 _17986_/Y
 _17987_/X
 _17988_/X
 _17989_/X
 _17990_/X
 _17991_/Y
 _17992_/X
 _17993_/Y
 _17994_/Y
 _17995_/Y
 _17996_/X
 _17997_/Y
 _17998_/X
 _17999_/Y
 _18000_/X
 _18001_/X
 _18002_/Y
 _18003_/Y
 _18004_/X
 _18005_/X
 _18006_/Y
 _18007_/X
 _18008_/Y
 _18009_/Y
 _18010_/Y
 _18011_/X
 _18012_/X
 _18013_/X
 _18014_/X
 _18015_/Y
 _18016_/Y
 _18017_/Y
 _18018_/X
 _18019_/Y
 _18020_/Y
 _18021_/X
 _18022_/Y
 _18023_/Y
 _18024_/X
 _18025_/Y
 _18026_/Y
 _18027_/X
 _18028_/Y
 _18029_/X
 _18030_/X
 _18031_/X
 _18032_/Y
 _18033_/Y
 _18034_/X
 _18035_/X
 _18036_/Y
 _18037_/X
 _18038_/Y
 _18039_/X
 _18040_/Y
 _18041_/X
 _18042_/Y
 _18043_/X
 _18044_/Y
 _18045_/X
 _18046_/Y
 _18047_/Y
 _18048_/X
 _18049_/Y
 _18050_/Y
 _18051_/X
 _18052_/Y
 _18053_/Y
 _18054_/X
 _18055_/Y
 _18056_/X
 _18057_/X
 _18058_/Y
 _18059_/Y
 _18060_/Y
 _18061_/X
 _18062_/Y
 _18063_/Y
 _18064_/Y
 _18065_/Y
 _18066_/Y
 _18067_/X
 _18068_/X
 _18069_/Y
 _18070_/Y
 _18071_/X
 _18072_/X
 _18073_/X
 _18074_/X
 _18075_/Y
 _18076_/X
 _18077_/Y
 _18078_/X
 _18079_/X
 _18080_/X
 _18081_/X
 _18082_/Y
 _18083_/Y
 _18084_/X
 _18085_/Y
 _18086_/X
 _18087_/X
 _18088_/X
 _18089_/Y
 _18090_/Y
 _18091_/X
 _18092_/X
 _18093_/Y
 _18094_/Y
 _18095_/Y
 _18096_/Y
 _18097_/X
 _18098_/Y
 _18099_/Y
 _18100_/Y
 _18101_/Y
 _18102_/X
 _18103_/Y
 _18104_/X
 _18105_/Y
 _18106_/X
 _18107_/Y
 _18108_/Y
 _18109_/Y
 _18110_/Y
 _18111_/X
 _18112_/X
 _18113_/X
 _18114_/Y
 _18115_/Y
 _18116_/X
 _18117_/X
 _18118_/Y
 _18119_/Y
 _18120_/X
 _18121_/Y
 _18122_/X
 _18123_/Y
 _18124_/Y
 _18125_/Y
 _18126_/Y
 _18127_/Y
 _18128_/X
 _18129_/Y
 _18130_/Y
 _18131_/X
 _18132_/X
 _18133_/X
 _18134_/X
 _18135_/X
 _18136_/X
 _18137_/X
 _18138_/X
 _18139_/X
 _18140_/X
 _18141_/X
 _18142_/Y
 _18143_/X
 _18144_/X
 _18145_/X
 _18146_/X
 _18147_/X
 _18148_/Y
 _18149_/Y
 _18150_/Y
 _18151_/Y
 _18152_/Y
 _18153_/Y
 _18154_/X
 _18155_/X
 _18156_/X
 _18157_/Y
 _18158_/X
 _18159_/Y
 _18160_/X
 _18161_/X
 _18162_/Y
 _18163_/X
 _18164_/Y
 _18165_/X
 _18166_/X
 _18167_/X
 _18168_/X
 _18169_/Y
 _18170_/Y
 _18171_/X
 _18172_/X
 _18173_/X
 _18174_/X
 _18175_/X
 _18176_/X
 _18177_/Y
 _18178_/Y
 _18179_/Y
 _18180_/Y
 _18181_/X
 _18182_/Y
 _18183_/X
 _18184_/Y
 _18185_/Y
 _18186_/X
 _18187_/Y
 _18188_/Y
 _18189_/X
 _18190_/X
 _18191_/Y
 _18192_/Y
 _18193_/Y
 _18194_/X
 _18195_/X
 _18196_/X
 _18197_/Y
 _18198_/Y
 _18199_/X
 _18200_/X
 _18201_/X
 _18202_/Y
 _18203_/Y
 _18204_/Y
 _18205_/Y
 _18206_/Y
 _18207_/X
 _18208_/X
 _18209_/X
 _18210_/Y
 _18211_/X
 _18212_/Y
 _18213_/X
 _18214_/Y
 _18215_/Y
 _18216_/X
 _18217_/Y
 _18218_/X
 _18219_/Y
 _18220_/Y
 _18221_/Y
 _18222_/X
 _18223_/X
 _18224_/X
 _18225_/X
 _18226_/X
 _18227_/X
 _18228_/X
 _18229_/Y
 _18230_/Y
 _18231_/X
 _18232_/X
 _18233_/Y
 _18234_/X
 _18235_/X
 _18236_/Y
 _18237_/X
 _18238_/X
 _18239_/Y
 _18240_/X
 _18241_/Y
 _18242_/Y
 _18243_/Y
 _18244_/Y
 _18245_/X
 _18246_/X
 _18247_/X
 _18248_/X
 _18249_/X
 _18250_/Y
 _18251_/X
 _18252_/X
 _18253_/X
 _18254_/X
 _18255_/X
 _18256_/X
 _18257_/Y
 _18258_/Y
 _18259_/Y
 _18260_/Y
 _18261_/Y
 _18262_/Y
 _18263_/X
 _18264_/Y
 _18265_/Y
 _18266_/X
 _18267_/Y
 _18268_/Y
 _18269_/Y
 _18270_/X
 _18271_/Y
 _18272_/Y
 _18273_/Y
 _18274_/X
 _18275_/Y
 _18276_/Y
 _18277_/Y
 _18278_/Y
 _18279_/Y
 _18280_/X
 _18281_/X
 _18282_/X
 _18283_/Y
 _18284_/X
 _18285_/X
 _18286_/X
 _18287_/Y
 _18288_/X
 _18289_/Y
 _18290_/Y
 _18291_/Y
 _18292_/X
 _18293_/Y
 _18294_/Y
 _18295_/X
 _18296_/Y
 _18297_/Y
 _18298_/X
 _18299_/X
 _18300_/X
 _18301_/X
 _18302_/X
 _18303_/X
 _18304_/X
 _18305_/X
 _18306_/X
 _18307_/X
 _18308_/X
 _18309_/Y
 _18310_/X
 _18311_/X
 _18312_/Y
 _18313_/X
 _18314_/X
 _18315_/Y
 _18316_/Y
 _18317_/Y
 _18318_/Y
 _18319_/Y
 _18320_/Y
 _18321_/X
 _18322_/X
 _18323_/Y
 _18324_/X
 _18325_/X
 _18326_/Y
 _18327_/X
 _18328_/Y
 _18329_/X
 _18330_/X
 _18331_/Y
 _18332_/Y
 _18333_/X
 _18334_/Y
 _18335_/X
 _18336_/Y
 _18337_/X
 _18338_/Y
 _18339_/Y
 _18340_/Y
 _18341_/X
 _18342_/X
 _18343_/Y
 _18344_/X
 _18345_/X
 _18346_/Y
 _18347_/X
 _18348_/Y
 _18349_/X
 _18350_/X
 _18351_/X
 _18352_/Y
 _18353_/X
 _18354_/Y
 _18355_/X
 _18356_/X
 _18357_/Y
 _18358_/Y
 _18359_/X
 _18360_/Y
 _18361_/Y
 _18362_/X
 _18363_/Y
 _18364_/Y
 _18365_/X
 _18366_/Y
 _18367_/Y
 _18368_/X
 _18369_/X
 _18370_/Y
 _18371_/X
 _18372_/X
 _18373_/Y
 _18374_/Y
 _18375_/Y
 _18376_/Y
 _18377_/X
 _18378_/Y
 _18379_/Y
 _18380_/Y
 _18381_/Y
 _18382_/Y
 _18383_/X
 _18384_/X
 _18385_/Y
 _18386_/X
 _18387_/X
 _18388_/X
 _18389_/X
 _18390_/X
 _18391_/Y
 _18392_/Y
 _18393_/X
 _18394_/Y
 _18395_/Y
 _18396_/X
 _18397_/X
 _18398_/X
 _18399_/X
 _18400_/X
 _18401_/X
 _18402_/X
 _18403_/X
 _18404_/Y
 _18405_/X
 _18406_/X
 _18407_/Y
 _18408_/X
 _18409_/Y
 _18410_/Y
 _18411_/X
 _18412_/X
 _18413_/X
 _18414_/Y
 _18415_/Y
 _18416_/Y
 _18417_/X
 _18418_/Y
 _18419_/Y
 _18420_/X
 _18421_/X
 _18422_/Y
 _18423_/Y
 _18424_/X
 _18425_/Y
 _18426_/X
 _18427_/X
 _18428_/Y
 _18429_/Y
 _18430_/Y
 _18431_/X
 _18432_/X
 _18433_/Y
 _18434_/X
 _18435_/Y
 _18436_/X
 _18437_/X
 _18438_/Y
 _18439_/X
 _18440_/Y
 _18441_/Y
 _18442_/Y
 _18443_/X
 _18444_/X
 _18445_/X
 _18446_/Y
 _18447_/X
 _18448_/Y
 _18449_/Y
 _18450_/X
 _18451_/X
 _18452_/X
 _18453_/Y
 _18454_/Y
 _18455_/Y
 _18456_/Y
 _18457_/Y
 _18458_/Y
 _18459_/X
 _18460_/Y
 _18461_/X
 _18462_/Y
 _18463_/Y
 _18464_/Y
 _18465_/X
 _18466_/Y
 _18467_/X
 _18468_/Y
 _18469_/X
 _18470_/Y
 _18471_/Y
 _18472_/X
 _18473_/Y
 _18474_/X
 _18475_/Y
 _18476_/X
 _18477_/X
 _18478_/X
 _18479_/X
 _18480_/X
 _18481_/X
 _18482_/Y
 _18483_/Y
 _18484_/X
 _18485_/Y
 _18486_/X
 _18487_/X
 _18488_/X
 _18489_/Y
 _18490_/X
 _18491_/X
 _18492_/X
 _18493_/X
 _18494_/Y
 _18495_/X
 _18496_/Y
 _18497_/Y
 _18498_/X
 _18499_/Y
 _18500_/X
 _18501_/X
 _18502_/X
 _18503_/Y
 _18504_/X
 _18505_/Y
 _18506_/Y
 _18507_/X
 _18508_/Y
 _18509_/Y
 _18510_/X
 _18511_/Y
 _18512_/Y
 _18513_/X
 _18514_/X
 _18515_/X
 _18516_/X
 _18517_/X
 _18518_/Y
 _18519_/X
 _18520_/Y
 _18521_/Y
 _18522_/Y
 _18523_/X
 _18524_/X
 _18525_/X
 _18526_/X
 _18527_/X
 _18528_/X
 _18529_/X
 _18530_/X
 _18531_/X
 _18532_/Y
 _18533_/X
 _18534_/Y
 _18535_/X
 _18536_/Y
 _18537_/Y
 _18538_/X
 _18539_/Y
 _18540_/Y
 _18541_/Y
 _18542_/Y
 _18543_/X
 _18544_/Y
 _18545_/X
 _18546_/X
 _18547_/Y
 _18548_/Y
 _18549_/X
 _18550_/X
 _18551_/Y
 _18552_/X
 _18553_/Y
 _18554_/X
 _18555_/Y
 _18556_/X
 _18557_/Y
 _18558_/X
 _18559_/X
 _18560_/Y
 _18561_/X
 _18562_/X
 _18563_/X
 _18564_/Y
 _18565_/X
 _18566_/Y
 _18567_/X
 _18568_/Y
 _18569_/Y
 _18570_/X
 _18571_/X
 _18572_/Y
 _18573_/X
 _18574_/Y
 _18575_/Y
 _18576_/X
 _18577_/X
 _18578_/X
 _18579_/X
 _18580_/X
 _18581_/Y
 _18582_/X
 _18583_/X
 _18584_/Y
 _18585_/Y
 _18586_/X
 _18587_/X
 _18588_/Y
 _18589_/Y
 _18590_/Y
 _18591_/Y
 _18592_/X
 _18593_/Y
 _18594_/X
 _18595_/Y
 _18596_/X
 _18597_/Y
 _18598_/Y
 _18599_/X
 _18600_/Y
 _18601_/X
 _18602_/X
 _18603_/Y
 _18604_/Y
 _18605_/X
 _18606_/X
 _18607_/Y
 _18608_/X
 _18609_/X
 _18610_/X
 _18611_/Y
 _18612_/X
 _18613_/X
 _18614_/Y
 _18615_/Y
 _18616_/X
 _18617_/Y
 _18618_/Y
 _18619_/X
 _18620_/Y
 _18621_/X
 _18622_/X
 _18623_/X
 _18624_/X
 _18625_/X
 _18626_/X
 _18627_/X
 _18628_/X
 _18629_/Y
 _18630_/Y
 _18631_/Y
 _18632_/Y
 _18633_/X
 _18634_/Y
 _18635_/X
 _18636_/Y
 _18637_/X
 _18638_/X
 _18639_/Y
 _18640_/Y
 _18641_/Y
 _18642_/Y
 _18643_/X
 _18644_/Y
 _18645_/Y
 _18646_/Y
 _18647_/X
 _18648_/X
 _18649_/X
 _18650_/X
 _18651_/Y
 _18652_/X
 _18653_/Y
 _18654_/Y
 _18655_/Y
 _18656_/Y
 _18657_/Y
 _18658_/Y
 _18659_/X
 _18660_/Y
 _18661_/X
 _18662_/X
 _18663_/X
 _18664_/X
 _18665_/Y
 _18666_/Y
 _18667_/X
 _18668_/Y
 _18669_/X
 _18670_/X
 _18671_/Y
 _18672_/Y
 _18673_/X
 _18674_/Y
 _18675_/Y
 _18676_/Y
 _18677_/Y
 _18678_/X
 _18679_/X
 _18680_/X
 _18681_/X
 _18682_/Y
 _18683_/X
 _18684_/Y
 _18685_/Y
 _18686_/Y
 _18687_/X
 _18688_/X
 _18689_/Y
 _18690_/Y
 _18691_/X
 _18692_/Y
 _18693_/X
 _18694_/Y
 _18695_/Y
 _18696_/X
 _18697_/X
 _18698_/Y
 _18699_/Y
 _18700_/X
 _18701_/X
 _18702_/Y
 _18703_/Y
 _18704_/X
 _18705_/Y
 _18706_/X
 _18707_/X
 _18708_/Y
 _18709_/X
 _18710_/X
 _18711_/Y
 _18712_/X
 _18713_/X
 _18714_/Y
 _18715_/Y
 _18716_/X
 _18717_/X
 _18718_/X
 _18719_/X
 _18720_/X
 _18721_/X
 _18722_/Y
 _18723_/X
 _18724_/X
 _18725_/X
 _18726_/X
 _18727_/X
 _18728_/X
 _18729_/Y
 _18730_/Y
 _18731_/Y
 _18732_/X
 _18733_/Y
 _18734_/Y
 _18735_/Y
 _18736_/Y
 _18737_/Y
 _18738_/X
 _18739_/Y
 _18740_/Y
 _18741_/Y
 _18742_/Y
 _18743_/Y
 _18744_/X
 _18745_/Y
 _18746_/X
 _18747_/X
 _18748_/Y
 _18749_/Y
 _18750_/X
 _18751_/Y
 _18752_/X
 _18753_/Y
 _18754_/X
 _18755_/Y
 _18756_/Y
 _18757_/X
 _18758_/X
 _18759_/X
 _18760_/X
 _18761_/X
 _18762_/X
 _18763_/Y
 _18764_/Y
 _18765_/Y
 _18766_/Y
 _18767_/X
 _18768_/Y
 _18769_/Y
 _18770_/Y
 _18771_/X
 _18772_/X
 _18773_/X
 _18774_/Y
 _18775_/Y
 _18776_/X
 _18777_/X
 _18778_/Y
 _18779_/X
 _18780_/X
 _18781_/Y
 _18782_/Y
 _18783_/X
 _18784_/X
 _18785_/Y
 _18786_/Y
 _18787_/X
 _18788_/X
 _18789_/X
 _18790_/X
 _18791_/Y
 _18792_/X
 _18793_/Y
 _18794_/Y
 _18795_/Y
 _18796_/X
 _18797_/Y
 _18798_/Y
 _18799_/Y
 _18800_/X
 _18801_/Y
 _18802_/X
 _18803_/Y
 _18804_/Y
 _18805_/Y
 _18806_/X
 _18807_/X
 _18808_/Y
 _18809_/X
 _18810_/X
 _18811_/Y
 _18812_/X
 _18813_/Y
 _18814_/X
 _18815_/X
 _18816_/Y
 _18817_/Y
 _18818_/X
 _18819_/Y
 _18820_/Y
 _18821_/X
 _18822_/Y
 _18823_/X
 _18824_/Y
 _18825_/X
 _18826_/Y
 _18827_/X
 _18828_/Y
 _18829_/X
 _18830_/Y
 _18831_/Y
 _18832_/X
 _18833_/X
 _18834_/X
 _18835_/X
 _18836_/Y
 _18837_/X
 _18838_/X
 _18839_/Y
 _18840_/Y
 _18841_/Y
 _18842_/Y
 _18843_/X
 _18844_/X
 _18845_/Y
 _18846_/X
 _18847_/X
 _18848_/X
 _18849_/Y
 _18850_/X
 _18851_/X
 _18852_/Y
 _18853_/X
 _18854_/Y
 _18855_/Y
 _18856_/Y
 _18857_/X
 _18858_/Y
 _18859_/Y
 _18860_/Y
 _18861_/Y
 _18862_/Y
 _18863_/Y
 _18864_/X
 _18865_/Y
 _18866_/Y
 _18867_/X
 _18868_/Y
 _18869_/X
 _18870_/Y
 _18871_/Y
 _18872_/Y
 _18873_/X
 _18874_/X
 _18875_/X
 _18876_/X
 _18877_/X
 _18878_/Y
 _18879_/Y
 _18880_/Y
 _18881_/X
 _18882_/Y
 _18883_/Y
 _18884_/X
 _18885_/X
 _18886_/Y
 _18887_/Y
 _18888_/X
 _18889_/Y
 _18890_/X
 _18891_/Y
 _18892_/Y
 _18893_/Y
 _18894_/X
 _18895_/X
 _18896_/Y
 _18897_/X
 _18898_/Y
 _18899_/X
 _18900_/X
 _18901_/X
 _18902_/X
 _18903_/X
 _18904_/Y
 _18905_/Y
 _18906_/X
 _18907_/X
 _18908_/X
 _18909_/X
 _18910_/X
 _18911_/X
 _18912_/X
 _18913_/X
 _18914_/Y
 _18915_/Y
 _18916_/Y
 _18917_/Y
 _18918_/Y
 _18919_/Y
 _18920_/X
 _18921_/X
 _18922_/Y
 _18923_/X
 _18924_/X
 _18925_/Y
 _18926_/X
 _18927_/Y
 _18928_/Y
 _18929_/X
 _18930_/X
 _18931_/Y
 _18932_/X
 _18933_/X
 _18934_/X
 _18935_/X
 _18936_/Y
 _18937_/X
 _18938_/Y
 _18939_/X
 _18940_/Y
 _18941_/Y
 _18942_/X
 _18943_/Y
 _18944_/Y
 _18945_/Y
 _18946_/X
 _18947_/Y
 _18948_/X
 _18949_/Y
 _18950_/X
 _18951_/Y
 _18952_/X
 _18953_/Y
 _18954_/X
 _18955_/Y
 _18956_/Y
 _18957_/X
 _18958_/X
 _18959_/X
 _18960_/Y
 _18961_/X
 _18962_/X
 _18963_/Y
 _18964_/X
 _18965_/X
 _18966_/Y
 _18967_/X
 _18968_/Y
 _18969_/Y
 _18970_/Y
 _18971_/X
 _18972_/Y
 _18973_/X
 _18974_/Y
 _18975_/X
 _18976_/X
 _18977_/Y
 _18978_/X
 _18979_/X
 _18980_/Y
 _18981_/X
 _18982_/X
 _18983_/X
 _18984_/Y
 _18985_/X
 _18986_/Y
 _18987_/X
 _18988_/Y
 _18989_/Y
 _18990_/Y
 _18991_/X
 _18992_/Y
 _18993_/Y
 _18994_/Y
 _18995_/Y
 _18996_/X
 _18997_/Y
 _18998_/X
 _18999_/Y
 _19000_/Y
 _19001_/X
 _19002_/Y
 _19003_/Y
 _19004_/X
 _19005_/Y
 _19006_/X
 _19007_/Y
 _19008_/Y
 _19009_/X
 _19010_/X
 _19011_/X
 _19012_/X
 _19013_/Y
 _19014_/Y
 _19015_/Y
 _19016_/X
 _19017_/Y
 _19018_/X
 _19019_/X
 _19020_/Y
 _19021_/Y
 _19022_/X
 _19023_/X
 _19024_/Y
 _19025_/X
 _19026_/Y
 _19027_/X
 _19028_/X
 _19029_/Y
 _19030_/X
 _19031_/X
 _19032_/X
 _19033_/X
 _19034_/X
 _19035_/X
 _19036_/X
 _19037_/Y
 _19038_/X
 _19039_/Y
 _19040_/X
 _19041_/X
 _19042_/X
 _19043_/Y
 _19044_/Y
 _19045_/X
 _19046_/Y
 _19047_/X
 _19048_/Y
 _19049_/Y
 _19050_/X
 _19051_/X
 _19052_/Y
 _19053_/Y
 _19054_/X
 _19055_/Y
 _19056_/Y
 _19057_/X
 _19058_/X
 _19059_/X
 _19060_/X
 _19061_/X
 _19062_/X
 _19063_/X
 _19064_/Y
 _19065_/X
 _19066_/Y
 _19067_/Y
 _19068_/X
 _19069_/Y
 _19070_/X
 _19071_/Y
 _19072_/Y
 _19073_/X
 _19074_/Y
 _19075_/Y
 _19076_/X
 _19077_/X
 _19078_/X
 _19079_/X
 _19080_/Y
 _19081_/Y
 _19082_/Y
 _19083_/Y
 _19084_/X
 _19085_/Y
 _19086_/X
 _19087_/X
 _19088_/X
 _19089_/X
 _19090_/Y
 _19091_/Y
 _19092_/Y
 _19093_/X
 _19094_/X
 _19095_/Y
 _19096_/X
 _19097_/X
 _19098_/X
 _19099_/X
 _19100_/X
 _19101_/Y
 _19102_/X
 _19103_/Y
 _19104_/Y
 _19105_/X
 _19106_/X
 _19107_/X
 _19108_/Y
 _19109_/X
 _19110_/X
 _19111_/X
 _19112_/X
 _19113_/X
 _19114_/X
 _19115_/Y
 _19116_/Y
 _19117_/Y
 _19118_/Y
 _19119_/X
 _19120_/Y
 _19121_/X
 _19122_/Y
 _19123_/Y
 _19124_/Y
 _19125_/Y
 _19126_/Y
 _19127_/X
 _19128_/X
 _19129_/Y
 _19130_/X
 _19131_/X
 _19132_/X
 _19133_/Y
 _19134_/X
 _19135_/X
 _19136_/X
 _19137_/Y
 _19138_/Y
 _19139_/Y
 _19140_/Y
 _19141_/X
 _19142_/Y
 _19143_/Y
 _19144_/Y
 _19145_/X
 _19146_/X
 _19147_/X
 _19148_/X
 _19149_/X
 _19150_/X
 _19151_/Y
 _19152_/Y
 _19153_/Y
 _19154_/Y
 _19155_/X
 _19156_/Y
 _19157_/Y
 _19158_/X
 _19159_/X
 _19160_/X
 _19161_/Y
 _19162_/Y
 _19163_/X
 _19164_/Y
 _19165_/Y
 _19166_/Y
 _19167_/X
 _19168_/X
 _19169_/Y
 _19170_/Y
 _19171_/Y
 _19172_/X
 _19173_/X
 _19174_/Y
 _19175_/Y
 _19176_/X
 _19177_/Y
 _19178_/X
 _19179_/Y
 _19180_/X
 _19181_/X
 _19182_/Y
 _19183_/X
 _19184_/X
 _19185_/Y
 _19186_/X
 _19187_/X
 _19188_/Y
 _19189_/Y
 _19190_/X
 _19191_/X
 _19192_/Y
 _19193_/Y
 _19194_/Y
 _19195_/X
 _19196_/Y
 _19197_/X
 _19198_/X
 _19199_/X
 _19200_/X
 _19201_/X
 _19202_/Y
 _19203_/Y
 _19204_/Y
 _19205_/Y
 _19206_/X
 _19207_/X
 _19208_/X
 _19209_/X
 _19210_/X
 _19211_/X
 _19212_/X
 _19213_/Y
 _19214_/X
 _19215_/Y
 _19216_/X
 _19217_/X
 _19218_/X
 _19219_/X
 _19220_/Y
 _19221_/Y
 _19222_/X
 _19223_/X
 _19224_/X
 _19225_/X
 _19226_/X
 _19227_/Y
 _19228_/Y
 _19229_/Y
 _19230_/X
 _19231_/X
 _19232_/X
 _19233_/X
 _19234_/X
 _19235_/X
 _19236_/X
 _19237_/X
 _19238_/X
 _19239_/X
 _19240_/Y
 _19241_/Y
 _19242_/X
 _19243_/X
 _19244_/X
 _19245_/Y
 _19246_/Y
 _19247_/X
 _19248_/X
 _19249_/Y
 _19250_/X
 _19251_/X
 _19252_/X
 _19253_/X
 _19254_/X
 _19255_/Y
 _19256_/X
 _19257_/Y
 _19258_/X
 _19259_/Y
 _19260_/X
 _19261_/Y
 _19262_/X
 _19263_/X
 _19264_/X
 _19265_/X
 _19266_/Y
 _19267_/X
 _19268_/Y
 _19269_/Y
 _19270_/Y
 _19271_/X
 _19272_/Y
 _19273_/X
 _19274_/Y
 _19275_/X
 _19276_/X
 _19277_/X
 _19278_/Y
 _19279_/X
 _19280_/X
 _19281_/X
 _19282_/X
 _19283_/Y
 _19284_/X
 _19285_/Y
 _19286_/Y
 _19287_/Y
 _19288_/X
 _19289_/Y
 _19290_/Y
 _19291_/X
 _19292_/Y
 _19293_/Y
 _19294_/X
 _19295_/Y
 _19296_/Y
 _19297_/Y
 _19298_/X
 _19299_/Y
 _19300_/Y
 _19301_/Y
 _19302_/X
 _19303_/Y
 _19304_/X
 _19305_/Y
 _19306_/X
 _19307_/Y
 _19308_/X
 _19309_/Y
 _19310_/Y
 _19311_/Y
 _19312_/X
 _19313_/Y
 _19314_/X
 _19315_/X
 _19316_/Y
 _19317_/X
 _19318_/X
 _19319_/Y
 _19320_/Y
 _19321_/X
 _19322_/Y
 _19323_/Y
 _19324_/X
 _19325_/X
 _19326_/X
 _19327_/X
 _19328_/Y
 _19329_/X
 _19330_/X
 _19331_/X
 _19332_/Y
 _19333_/Y
 _19334_/Y
 _19335_/X
 _19336_/X
 _19337_/X
 _19338_/X
 _19339_/Y
 _19340_/Y
 _19341_/Y
 _19342_/Y
 _19343_/X
 _19344_/Y
 _19345_/Y
 _19346_/Y
 _19347_/X
 _19348_/X
 _19349_/Y
 _19350_/X
 _19351_/X
 _19352_/X
 _19353_/X
 _19354_/Y
 _19355_/Y
 _19356_/Y
 _19357_/Y
 _19358_/X
 _19359_/Y
 _19360_/Y
 _19361_/X
 _19362_/X
 _19363_/Y
 _19364_/X
 _19365_/X
 _19366_/X
 _19367_/X
 _19368_/Y
 _19369_/Y
 _19370_/Y
 _19371_/Y
 _19372_/X
 _19373_/Y
 _19374_/Y
 _19375_/X
 _19376_/Y
 _19377_/Y
 _19378_/X
 _19379_/Y
 _19380_/X
 _19381_/Y
 _19382_/X
 _19383_/X
 _19384_/X
 _19385_/Y
 _19386_/X
 _19387_/X
 _19388_/Y
 _19389_/Y
 _19390_/Y
 _19391_/Y
 _19392_/Y
 _19393_/X
 _19394_/Y
 _19395_/Y
 _19396_/X
 _19397_/X
 _19398_/Y
 _19399_/X
 _19400_/Y
 _19401_/X
 _19402_/X
 _19403_/X
 _19404_/Y
 _19405_/X
 _19406_/X
 _19407_/X
 _19408_/Y
 _19409_/X
 _19410_/Y
 _19411_/X
 _19412_/X
 _19413_/X
 _19414_/X
 _19415_/X
 _19416_/Y
 _19417_/X
 _19418_/Y
 _19419_/Y
 _19420_/X
 _19421_/X
 _19422_/X
 _19423_/X
 _19424_/X
 _19425_/Y
 _19426_/Y
 _19427_/X
 _19428_/X
 _19429_/Y
 _19430_/X
 _19431_/X
 _19432_/Y
 _19433_/Y
 _19434_/Y
 _19435_/X
 _19436_/Y
 _19437_/Y
 _19438_/Y
 _19439_/X
 _19440_/Y
 _19441_/X
 _19442_/X
 _19443_/X
 _19444_/Y
 _19445_/X
 _19446_/X
 _19447_/Y
 _19448_/Y
 _19449_/Y
 _19450_/Y
 _19451_/X
 _19452_/Y
 _19453_/Y
 _19454_/Y
 _19455_/Y
 _19456_/X
 _19457_/Y
 _19458_/Y
 _19459_/X
 _19460_/Y
 _19461_/X
 _19462_/X
 _19463_/X
 _19464_/X
 _19465_/X
 _19466_/X
 _19467_/X
 _19468_/X
 _19469_/X
 _19470_/X
 _19471_/X
 _19472_/X
 _19473_/X
 _19474_/X
 _19475_/X
 _19476_/X
 _19477_/X
 _19478_/X
 _19479_/X
 _19480_/X
 _19481_/X
 _19482_/X
 _19483_/X
 _19484_/X
 _19485_/X
 _19486_/X
 _19487_/X
 _19488_/X
 _19489_/X
 _19490_/X
 _19491_/X
 _19492_/X
 _19493_/X
 _19494_/X
 _19495_/X
 _19496_/X
 _19497_/X
 _19498_/X
 _19499_/X
 _19500_/X
 _19501_/X
 _19502_/X
 _19503_/X
 _19504_/X
 _19505_/X
 _19506_/X
 _19507_/X
 _19508_/X
 _19509_/X
 _19510_/X
 _19511_/X
 _19512_/X
 _19513_/X
 _19514_/X
 _19515_/X
 _19516_/X
 _19517_/X
 _19518_/X
 _19519_/X
 _19520_/X
 _19521_/X
 _19522_/X
 _19523_/X
 _19524_/X
 _19525_/X
 _19526_/X
 _19527_/X
 _19528_/X
 _19529_/X
 _19530_/X
 _19531_/X
 _19532_/X
 _19533_/X
 _19534_/X
 _19535_/X
 _19536_/X
 _19537_/X
 _19538_/X
 _19539_/X
 _19540_/X
 _19541_/X
 _19542_/X
 _19543_/X
 _19544_/X
 _19545_/X
 _19546_/X
 _19547_/X
 _19548_/X
 _19549_/X
 _19550_/X
 _19551_/X
 _19552_/X
 _19553_/X
 _19554_/X
 _19555_/X
 _19556_/X
 _19557_/X
 _19558_/X
 _19559_/X
 _19560_/X
 _19561_/X
 _19562_/X
 _19563_/X
 _19564_/X
 _19565_/X
 _19566_/X
 _19567_/X
 _19568_/X
 _19569_/X
 _19570_/X
 _19571_/X
 _19572_/X
 _19573_/X
 _19574_/X
 _19575_/X
 _19576_/X
 _19577_/X
 _19578_/X
 _19579_/X
 _19580_/X
 _19581_/X
 _19582_/X
 _19583_/X
 _19584_/X
 _19585_/X
 _19586_/X
 _19587_/X
 _19588_/X
 _19589_/X
 _19590_/X
 _19591_/X
 _19592_/X
 _19593_/X
 _19594_/X
 _19595_/X
 _19596_/X
 _19597_/X
 _19598_/X
 _19599_/X
 _19600_/X
 _19601_/X
 _19602_/X
 _19603_/X
 _19604_/X
 _19605_/X
 _19606_/X
 _19607_/X
 _19608_/X
 _19609_/X
 _19610_/X
 _19611_/X
 _19612_/X
 _19613_/X
 _19614_/X
 _19615_/X
 _19616_/X
 _19617_/X
 _19618_/X
 _19619_/X
 _19620_/X
 _19621_/X
 _19622_/X
 _19623_/X
 _19624_/X
 _19625_/X
 _19626_/X
 _19627_/X
 _19628_/X
 _19629_/X
 _19630_/X
 _19631_/X
 _19632_/X
 _19633_/X
 _19634_/X
 _19635_/X
 _19636_/X
 _19637_/X
 _19638_/X
 _19639_/X
 _19640_/X
 _19641_/X
 _19642_/X
 _19643_/X
 _19644_/X
 _19645_/X
 _19646_/X
 _19647_/X
 _19648_/X
 _19649_/X
 _19650_/X
 _19651_/X
 _19652_/X
 _19653_/X
 _19654_/X
 _19655_/X
 _19656_/X
 _19657_/X
 _19658_/X
 _19659_/X
 _19660_/X
 _19661_/Y
 _19662_/X
 _19663_/X
 _19664_/X
 _19665_/X
 _19666_/X
 _19667_/X
 _19668_/X
 _19669_/X
 _19670_/X
 _19671_/X
 _19672_/X
 _19673_/X
 _19674_/X
 _19675_/X
 _19676_/X
 _19677_/X
 _19678_/X
 _19679_/X
 _19680_/X
 _19681_/X
 _19682_/X
 _19683_/X
 _19684_/X
 _19685_/X
 _19686_/X
 _19687_/X
 _19688_/X
 _19689_/X
 _19690_/X
 _19691_/X
 _19692_/X
 _19693_/X
 _19694_/X
 _19695_/X
 _19696_/X
 _19697_/X
 _19698_/X
 _19699_/Y
 _19700_/X
 _19701_/X
 _19702_/Y
 _19703_/X
 _19704_/Y
 _19705_/Y
 _19706_/X
 _19707_/X
 _19708_/X
 _19709_/Y
 _19710_/X
 _19711_/Y
 _19712_/X
 _19713_/Y
 _19714_/X
 _19715_/Y
 _19716_/X
 _19717_/X
 _19718_/X
 _19719_/X
 _19720_/Y
 _19721_/X
 _19722_/Y
 _19723_/X
 _19724_/X
 _19725_/Y
 _19726_/Y
 _19727_/X
 _19728_/Y
 _19729_/Y
 _19730_/X
 _19731_/X
 _19732_/X
 _19733_/Y
 _19734_/Y
 _19735_/X
 _19736_/X
 _19737_/X
 _19738_/X
 _19739_/Y
 _19740_/X
 _19741_/Y
 _19742_/X
 _19743_/Y
 _19744_/X
 _19745_/Y
 _19746_/Y
 _19747_/X
 _19748_/X
 _19749_/Y
 _19750_/X
 _19751_/Y
 _19752_/Y
 _19753_/Y
 _19754_/X
 _19755_/X
 _19756_/Y
 _19757_/Y
 _19758_/X
 _19759_/Y
 _19760_/X
 _19761_/Y
 _19762_/Y
 _19763_/X
 _19764_/X
 _19765_/Y
 _19766_/X
 _19767_/Y
 _19768_/Y
 _19769_/X
 _19770_/Y
 _19771_/X
 _19772_/X
 _19773_/Y
 _19774_/Y
 _19775_/Y
 _19776_/Y
 _19777_/Y
 _19778_/Y
 _19779_/X
 _19780_/X
 _19781_/Y
 _19782_/X
 _19783_/Y
 _19784_/Y
 _19785_/X
 _19786_/Y
 _19787_/X
 _19788_/X
 _19789_/X
 _19790_/X
 _19791_/Y
 _19792_/Y
 _19793_/X
 _19794_/Y
 _19795_/Y
 _19796_/Y
 _19797_/Y
 _19798_/Y
 _19799_/X
 _19800_/X
 _19801_/Y
 _19802_/Y
 _19803_/X
 _19804_/Y
 _19805_/X
 _19806_/Y
 _19807_/Y
 _19808_/Y
 _19809_/Y
 _19810_/X
 _19811_/Y
 _19812_/X
 _19813_/X
 _19814_/X
 _19815_/X
 _19816_/X
 _19817_/X
 _19818_/X
 _19819_/Y
 _19820_/X
 _19821_/Y
 _19822_/X
 _19823_/X
 _19824_/X
 _19825_/Y
 _19826_/X
 _19827_/Y
 _19828_/Y
 _19829_/X
 _19830_/Y
 _19831_/Y
 _19832_/Y
 _19833_/Y
 _19834_/Y
 _19835_/X
 _19836_/Y
 _19837_/Y
 _19838_/Y
 _19839_/Y
 _19840_/Y
 _19841_/Y
 _19842_/X
 _19843_/X
 _19844_/X
 _19845_/X
 _19846_/X
 _19847_/X
 _19848_/X
 _19849_/X
 _19850_/Y
 _19851_/Y
 _19852_/X
 _19853_/Y
 _19854_/X
 _19855_/Y
 _19856_/Y
 _19857_/X
 _19858_/Y
 _19859_/X
 _19860_/X
 _19861_/X
 _19862_/X
 _19863_/X
 _19864_/Y
 _19865_/X
 _19866_/Y
 _19867_/Y
 _19868_/Y
 _19869_/X
 _19870_/Y
 _19871_/X
 _19872_/Y
 _19873_/Y
 _19874_/Y
 _19875_/X
 _19876_/X
 _19877_/X
 _19878_/X
 _19879_/X
 _19880_/X
 _19881_/X
 _19882_/X
 _19883_/Y
 _19884_/X
 _19885_/Y
 _19886_/X
 _19887_/Y
 _19888_/X
 _19889_/X
 _19890_/Y
 _19891_/Y
 _19892_/X
 _19893_/X
 _19894_/X
 _19895_/Y
 _19896_/Y
 _19897_/Y
 _19898_/Y
 _19899_/Y
 _19900_/Y
 _19901_/Y
 _19902_/X
 _19903_/Y
 _19904_/X
 _19905_/Y
 _19906_/Y
 _19907_/X
 _19908_/X
 _19909_/Y
 _19910_/X
 _19911_/Y
 _19912_/Y
 _19913_/X
 _19914_/Y
 _19915_/X
 _19916_/X
 _19917_/Y
 _19918_/X
 _19919_/Y
 _19920_/X
 _19921_/X
 _19922_/Y
 _19923_/X
 _19924_/Y
 _19925_/Y
 _19926_/X
 _19927_/Y
 _19928_/X
 _19929_/Y
 _19930_/Y
 _19931_/Y
 _19932_/Y
 _19933_/X
 _19934_/X
 _19935_/Y
 _19936_/X
 _19937_/Y
 _19938_/Y
 _19939_/X
 _19940_/Y
 _19941_/X
 _19942_/X
 _19943_/X
 _19944_/Y
 _19945_/X
 _19946_/Y
 _19947_/X
 _19948_/Y
 _19949_/X
 _19950_/Y
 _19951_/X
 _19952_/Y
 _19953_/Y
 _19954_/Y
 _19955_/Y
 _19956_/Y
 _19957_/Y
 _19958_/X
 _19959_/Y
 _19960_/Y
 _19961_/Y
 _19962_/Y
 _19963_/X
 _19964_/X
 _19965_/Y
 _19966_/X
 _19967_/X
 _19968_/Y
 _19969_/Y
 _19970_/X
 _19971_/X
 _19972_/Y
 _19973_/Y
 _19974_/Y
 _19975_/Y
 _19976_/X
 _19977_/X
 _19978_/X
 _19979_/X
 _19980_/X
 _19981_/Y
 _19982_/X
 _19983_/Y
 _19984_/X
 _19985_/Y
 _19986_/X
 _19987_/X
 _19988_/X
 _19989_/Y
 _19990_/X
 _19991_/Y
 _19992_/X
 _19993_/Y
 _19994_/Y
 _19995_/Y
 _19996_/X
 _19997_/Y
 _19998_/Y
 _19999_/X
 _20000_/X
 _20001_/Y
 _20002_/X
 _20003_/Y
 _20004_/X
 _20005_/X
 _20006_/X
 _20007_/X
 _20008_/X
 _20009_/X
 _20010_/X
 _20011_/Y
 _20012_/X
 _20013_/X
 _20014_/Y
 _20015_/Y
 _20016_/Y
 _20017_/X
 _20018_/X
 _20019_/Y
 _20020_/Y
 _20021_/Y
 _20022_/Y
 _20023_/X
 _20024_/X
 _20025_/X
 _20026_/X
 _20027_/X
 _20028_/Y
 _20029_/Y
 _20030_/Y
 _20031_/Y
 _20032_/Y
 _20033_/Y
 _20034_/X
 _20035_/Y
 _20036_/X
 _20037_/X
 _20038_/Y
 _20039_/X
 _20040_/Y
 _20041_/X
 _20042_/Y
 _20043_/X
 _20044_/Y
 _20045_/Y
 _20046_/Y
 _20047_/Y
 _20048_/X
 _20049_/X
 _20050_/Y
 _20051_/Y
 _20052_/X
 _20053_/X
 _20054_/Y
 _20055_/X
 _20056_/Y
 _20057_/X
 _20058_/X
 _20059_/Y
 _20060_/X
 _20061_/Y
 _20062_/X
 _20063_/X
 _20064_/X
 _20065_/X
 _20066_/X
 _20067_/Y
 _20068_/Y
 _20069_/X
 _20070_/X
 _20071_/Y
 _20072_/Y
 _20073_/X
 _20074_/X
 _20075_/Y
 _20076_/Y
 _20077_/Y
 _20078_/Y
 _20079_/Y
 _20080_/Y
 _20081_/X
 _20082_/Y
 _20083_/X
 _20084_/X
 _20085_/Y
 _20086_/X
 _20087_/Y
 _20088_/Y
 _20089_/X
 _20090_/Y
 _20091_/X
 _20092_/Y
 _20093_/X
 _20094_/Y
 _20095_/X
 _20096_/Y
 _20097_/X
 _20098_/Y
 _20099_/X
 _20100_/X
 _20101_/Y
 _20102_/Y
 _20103_/X
 _20104_/X
 _20105_/X
 _20106_/X
 _20107_/Y
 _20108_/X
 _20109_/X
 _20110_/X
 _20111_/Y
 _20112_/X
 _20113_/Y
 _20114_/Y
 _20115_/Y
 _20116_/X
 _20117_/Y
 _20118_/Y
 _20119_/Y
 _20120_/Y
 _20121_/Y
 _20122_/Y
 _20123_/X
 _20124_/Y
 _20125_/Y
 _20126_/X
 _20127_/X
 _20128_/Y
 _20129_/X
 _20130_/X
 _20131_/Y
 _20132_/Y
 _20133_/Y
 _20134_/Y
 _20135_/Y
 _20136_/X
 _20137_/Y
 _20138_/Y
 _20139_/Y
 _20140_/X
 _20141_/Y
 _20142_/X
 _20143_/Y
 _20144_/X
 _20145_/X
 _20146_/Y
 _20147_/X
 _20148_/Y
 _20149_/X
 _20150_/Y
 _20151_/Y
 _20152_/Y
 _20153_/X
 _20154_/Y
 _20155_/Y
 _20156_/X
 _20157_/Y
 _20158_/X
 _20159_/X
 _20160_/X
 _20161_/Y
 _20162_/X
 _20163_/Y
 _20164_/X
 _20165_/Y
 _20166_/Y
 _20167_/Y
 _20168_/Y
 _20169_/X
 _20170_/X
 _20171_/Y
 _20172_/X
 _20173_/X
 _20174_/X
 _20175_/X
 _20176_/X
 _20177_/X
 _20178_/Y
 _20179_/Y
 _20180_/Y
 _20181_/Y
 _20182_/Y
 _20183_/Y
 _20184_/Y
 _20185_/Y
 _20186_/Y
 _20187_/X
 _20188_/Y
 _20189_/X
 _20190_/X
 _20191_/X
 _20192_/X
 _20193_/X
 _20194_/X
 _20195_/X
 _20196_/X
 _20197_/Y
 _20198_/X
 _20199_/Y
 _20200_/Y
 _20201_/X
 _20202_/X
 _20203_/X
 _20204_/Y
 _20205_/X
 _20206_/Y
 _20207_/Y
 _20208_/Y
 _20209_/X
 _20210_/Y
 _20211_/Y
 _20212_/Y
 _20213_/X
 _20214_/X
 _20215_/Y
 _20216_/Y
 _20217_/X
 _20218_/X
 _20219_/Y
 _20220_/X
 _20221_/Y
 _20222_/X
 _20223_/Y
 _20224_/Y
 _20225_/Y
 _20226_/X
 _20227_/Y
 _20228_/Y
 _20229_/X
 _20230_/X
 _20231_/X
 _20232_/Y
 _20233_/X
 _20234_/Y
 _20235_/Y
 _20236_/X
 _20237_/X
 _20238_/Y
 _20239_/X
 _20240_/X
 _20241_/Y
 _20242_/X
 _20243_/Y
 _20244_/Y
 _20245_/X
 _20246_/Y
 _20247_/X
 _20248_/X
 _20249_/Y
 _20250_/Y
 _20251_/X
 _20252_/X
 _20253_/Y
 _20254_/Y
 _20255_/Y
 _20256_/Y
 _20257_/X
 _20258_/X
 _20259_/Y
 _20260_/X
 _20261_/Y
 _20262_/Y
 _20263_/Y
 _20264_/Y
 _20265_/Y
 _20266_/Y
 _20267_/Y
 _20268_/X
 _20269_/Y
 _20270_/X
 _20271_/Y
 _20272_/X
 _20273_/X
 _20274_/Y
 _20275_/X
 _20276_/X
 _20277_/X
 _20278_/X
 _20279_/Y
 _20280_/X
 _20281_/X
 _20282_/Y
 _20283_/Y
 _20284_/Y
 _20285_/Y
 _20286_/X
 _20287_/Y
 _20288_/Y
 _20289_/X
 _20290_/Y
 _20291_/Y
 _20292_/X
 _20293_/Y
 _20294_/Y
 _20295_/X
 _20296_/Y
 _20297_/X
 _20298_/Y
 _20299_/X
 _20300_/X
 _20301_/X
 _20302_/Y
 _20303_/X
 _20304_/X
 _20305_/X
 _20306_/Y
 _20307_/X
 _20308_/Y
 _20309_/X
 _20310_/Y
 _20311_/Y
 _20312_/Y
 _20313_/X
 _20314_/X
 _20315_/X
 _20316_/Y
 _20317_/X
 _20318_/Y
 _20319_/Y
 _20320_/Y
 _20321_/Y
 _20322_/X
 _20323_/X
 _20324_/Y
 _20325_/X
 _20326_/Y
 _20327_/X
 _20328_/Y
 _20329_/X
 _20330_/X
 _20331_/Y
 _20332_/Y
 _20333_/X
 _20334_/X
 _20335_/X
 _20336_/X
 _20337_/Y
 _20338_/Y
 _20339_/X
 _20340_/Y
 _20341_/X
 _20342_/X
 _20343_/X
 _20344_/X
 _20345_/Y
 _20346_/Y
 _20347_/Y
 _20348_/X
 _20349_/Y
 _20350_/Y
 _20351_/Y
 _20352_/Y
 _20353_/X
 _20354_/X
 _20355_/Y
 _20356_/X
 _20357_/Y
 _20358_/Y
 _20359_/Y
 _20360_/Y
 _20361_/Y
 _20362_/Y
 _20363_/X
 _20364_/Y
 _20365_/Y
 _20366_/X
 _20367_/Y
 _20368_/Y
 _20369_/X
 _20370_/X
 _20371_/X
 _20372_/Y
 _20373_/X
 _20374_/X
 _20375_/Y
 _20376_/X
 _20377_/Y
 _20378_/Y
 _20379_/X
 _20380_/X
 _20381_/X
 _20382_/X
 _20383_/X
 _20384_/X
 _20385_/X
 _20386_/X
 _20387_/X
 _20388_/Y
 _20389_/Y
 _20390_/X
 _20391_/X
 _20392_/Y
 _20393_/Y
 _20394_/X
 _20395_/Y
 _20396_/X
 _20397_/Y
 _20398_/X
 _20399_/Y
 _20400_/X
 _20401_/Y
 _20402_/X
 _20403_/Y
 _20404_/Y
 _20405_/Y
 _20406_/Y
 _20407_/Y
 _20408_/X
 _20409_/Y
 _20410_/X
 _20411_/Y
 _20412_/X
 _20413_/Y
 _20414_/Y
 _20415_/Y
 _20416_/Y
 _20417_/X
 _20418_/Y
 _20419_/Y
 _20420_/X
 _20421_/X
 _20422_/Y
 _20423_/Y
 _20424_/X
 _20425_/Y
 _20426_/X
 _20427_/Y
 _20428_/Y
 _20429_/X
 _20430_/Y
 _20431_/Y
 _20432_/X
 _20433_/Y
 _20434_/Y
 _20435_/Y
 _20436_/X
 _20437_/X
 _20438_/X
 _20439_/Y
 _20440_/Y
 _20441_/X
 _20442_/X
 _20443_/Y
 _20444_/X
 _20445_/X
 _20446_/X
 _20447_/Y
 _20448_/Y
 _20449_/X
 _20450_/Y
 _20451_/X
 _20452_/X
 _20453_/Y
 _20454_/Y
 _20455_/X
 _20456_/Y
 _20457_/Y
 _20458_/Y
 _20459_/X
 _20460_/X
 _20461_/X
 _20462_/X
 _20463_/Y
 _20464_/X
 _20465_/Y
 _20466_/X
 _20467_/Y
 _20468_/Y
 _20469_/X
 _20470_/X
 _20471_/X
 _20472_/X
 _20473_/Y
 _20474_/X
 _20475_/Y
 _20476_/Y
 _20477_/Y
 _20478_/Y
 _20479_/X
 _20480_/Y
 _20481_/X
 _20482_/X
 _20483_/X
 _20484_/X
 _20485_/X
 _20486_/X
 _20487_/X
 _20488_/Y
 _20489_/Y
 _20490_/Y
 _20491_/Y
 _20492_/Y
 _20493_/Y
 _20494_/Y
 _20495_/Y
 _20496_/X
 _20497_/Y
 _20498_/X
 _20499_/Y
 _20500_/X
 _20501_/Y
 _20502_/Y
 _20503_/Y
 _20504_/Y
 _20505_/Y
 _20506_/X
 _20507_/X
 _20508_/Y
 _20509_/X
 _20510_/Y
 _20511_/Y
 _20512_/X
 _20513_/X
 _20514_/X
 _20515_/Y
 _20516_/Y
 _20517_/X
 _20518_/Y
 _20519_/X
 _20520_/Y
 _20521_/X
 _20522_/Y
 _20523_/X
 _20524_/X
 _20525_/X
 _20526_/Y
 _20527_/X
 _20528_/X
 _20529_/X
 _20530_/Y
 _20531_/Y
 _20532_/Y
 _20533_/X
 _20534_/Y
 _20535_/Y
 _20536_/X
 _20537_/Y
 _20538_/Y
 _20539_/Y
 _20540_/Y
 _20541_/Y
 _20542_/X
 _20543_/Y
 _20544_/Y
 _20545_/X
 _20546_/Y
 _20547_/X
 _20548_/Y
 _20549_/Y
 _20550_/X
 _20551_/Y
 _20552_/X
 _20553_/Y
 _20554_/X
 _20555_/Y
 _20556_/X
 _20557_/Y
 _20558_/X
 _20559_/X
 _20560_/Y
 _20561_/X
 _20562_/Y
 _20563_/Y
 _20564_/Y
 _20565_/X
 _20566_/Y
 _20567_/X
 _20568_/Y
 _20569_/X
 _20570_/Y
 _20571_/Y
 _20572_/Y
 _20573_/Y
 _20574_/X
 _20575_/Y
 _20576_/X
 _20577_/X
 _20578_/X
 _20579_/Y
 _20580_/X
 _20581_/Y
 _20582_/X
 _20583_/Y
 _20584_/X
 _20585_/X
 _20586_/Y
 _20587_/Y
 _20588_/X
 _20589_/X
 _20590_/Y
 _20591_/Y
 _20592_/X
 _20593_/X
 _20594_/X
 _20595_/Y
 _20596_/Y
 _20597_/X
 _20598_/X
 _20599_/Y
 _20600_/Y
 _20601_/Y
 _20602_/Y
 _20603_/X
 _20604_/X
 _20605_/Y
 _20606_/Y
 _20607_/Y
 _20608_/Y
 _20609_/Y
 _20610_/Y
 _20611_/Y
 _20612_/Y
 _20613_/Y
 _20614_/Y
 _20615_/X
 _20616_/Y
 _20617_/X
 _20618_/Y
 _20619_/Y
 _20620_/Y
 _20621_/Y
 _20622_/X
 _20623_/Y
 _20624_/Y
 _20625_/X
 _20626_/Y
 _20627_/X
 _20628_/X
 _20629_/Y
 _20630_/X
 _20631_/Y
 _20632_/X
 _20633_/Y
 _20634_/Y
 _20635_/X
 _20636_/Y
 _20637_/X
 _20638_/X
 _20639_/X
 _20640_/X
 _20641_/X
 _20642_/Y
 _20643_/Y
 _20644_/X
 _20645_/Y
 _20646_/Y
 _20647_/Y
 _20648_/Y
 _20649_/X
 _20650_/Y
 _20651_/X
 _20652_/X
 _20653_/X
 _20654_/Y
 _20655_/X
 _20656_/X
 _20657_/X
 _20658_/Y
 _20659_/X
 _20660_/X
 _20661_/X
 _20662_/X
 _20663_/Y
 _20664_/Y
 _20665_/Y
 _20666_/Y
 _20667_/X
 _20668_/Y
 _20669_/Y
 _20670_/X
 _20671_/X
 _20672_/Y
 _20673_/Y
 _20674_/X
 _20675_/X
 _20676_/X
 _20677_/X
 _20678_/X
 _20679_/X
 _20680_/X
 _20681_/Y
 _20682_/X
 _20683_/X
 _20684_/Y
 _20685_/Y
 _20686_/X
 _20687_/X
 _20688_/Y
 _20689_/Y
 _20690_/X
 _20691_/Y
 _20692_/Y
 _20693_/X
 _20694_/Y
 _20695_/Y
 _20696_/Y
 _20697_/Y
 _20698_/Y
 _20699_/Y
 _20700_/X
 _20701_/Y
 _20702_/X
 _20703_/Y
 _20704_/Y
 _20705_/X
 _20706_/Y
 _20707_/X
 _20708_/Y
 _20709_/X
 _20710_/X
 _20711_/Y
 _20712_/Y
 _20713_/Y
 _20714_/X
 _20715_/X
 _20716_/X
 _20717_/Y
 _20718_/Y
 _20719_/X
 _20720_/X
 _20721_/Y
 _20722_/X
 _20723_/Y
 _20724_/X
 _20725_/X
 _20726_/Y
 _20727_/Y
 _20728_/Y
 _20729_/Y
 _20730_/Y
 _20731_/X
 _20732_/Y
 _20733_/X
 _20734_/X
 _20735_/Y
 _20736_/Y
 _20737_/X
 _20738_/X
 _20739_/X
 _20740_/Y
 _20741_/X
 _20742_/X
 _20743_/Y
 _20744_/X
 _20745_/Y
 _20746_/X
 _20747_/Y
 _20748_/Y
 _20749_/X
 _20750_/X
 _20751_/X
 _20752_/X
 _20753_/Y
 _20754_/Y
 _20755_/X
 _20756_/X
 _20757_/Y
 _20758_/X
 _20759_/Y
 _20760_/Y
 _20761_/Y
 _20762_/Y
 _20763_/X
 _20764_/Y
 _20765_/Y
 _20766_/Y
 _20767_/X
 _20768_/X
 _20769_/Y
 _20770_/X
 _20771_/X
 _20772_/Y
 _20773_/X
 _20774_/Y
 _20775_/Y
 _20776_/Y
 _20777_/Y
 _20778_/X
 _20779_/Y
 _20780_/Y
 _20781_/X
 _20782_/Y
 _20783_/Y
 _20784_/X
 _20785_/Y
 _20786_/X
 _20787_/Y
 _20788_/X
 _20789_/Y
 _20790_/X
 _20791_/Y
 _20792_/Y
 _20793_/X
 _20794_/Y
 _20795_/Y
 _20796_/X
 _20797_/X
 _20798_/X
 _20799_/X
 _20800_/X
 _20801_/X
 _20802_/Y
 _20803_/X
 _20804_/X
 _20805_/Y
 _20806_/Y
 _20807_/X
 _20808_/X
 _20809_/X
 _20810_/Y
 _20811_/X
 _20812_/Y
 _20813_/Y
 _20814_/X
 _20815_/Y
 _20816_/Y
 _20817_/Y
 _20818_/X
 _20819_/X
 _20820_/X
 _20821_/Y
 _20822_/Y
 _20823_/Y
 _20824_/X
 _20825_/Y
 _20826_/Y
 _20827_/X
 _20828_/Y
 _20829_/Y
 _20830_/X
 _20831_/X
 _20832_/Y
 _20833_/X
 _20834_/X
 _20835_/Y
 _20836_/Y
 _20837_/X
 _20838_/X
 _20839_/Y
 _20840_/X
 _20841_/X
 _20842_/X
 _20843_/Y
 _20844_/X
 _20845_/Y
 _20846_/Y
 _20847_/X
 _20848_/Y
 _20849_/Y
 _20850_/Y
 _20851_/X
 _20852_/X
 _20853_/Y
 _20854_/X
 _20855_/X
 _20856_/X
 _20857_/Y
 _20858_/Y
 _20859_/X
 _20860_/X
 _20861_/Y
 _20862_/X
 _20863_/Y
 _20864_/Y
 _20865_/X
 _20866_/Y
 _20867_/X
 _20868_/Y
 _20869_/X
 _20870_/X
 _20871_/X
 _20872_/X
 _20873_/Y
 _20874_/X
 _20875_/Y
 _20876_/Y
 _20877_/Y
 _20878_/Y
 _20879_/X
 _20880_/X
 _20881_/X
 _20882_/X
 _20883_/X
 _20884_/X
 _20885_/X
 _20886_/X
 _20887_/Y
 _20888_/X
 _20889_/X
 _20890_/X
 _20891_/X
 _20892_/X
 _20893_/Y
 _20894_/X
 _20895_/Y
 _20896_/X
 _20897_/X
 _20898_/X
 _20899_/Y
 _20900_/Y
 _20901_/X
 _20902_/Y
 _20903_/Y
 _20904_/X
 _20905_/Y
 _20906_/X
 _20907_/Y
 _20908_/X
 _20909_/X
 _20910_/X
 _20911_/Y
 _20912_/X
 _20913_/Y
 _20914_/X
 _20915_/Y
 _20916_/X
 _20917_/Y
 _20918_/X
 _20919_/X
 _20920_/Y
 _20921_/Y
 _20922_/X
 _20923_/X
 _20924_/Y
 _20925_/X
 _20926_/X
 _20927_/Y
 _20928_/Y
 _20929_/Y
 _20930_/X
 _20931_/X
 _20932_/X
 _20933_/Y
 _20934_/Y
 _20935_/Y
 _20936_/Y
 _20937_/X
 _20938_/Y
 _20939_/X
 _20940_/X
 _20941_/Y
 _20942_/Y
 _20943_/Y
 _20944_/X
 _20945_/Y
 _20946_/X
 _20947_/Y
 _20948_/X
 _20949_/X
 _20950_/Y
 _20951_/X
 _20952_/Y
 _20953_/Y
 _20954_/X
 _20955_/Y
 _20956_/X
 _20957_/X
 _20958_/X
 _20959_/Y
 _20960_/Y
 _20961_/X
 _20962_/Y
 _20963_/X
 _20964_/X
 _20965_/Y
 _20966_/Y
 _20967_/Y
 _20968_/X
 _20969_/Y
 _20970_/X
 _20971_/Y
 _20972_/Y
 _20973_/X
 _20974_/X
 _20975_/Y
 _20976_/X
 _20977_/Y
 _20978_/X
 _20979_/Y
 _20980_/X
 _20981_/Y
 _20982_/X
 _20983_/X
 _20984_/Y
 _20985_/Y
 _20986_/X
 _20987_/X
 _20988_/X
 _20989_/Y
 _20990_/X
 _20991_/X
 _20992_/Y
 _20993_/X
 _20994_/X
 _20995_/Y
 _20996_/X
 _20997_/Y
 _20998_/Y
 _20999_/X
 _21000_/X
 _21001_/X
 _21002_/X
 _21003_/X
 _21004_/X
 _21005_/Y
 _21006_/X
 _21007_/X
 _21008_/X
 _21009_/Y
 _21010_/Y
 _21011_/X
 _21012_/X
 _21013_/Y
 _21014_/X
 _21015_/Y
 _21016_/X
 _21017_/Y
 _21018_/X
 _21019_/X
 _21020_/Y
 _21021_/Y
 _21022_/X
 _21023_/Y
 _21024_/X
 _21025_/X
 _21026_/Y
 _21027_/X
 _21028_/Y
 _21029_/X
 _21030_/X
 _21031_/X
 _21032_/Y
 _21033_/X
 _21034_/Y
 _21035_/X
 _21036_/Y
 _21037_/X
 _21038_/Y
 _21039_/X
 _21040_/X
 _21041_/X
 _21042_/X
 _21043_/X
 _21044_/X
 _21045_/Y
 _21046_/Y
 _21047_/X
 _21048_/X
 _21049_/X
 _21050_/X
 _21051_/X
 _21052_/X
 _21053_/Y
 _21054_/X
 _21055_/Y
 _21056_/Y
 _21057_/X
 _21058_/X
 _21059_/Y
 _21060_/X
 _21061_/X
 _21062_/Y
 _21063_/Y
 _21064_/X
 _21065_/X
 _21066_/Y
 _21067_/X
 _21068_/Y
 _21069_/X
 _21070_/Y
 _21071_/X
 _21072_/X
 _21073_/X
 _21074_/Y
 _21075_/X
 _21076_/Y
 _21077_/X
 _21078_/X
 _21079_/X
 _21080_/Y
 _21081_/Y
 _21082_/X
 _21083_/Y
 _21084_/X
 _21085_/Y
 _21086_/Y
 _21087_/X
 _21088_/X
 _21089_/Y
 _21090_/Y
 _21091_/Y
 _21092_/Y
 _21093_/X
 _21094_/X
 _21095_/X
 _21096_/Y
 _21097_/X
 _21098_/Y
 _21099_/X
 _21100_/X
 _21101_/Y
 _21102_/Y
 _21103_/X
 _21104_/Y
 _21105_/X
 _21106_/X
 _21107_/Y
 _21108_/X
 _21109_/Y
 _21110_/X
 _21111_/Y
 _21112_/X
 _21113_/Y
 _21114_/Y
 _21115_/X
 _21116_/X
 _21117_/Y
 _21118_/Y
 _21119_/X
 _21120_/Y
 _21121_/X
 _21122_/Y
 _21123_/Y
 _21124_/X
 _21125_/X
 _21126_/X
 _21127_/Y
 _21128_/X
 _21129_/X
 _21130_/Y
 _21131_/X
 _21132_/Y
 _21133_/X
 _21134_/Y
 _21135_/Y
 _21136_/X
 _21137_/Y
 _21138_/Y
 _21139_/Y
 _21140_/X
 _21141_/Y
 _21142_/Y
 _21143_/Y
 _21144_/Y
 _21145_/X
 _21146_/Y
 _21147_/X
 _21148_/X
 _21149_/X
 _21150_/X
 _21151_/X
 _21152_/Y
 _21153_/X
 _21154_/X
 _21155_/X
 _21156_/X
 _21157_/X
 _21158_/X
 _21159_/X
 _21160_/X
 _21161_/X
 _21162_/X
 _21163_/X
 _21164_/X
 _21165_/Y
 _21166_/X
 _21167_/X
 _21168_/X
 _21169_/Y
 _21170_/Y
 _21171_/X
 _21172_/Y
 _21173_/X
 _21174_/X
 _21175_/Y
 _21176_/Y
 _21177_/X
 _21178_/Y
 _21179_/X
 _21180_/Y
 _21181_/Y
 _21182_/Y
 _21183_/Y
 _21184_/Y
 _21185_/X
 _21186_/Y
 _21187_/Y
 _21188_/Y
 _21189_/X
 _21190_/X
 _21191_/X
 _21192_/Y
 _21193_/Y
 _21194_/Y
 _21195_/Y
 _21196_/Y
 _21197_/Y
 _21198_/Y
 _21199_/Y
 _21200_/Y
 _21201_/X
 _21202_/X
 _21203_/Y
 _21204_/X
 _21205_/X
 _21206_/X
 _21207_/X
 _21208_/X
 _21209_/X
 _21210_/Y
 _21211_/X
 _21212_/X
 _21213_/Y
 _21214_/Y
 _21215_/X
 _21216_/Y
 _21217_/X
 _21218_/Y
 _21219_/Y
 _21220_/X
 _21221_/X
 _21222_/X
 _21223_/X
 _21224_/X
 _21225_/Y
 _21226_/Y
 _21227_/X
 _21228_/X
 _21229_/X
 _21230_/Y
 _21231_/Y
 _21232_/X
 _21233_/Y
 _21234_/X
 _21235_/X
 _21236_/Y
 _21237_/Y
 _21238_/X
 _21239_/X
 _21240_/Y
 _21241_/X
 _21242_/Y
 _21243_/Y
 _21244_/Y
 _21245_/Y
 _21246_/Y
 _21247_/Y
 _21248_/X
 _21249_/Y
 _21250_/X
 _21251_/X
 _21252_/X
 _21253_/X
 _21254_/X
 _21255_/Y
 _21256_/X
 _21257_/X
 _21258_/Y
 _21259_/X
 _21260_/X
 _21261_/Y
 _21262_/X
 _21263_/X
 _21264_/X
 _21265_/Y
 _21266_/X
 _21267_/Y
 _21268_/X
 _21269_/Y
 _21270_/Y
 _21271_/X
 _21272_/Y
 _21273_/X
 _21274_/Y
 _21275_/X
 _21276_/Y
 _21277_/X
 _21278_/X
 _21279_/Y
 _21280_/Y
 _21281_/X
 _21282_/Y
 _21283_/X
 _21284_/Y
 _21285_/X
 _21286_/Y
 _21287_/Y
 _21288_/Y
 _21289_/X
 _21290_/X
 _21291_/Y
 _21292_/X
 _21293_/Y
 _21294_/X
 _21295_/Y
 _21296_/X
 _21297_/X
 _21298_/X
 _21299_/Y
 _21300_/X
 _21301_/Y
 _21302_/Y
 _21303_/X
 _21304_/Y
 _21305_/X
 _21306_/Y
 _21307_/X
 _21308_/X
 _21309_/Y
 _21310_/X
 _21311_/X
 _21312_/Y
 _21313_/Y
 _21314_/Y
 _21315_/Y
 _21316_/X
 _21317_/X
 _21318_/Y
 _21319_/Y
 _21320_/X
 _21321_/Y
 _21322_/X
 _21323_/Y
 _21324_/X
 _21325_/X
 _21326_/X
 _21327_/Y
 _21328_/Y
 _21329_/X
 _21330_/X
 _21331_/Y
 _21332_/X
 _21333_/X
 _21334_/Y
 _21335_/Y
 _21336_/Y
 _21337_/X
 _21338_/Y
 _21339_/X
 _21340_/X
 _21341_/X
 _21342_/Y
 _21343_/X
 _21344_/Y
 _21345_/X
 _21346_/Y
 _21347_/X
 _21348_/Y
 _21349_/Y
 _21350_/X
 _21351_/Y
 _21352_/X
 _21353_/X
 _21354_/X
 _21355_/X
 _21356_/X
 _21357_/X
 _21358_/X
 _21359_/X
 _21360_/Y
 _21361_/Y
 _21362_/Y
 _21363_/X
 _21364_/Y
 _21365_/Y
 _21366_/Y
 _21367_/Y
 _21368_/X
 _21369_/Y
 _21370_/Y
 _21371_/X
 _21372_/Y
 _21373_/X
 _21374_/X
 _21375_/X
 _21376_/X
 _21377_/Y
 _21378_/X
 _21379_/Y
 _21380_/Y
 _21381_/X
 _21382_/X
 _21383_/Y
 _21384_/Y
 _21385_/Y
 _21386_/X
 _21387_/Y
 _21388_/X
 _21389_/Y
 _21390_/Y
 _21391_/X
 _21392_/X
 _21393_/Y
 _21394_/Y
 _21395_/X
 _21396_/X
 _21397_/X
 _21398_/Y
 _21399_/X
 _21400_/Y
 _21401_/Y
 _21402_/X
 _21403_/X
 _21404_/X
 _21405_/X
 _21406_/Y
 _21407_/X
 _21408_/X
 _21409_/X
 _21410_/X
 _21411_/Y
 _21412_/Y
 _21413_/Y
 _21414_/X
 _21415_/Y
 _21416_/X
 _21417_/Y
 _21418_/Y
 _21419_/X
 _21420_/Y
 _21421_/X
 _21422_/Y
 _21423_/X
 _21424_/Y
 _21425_/Y
 _21426_/Y
 _21427_/X
 _21428_/Y
 _21429_/Y
 _21430_/X
 _21431_/X
 _21432_/X
 _21433_/X
 _21434_/Y
 _21435_/Y
 _21436_/Y
 _21437_/X
 _21438_/Y
 _21439_/X
 _21440_/X
 _21441_/Y
 _21442_/Y
 _21443_/Y
 _21444_/Y
 _21445_/X
 _21446_/X
 _21447_/Y
 _21448_/X
 _21449_/Y
 _21450_/Y
 _21451_/Y
 _21452_/X
 _21453_/X
 _21454_/X
 _21455_/Y
 _21456_/X
 _21457_/Y
 _21458_/X
 _21459_/X
 _21460_/Y
 _21461_/Y
 _21462_/Y
 _21463_/Y
 _21464_/X
 _21465_/Y
 _21466_/Y
 _21467_/X
 _21468_/X
 _21469_/Y
 _21470_/Y
 _21471_/Y
 _21472_/Y
 _21473_/Y
 _21474_/X
 _21475_/Y
 _21476_/Y
 _21477_/Y
 _21478_/X
 _21479_/Y
 _21480_/X
 _21481_/X
 _21482_/Y
 _21483_/Y
 _21484_/X
 _21485_/Y
 _21486_/X
 _21487_/Y
 _21488_/X
 _21489_/X
 _21490_/X
 _21491_/Y
 _21492_/Y
 _21493_/Y
 _21494_/Y
 _21495_/X
 _21496_/Y
 _21497_/Y
 _21498_/Y
 _21499_/X
 _21500_/X
 _21501_/Y
 _21502_/Y
 _21503_/X
 _21504_/Y
 _21505_/Y
 _21506_/Y
 _21507_/X
 _21508_/Y
 _21509_/Y
 _21510_/Y
 _21511_/Y
 _21512_/Y
 _21513_/Y
 _21514_/Y
 _21515_/X
 _21516_/X
 _21517_/X
 _21518_/X
 _21519_/X
 _21520_/X
 _21521_/Y
 _21522_/Y
 _21523_/Y
 _21524_/X
 _21525_/X
 _21526_/Y
 _21527_/Y
 _21528_/X
 _21529_/X
 _21530_/X
 _21531_/X
 _21532_/Y
 _21533_/Y
 _21534_/Y
 _21535_/X
 _21536_/Y
 _21537_/X
 _21538_/Y
 _21539_/Y
 _21540_/X
 _21541_/Y
 _21542_/X
 _21543_/Y
 _21544_/Y
 _21545_/Y
 _21546_/Y
 _21547_/X
 _21548_/Y
 _21549_/Y
 _21550_/Y
 _21551_/Y
 _21552_/Y
 _21553_/Y
 _21554_/Y
 _21555_/X
 _21556_/X
 _21557_/X
 _21558_/Y
 _21559_/Y
 _21560_/X
 _21561_/Y
 _21562_/Y
 _21563_/X
 _21564_/X
 _21565_/X
 _21566_/X
 _21567_/Y
 _21568_/X
 _21569_/X
 _21570_/X
 _21571_/X
 _21572_/X
 _21573_/Y
 _21574_/Y
 _21575_/X
 _21576_/Y
 _21577_/Y
 _21578_/X
 _21579_/Y
 _21580_/Y
 _21581_/X
 _21582_/Y
 _21583_/X
 _21584_/Y
 _21585_/X
 _21586_/Y
 _21587_/X
 _21588_/X
 _21589_/X
 _21590_/X
 _21591_/Y
 _21592_/Y
 _21593_/Y
 _21594_/Y
 _21595_/Y
 _21596_/X
 _21597_/X
 _21598_/Y
 _21599_/X
 _21600_/Y
 _21601_/Y
 _21602_/X
 _21603_/Y
 _21604_/X
 _21605_/X
 _21606_/X
 _21607_/Y
 _21608_/X
 _21609_/X
 _21610_/X
 _21611_/X
 _21612_/X
 _21613_/X
 _21614_/Y
 _21615_/Y
 _21616_/Y
 _21617_/X
 _21618_/Y
 _21619_/X
 _21620_/Y
 _21621_/Y
 _21622_/Y
 _21623_/X
 _21624_/Y
 _21625_/X
 _21626_/Y
 _21627_/X
 _21628_/X
 _21629_/X
 _21630_/X
 _21631_/X
 _21632_/Y
 _21633_/X
 _21634_/X
 _21635_/Y
 _21636_/Y
 _21637_/Y
 _21638_/Y
 _21639_/X
 _21640_/Y
 _21641_/X
 _21642_/Y
 _21643_/X
 _21644_/Y
 _21645_/Y
 _21646_/X
 _21647_/X
 _21648_/Y
 _21649_/X
 _21650_/Y
 _21651_/X
 _21652_/X
 _21653_/X
 _21654_/X
 _21655_/Y
 _21656_/X
 _21657_/X
 _21658_/Y
 _21659_/X
 _21660_/Y
 _21661_/X
 _21662_/Y
 _21663_/X
 _21664_/Y
 _21665_/X
 _21666_/Y
 _21667_/X
 _21668_/Y
 _21669_/Y
 _21670_/X
 _21671_/Y
 _21672_/X
 _21673_/Y
 _21674_/X
 _21675_/X
 _21676_/X
 _21677_/X
 _21678_/X
 _21679_/Y
 _21680_/X
 _21681_/Y
 _21682_/Y
 _21683_/X
 _21684_/Y
 _21685_/Y
 _21686_/X
 _21687_/Y
 _21688_/Y
 _21689_/X
 _21690_/X
 _21691_/X
 _21692_/X
 _21693_/Y
 _21694_/Y
 _21695_/Y
 _21696_/X
 _21697_/X
 _21698_/Y
 _21699_/X
 _21700_/Y
 _21701_/Y
 _21702_/X
 _21703_/X
 _21704_/X
 _21705_/X
 _21706_/X
 _21707_/Y
 _21708_/X
 _21709_/Y
 _21710_/X
 _21711_/X
 _21712_/Y
 _21713_/Y
 _21714_/Y
 _21715_/Y
 _21716_/Y
 _21717_/Y
 _21718_/Y
 _21719_/X
 _21720_/Y
 _21721_/X
 _21722_/X
 _21723_/Y
 _21724_/Y
 _21725_/X
 _21726_/X
 _21727_/Y
 _21728_/Y
 _21729_/X
 _21730_/X
 _21731_/X
 _21732_/Y
 _21733_/X
 _21734_/Y
 _21735_/X
 _21736_/X
 _21737_/X
 _21738_/Y
 _21739_/Y
 _21740_/X
 _21741_/X
 _21742_/Y
 _21743_/X
 _21744_/X
 _21745_/X
 _21746_/Y
 _21747_/Y
 _21748_/Y
 _21749_/Y
 _21750_/Y
 _21751_/Y
 _21752_/X
 _21753_/Y
 _21754_/X
 _21755_/Y
 _21756_/X
 _21757_/X
 _21758_/Y
 _21759_/Y
 _21760_/Y
 _21761_/X
 _21762_/Y
 _21763_/X
 _21764_/X
 _21765_/X
 _21766_/X
 _21767_/Y
 _21768_/Y
 _21769_/X
 _21770_/X
 _21771_/X
 _21772_/X
 _21773_/Y
 _21774_/Y
 _21775_/Y
 _21776_/X
 _21777_/Y
 _21778_/X
 _21779_/X
 _21780_/Y
 _21781_/Y
 _21782_/Y
 _21783_/Y
 _21784_/X
 _21785_/Y
 _21786_/Y
 _21787_/X
 _21788_/Y
 _21789_/X
 _21790_/Y
 _21791_/Y
 _21792_/X
 _21793_/X
 _21794_/Y
 _21795_/X
 _21796_/Y
 _21797_/Y
 _21798_/Y
 _21799_/X
 _21800_/Y
 _21801_/Y
 _21802_/X
 _21803_/Y
 _21804_/X
 _21805_/X
 _21806_/Y
 _21807_/Y
 _21808_/Y
 _21809_/X
 _21810_/X
 _21811_/Y
 _21812_/X
 _21813_/Y
 _21814_/X
 _21815_/X
 _21816_/X
 _21817_/X
 _21818_/X
 _21819_/Y
 _21820_/X
 _21821_/Y
 _21822_/X
 _21823_/Y
 _21824_/Y
 _21825_/Y
 _21826_/X
 _21827_/Y
 _21828_/X
 _21829_/Y
 _21830_/X
 _21831_/Y
 _21832_/X
 _21833_/Y
 _21834_/X
 _21835_/X
 _21836_/Y
 _21837_/X
 _21838_/Y
 _21839_/Y
 _21840_/Y
 _21841_/X
 _21842_/X
 _21843_/Y
 _21844_/Y
 _21845_/Y
 _21846_/Y
 _21847_/Y
 _21848_/X
 _21849_/X
 _21850_/X
 _21851_/Y
 _21852_/Y
 _21853_/X
 _21854_/Y
 _21855_/X
 _21856_/Y
 _21857_/Y
 _21858_/X
 _21859_/X
 _21860_/X
 _21861_/X
 _21862_/Y
 _21863_/X
 _21864_/X
 _21865_/Y
 _21866_/Y
 _21867_/X
 _21868_/Y
 _21869_/X
 _21870_/Y
 _21871_/Y
 _21872_/X
 _21873_/Y
 _21874_/Y
 _21875_/Y
 _21876_/Y
 _21877_/X
 _21878_/X
 _21879_/X
 _21880_/Y
 _21881_/Y
 _21882_/X
 _21883_/Y
 _21884_/X
 _21885_/Y
 _21886_/Y
 _21887_/X
 _21888_/Y
 _21889_/Y
 _21890_/X
 _21891_/Y
 _21892_/X
 _21893_/X
 _21894_/Y
 _21895_/Y
 _21896_/Y
 _21897_/X
 _21898_/Y
 _21899_/X
 _21900_/X
 _21901_/X
 _21902_/X
 _21903_/X
 _21904_/Y
 _21905_/X
 _21906_/Y
 _21907_/X
 _21908_/Y
 _21909_/Y
 _21910_/Y
 _21911_/Y
 _21912_/Y
 _21913_/Y
 _21914_/Y
 _21915_/X
 _21916_/Y
 _21917_/Y
 _21918_/Y
 _21919_/Y
 _21920_/X
 _21921_/X
 _21922_/X
 _21923_/X
 _21924_/Y
 _21925_/X
 _21926_/X
 _21927_/X
 _21928_/X
 _21929_/Y
 _21930_/X
 _21931_/X
 _21932_/X
 _21933_/Y
 _21934_/Y
 _21935_/Y
 _21936_/X
 _21937_/Y
 _21938_/Y
 _21939_/Y
 _21940_/X
 _21941_/X
 _21942_/X
 _21943_/X
 _21944_/Y
 _21945_/Y
 _21946_/Y
 _21947_/Y
 _21948_/X
 _21949_/Y
 _21950_/X
 _21951_/Y
 _21952_/Y
 _21953_/X
 _21954_/X
 _21955_/Y
 _21956_/Y
 _21957_/X
 _21958_/Y
 _21959_/X
 _21960_/X
 _21961_/X
 _21962_/X
 _21963_/Y
 _21964_/X
 _21965_/Y
 _21966_/Y
 _21967_/X
 _21968_/X
 _21969_/Y
 _21970_/Y
 _21971_/X
 _21972_/Y
 _21973_/Y
 _21974_/X
 _21975_/Y
 _21976_/Y
 _21977_/X
 _21978_/Y
 _21979_/Y
 _21980_/X
 _21981_/X
 _21982_/X
 _21983_/X
 _21984_/Y
 _21985_/X
 _21986_/Y
 _21987_/X
 _21988_/Y
 _21989_/Y
 _21990_/X
 _21991_/Y
 _21992_/X
 _21993_/X
 _21994_/X
 _21995_/Y
 _21996_/X
 _21997_/X
 _21998_/Y
 _21999_/Y
 _22000_/X
 _22001_/X
 _22002_/X
 _22003_/Y
 _22004_/Y
 _22005_/X
 _22006_/Y
 _22007_/Y
 _22008_/Y
 _22009_/X
 _22010_/X
 _22011_/X
 _22012_/Y
 _22013_/X
 _22014_/X
 _22015_/X
 _22016_/Y
 _22017_/Y
 _22018_/X
 _22019_/X
 _22020_/Y
 _22021_/X
 _22022_/X
 _22023_/X
 _22024_/X
 _22025_/Y
 _22026_/X
 _22027_/X
 _22028_/X
 _22029_/X
 _22030_/X
 _22031_/Y
 _22032_/X
 _22033_/X
 _22034_/Y
 _22035_/Y
 _22036_/Y
 _22037_/X
 _22038_/X
 _22039_/X
 _22040_/Y
 _22041_/Y
 _22042_/Y
 _22043_/Y
 _22044_/Y
 _22045_/Y
 _22046_/X
 _22047_/Y
 _22048_/X
 _22049_/X
 _22050_/X
 _22051_/Y
 _22052_/Y
 _22053_/X
 _22054_/X
 _22055_/Y
 _22056_/X
 _22057_/Y
 _22058_/Y
 _22059_/Y
 _22060_/Y
 _22061_/X
 _22062_/Y
 _22063_/Y
 _22064_/Y
 _22065_/Y
 _22066_/Y
 _22067_/Y
 _22068_/X
 _22069_/X
 _22070_/X
 _22071_/X
 _22072_/Y
 _22073_/X
 _22074_/Y
 _22075_/Y
 _22076_/X
 _22077_/X
 _22078_/Y
 _22079_/X
 _22080_/Y
 _22081_/Y
 _22082_/X
 _22083_/X
 _22084_/X
 _22085_/X
 _22086_/Y
 _22087_/X
 _22088_/Y
 _22089_/Y
 _22090_/Y
 _22091_/Y
 _22092_/Y
 _22093_/X
 _22094_/X
 _22095_/Y
 _22096_/X
 _22097_/X
 _22098_/Y
 _22099_/Y
 _22100_/Y
 _22101_/Y
 _22102_/Y
 _22103_/Y
 _22104_/X
 _22105_/Y
 _22106_/X
 _22107_/X
 _22108_/X
 _22109_/Y
 _22110_/X
 _22111_/X
 _22112_/X
 _22113_/X
 _22114_/Y
 _22115_/X
 _22116_/X
 _22117_/Y
 _22118_/Y
 _22119_/X
 _22120_/X
 _22121_/Y
 _22122_/X
 _22123_/Y
 _22124_/Y
 _22125_/Y
 _22126_/Y
 _22127_/Y
 _22128_/X
 _22129_/Y
 _22130_/X
 _22131_/Y
 _22132_/X
 _22133_/Y
 _22134_/Y
 _22135_/X
 _22136_/X
 _22137_/Y
 _22138_/Y
 _22139_/X
 _22140_/Y
 _22141_/X
 _22142_/X
 _22143_/Y
 _22144_/Y
 _22145_/X
 _22146_/Y
 _22147_/X
 _22148_/Y
 _22149_/Y
 _22150_/X
 _22151_/X
 _22152_/X
 _22153_/X
 _22154_/Y
 _22155_/X
 _22156_/X
 _22157_/Y
 _22158_/X
 _22159_/Y
 _22160_/X
 _22161_/X
 _22162_/X
 _22163_/X
 _22164_/Y
 _22165_/Y
 _22166_/X
 _22167_/Y
 _22168_/X
 _22169_/Y
 _22170_/Y
 _22171_/X
 _22172_/X
 _22173_/Y
 _22174_/X
 _22175_/Y
 _22176_/Y
 _22177_/Y
 _22178_/Y
 _22179_/X
 _22180_/X
 _22181_/X
 _22182_/Y
 _22183_/Y
 _22184_/X
 _22185_/X
 _22186_/Y
 _22187_/Y
 _22188_/X
 _22189_/X
 _22190_/Y
 _22191_/Y
 _22192_/Y
 _22193_/X
 _22194_/Y
 _22195_/X
 _22196_/X
 _22197_/X
 _22198_/Y
 _22199_/X
 _22200_/X
 _22201_/X
 _22202_/X
 _22203_/X
 _22204_/X
 _22205_/X
 _22206_/X
 _22207_/X
 _22208_/X
 _22209_/X
 _22210_/X
 _22211_/X
 _22212_/X
 _22213_/X
 _22214_/Y
 _22215_/X
 _22216_/X
 _22217_/X
 _22218_/Y
 _22219_/Y
 _22220_/Y
 _22221_/X
 _22222_/X
 _22223_/X
 _22224_/Y
 _22225_/Y
 _22226_/X
 _22227_/Y
 _22228_/X
 _22229_/X
 _22230_/X
 _22231_/Y
 _22232_/Y
 _22233_/X
 _22234_/Y
 _22235_/X
 _22236_/Y
 _22237_/Y
 _22238_/X
 _22239_/X
 _22240_/Y
 _22241_/X
 _22242_/Y
 _22243_/X
 _22244_/X
 _22245_/X
 _22246_/Y
 _22247_/Y
 _22248_/X
 _22249_/Y
 _22250_/Y
 _22251_/Y
 _22252_/X
 _22253_/Y
 _22254_/X
 _22255_/X
 _22256_/X
 _22257_/Y
 _22258_/X
 _22259_/X
 _22260_/Y
 _22261_/Y
 _22262_/Y
 _22263_/X
 _22264_/Y
 _22265_/Y
 _22266_/Y
 _22267_/Y
 _22268_/X
 _22269_/Y
 _22270_/X
 _22271_/Y
 _22272_/Y
 _22273_/Y
 _22274_/Y
 _22275_/X
 _22276_/Y
 _22277_/X
 _22278_/Y
 _22279_/X
 _22280_/X
 _22281_/X
 _22282_/X
 _22283_/Y
 _22284_/Y
 _22285_/Y
 _22286_/X
 _22287_/Y
 _22288_/Y
 _22289_/X
 _22290_/X
 _22291_/X
 _22292_/Y
 _22293_/Y
 _22294_/X
 _22295_/X
 _22296_/X
 _22297_/Y
 _22298_/Y
 _22299_/Y
 _22300_/Y
 _22301_/Y
 _22302_/Y
 _22303_/Y
 _22304_/Y
 _22305_/X
 _22306_/X
 _22307_/X
 _22308_/Y
 _22309_/Y
 _22310_/X
 _22311_/X
 _22312_/Y
 _22313_/X
 _22314_/X
 _22315_/X
 _22316_/X
 _22317_/X
 _22318_/Y
 _22319_/Y
 _22320_/Y
 _22321_/Y
 _22322_/X
 _22323_/X
 _22324_/X
 _22325_/Y
 _22326_/X
 _22327_/X
 _22328_/X
 _22329_/X
 _22330_/X
 _22331_/X
 _22332_/Y
 _22333_/X
 _22334_/X
 _22335_/X
 _22336_/Y
 _22337_/X
 _22338_/Y
 _22339_/X
 _22340_/X
 _22341_/X
 _22342_/X
 _22343_/X
 _22344_/X
 _22345_/Y
 _22346_/X
 _22347_/X
 _22348_/Y
 _22349_/Y
 _22350_/X
 _22351_/Y
 _22352_/Y
 _22353_/Y
 _22354_/X
 _22355_/Y
 _22356_/Y
 _22357_/Y
 _22358_/X
 _22359_/Y
 _22360_/X
 _22361_/X
 _22362_/Y
 _22363_/Y
 _22364_/Y
 _22365_/X
 _22366_/Y
 _22367_/X
 _22368_/Y
 _22369_/Y
 _22370_/X
 _22371_/X
 _22372_/Y
 _22373_/Y
 _22374_/Y
 _22375_/X
 _22376_/X
 _22377_/X
 _22378_/Y
 _22379_/X
 _22380_/X
 _22381_/Y
 _22382_/Y
 _22383_/Y
 _22384_/X
 _22385_/Y
 _22386_/Y
 _22387_/Y
 _22388_/Y
 _22389_/X
 _22390_/Y
 _22391_/X
 _22392_/Y
 _22393_/Y
 _22394_/Y
 _22395_/Y
 _22396_/Y
 _22397_/X
 _22398_/Y
 _22399_/X
 _22400_/X
 _22401_/Y
 _22402_/Y
 _22403_/X
 _22404_/X
 _22405_/X
 _22406_/Y
 _22407_/Y
 _22408_/X
 _22409_/Y
 _22410_/X
 _22411_/Y
 _22412_/Y
 _22413_/Y
 _22414_/Y
 _22415_/Y
 _22416_/Y
 _22417_/Y
 _22418_/X
 _22419_/Y
 _22420_/Y
 _22421_/X
 _22422_/X
 _22423_/Y
 _22424_/X
 _22425_/X
 _22426_/Y
 _22427_/Y
 _22428_/Y
 _22429_/X
 _22430_/Y
 _22431_/Y
 _22432_/Y
 _22433_/Y
 _22434_/X
 _22435_/X
 _22436_/X
 _22437_/X
 _22438_/X
 _22439_/X
 _22440_/X
 _22441_/X
 _22442_/X
 _22443_/X
 _22444_/X
 _22445_/X
 _22446_/X
 _22447_/Y
 _22448_/Y
 _22449_/Y
 _22450_/Y
 _22451_/Y
 _22452_/X
 _22453_/X
 _22454_/X
 _22455_/X
 _22456_/X
 _22457_/X
 _22458_/Y
 _22459_/Y
 _22460_/X
 _22461_/Y
 _22462_/X
 _22463_/Y
 _22464_/X
 _22465_/Y
 _22466_/Y
 _22467_/X
 _22468_/Y
 _22469_/Y
 _22470_/Y
 _22471_/X
 _22472_/X
 _22473_/Y
 _22474_/Y
 _22475_/X
 _22476_/X
 _22477_/X
 _22478_/X
 _22479_/X
 _22480_/Y
 _22481_/Y
 _22482_/X
 _22483_/Y
 _22484_/X
 _22485_/X
 _22486_/X
 _22487_/Y
 _22488_/Y
 _22489_/X
 _22490_/Y
 _22491_/X
 _22492_/X
 _22493_/Y
 _22494_/X
 _22495_/X
 _22496_/Y
 _22497_/Y
 _22498_/X
 _22499_/X
 _22500_/Y
 _22501_/Y
 _22502_/Y
 _22503_/Y
 _22504_/X
 _22505_/X
 _22506_/Y
 _22507_/X
 _22508_/Y
 _22509_/X
 _22510_/X
 _22511_/X
 _22512_/Y
 _22513_/Y
 _22514_/Y
 _22515_/Y
 _22516_/X
 _22517_/X
 _22518_/Y
 _22519_/Y
 _22520_/Y
 _22521_/Y
 _22522_/X
 _22523_/Y
 _22524_/X
 _22525_/X
 _22526_/X
 _22527_/X
 _22528_/X
 _22529_/X
 _22530_/Y
 _22531_/X
 _22532_/Y
 _22533_/Y
 _22534_/X
 _22535_/X
 _22536_/Y
 _22537_/Y
 _22538_/X
 _22539_/X
 _22540_/X
 _22541_/X
 _22542_/Y
 _22543_/Y
 _22544_/X
 _22545_/X
 _22546_/Y
 _22547_/Y
 _22548_/X
 _22549_/X
 _22550_/Y
 _22551_/Y
 _22552_/X
 _22553_/X
 _22554_/X
 _22555_/X
 _22556_/Y
 _22557_/X
 _22558_/X
 _22559_/Y
 _22560_/Y
 _22561_/X
 _22562_/Y
 _22563_/X
 _22564_/Y
 _22565_/Y
 _22566_/X
 _22567_/Y
 _22568_/Y
 _22569_/Y
 _22570_/Y
 _22571_/Y
 _22572_/Y
 _22573_/X
 _22574_/X
 _22575_/Y
 _22576_/X
 _22577_/Y
 _22578_/X
 _22579_/X
 _22580_/X
 _22581_/Y
 _22582_/X
 _22583_/X
 _22584_/X
 _22585_/Y
 _22586_/Y
 _22587_/Y
 _22588_/X
 _22589_/X
 _22590_/Y
 _22591_/Y
 _22592_/X
 _22593_/Y
 _22594_/X
 _22595_/X
 _22596_/X
 _22597_/Y
 _22598_/Y
 _22599_/Y
 _22600_/X
 _22601_/Y
 _22602_/Y
 _22603_/Y
 _22604_/Y
 _22605_/X
 _22606_/Y
 _22607_/Y
 _22608_/X
 _22609_/Y
 _22610_/X
 _22611_/Y
 _22612_/X
 _22613_/X
 _22614_/X
 _22615_/X
 _22616_/X
 _22617_/Y
 _22618_/Y
 _22619_/X
 _22620_/X
 _22621_/X
 _22622_/Y
 _22623_/Y
 _22624_/X
 _22625_/X
 _22626_/X
 _22627_/Y
 _22628_/X
 _22629_/Y
 _22630_/X
 _22631_/Y
 _22632_/X
 _22633_/Y
 _22634_/Y
 _22635_/X
 _22636_/X
 _22637_/X
 _22638_/Y
 _22639_/Y
 _22640_/Y
 _22641_/X
 _22642_/X
 _22643_/X
 _22644_/X
 _22645_/X
 _22646_/Y
 _22647_/Y
 _22648_/Y
 _22649_/X
 _22650_/Y
 _22651_/X
 _22652_/Y
 _22653_/Y
 _22654_/X
 _22655_/X
 _22656_/X
 _22657_/Y
 _22658_/X
 _22659_/X
 _22660_/Y
 _22661_/X
 _22662_/Y
 _22663_/Y
 _22664_/X
 _22665_/X
 _22666_/Y
 _22667_/Y
 _22668_/X
 _22669_/X
 _22670_/Y
 _22671_/Y
 _22672_/Y
 _22673_/Y
 _22674_/X
 _22675_/Y
 _22676_/X
 _22677_/Y
 _22678_/Y
 _22679_/X
 _22680_/Y
 _22681_/Y
 _22682_/Y
 _22683_/Y
 _22684_/X
 _22685_/Y
 _22686_/Y
 _22687_/Y
 _22688_/X
 _22689_/X
 _22690_/Y
 _22691_/X
 _22692_/X
 _22693_/X
 _22694_/X
 _22695_/X
 _22696_/X
 _22697_/X
 _22698_/Y
 _22699_/X
 _22700_/Y
 _22701_/Y
 _22702_/X
 _22703_/X
 _22704_/X
 _22705_/Y
 _22706_/X
 _22707_/Y
 _22708_/X
 _22709_/Y
 _22710_/Y
 _22711_/X
 _22712_/X
 _22713_/Y
 _22714_/Y
 _22715_/Y
 _22716_/X
 _22717_/Y
 _22718_/X
 _22719_/Y
 _22720_/Y
 _22721_/X
 _22722_/X
 _22723_/Y
 _22724_/Y
 _22725_/Y
 _22726_/X
 _22727_/X
 _22728_/Y
 _22729_/Y
 _22730_/Y
 _22731_/X
 _22732_/Y
 _22733_/Y
 _22734_/Y
 _22735_/Y
 _22736_/Y
 _22737_/Y
 _22738_/X
 _22739_/X
 _22740_/X
 _22741_/X
 _22742_/X
 _22743_/X
 _22744_/X
 _22745_/X
 _22746_/X
 _22747_/X
 _22748_/X
 _22749_/X
 _22750_/X
 _22751_/X
 _22752_/X
 _22753_/X
 _22754_/X
 _22755_/X
 _22756_/X
 _22757_/X
 _22758_/X
 _22759_/X
 _22760_/X
 _22761_/X
 _22762_/X
 _22763_/X
 _22764_/X
 _22765_/X
 _22766_/X
 _22767_/X
 _22768_/X
 _22769_/X
 _22770_/X
 _22771_/X
 _22772_/X
 _22773_/X
 _22774_/X
 _22775_/X
 _22776_/X
 _22777_/X
 _22778_/X
 _22779_/X
 _22780_/X
 _22781_/X
 _22782_/X
 _22783_/X
 _22784_/X
 _22785_/X
 _22786_/X
 _22787_/X
 _22788_/X
 _22789_/X
 _22790_/X
 _22791_/X
 _22792_/X
 _22793_/X
 _22794_/X
 _22795_/X
 _22796_/X
 _22797_/X
 _22798_/X
 _22799_/X
 _22800_/X
 _22801_/X
 _22802_/X
 _22803_/X
 _22804_/X
 _22805_/X
 _22806_/X
 _22807_/X
 _22808_/X
 _22809_/X
 _22810_/X
 _22811_/X
 _22812_/X
 _22813_/X
 _22814_/X
 _22815_/X
 _22816_/X
 _22817_/X
 _22818_/X
 _22819_/X
 _22820_/X
 _22821_/X
 _22822_/X
 _22823_/X
 _22824_/X
 _22825_/X
 _22826_/X
 _22827_/X
 _22828_/X
 _22829_/X
 _22830_/X
 _22831_/X
 _22832_/X
 _22833_/X
 _22834_/X
 _22835_/X
 _22836_/X
 _22837_/X
 _22838_/X
 _22839_/X
 _22840_/X
 _22841_/X
 _22842_/X
 _22843_/X
 _22844_/X
 _22845_/X
 _22846_/X
 _22847_/X
 _22848_/X
 _22849_/X
 _22850_/X
 _22851_/X
 _22852_/X
 _22853_/X
 _22854_/X
 _22855_/X
 _22856_/X
 _22857_/X
 _22858_/X
 _22859_/X
 _22860_/X
 _22861_/X
 _22862_/X
 _22863_/X
 _22864_/X
 _22865_/X
 _22866_/X
 _22867_/X
 _22868_/X
 _22869_/X
 _22870_/X
 _22871_/X
 _22872_/X
 _22873_/X
 _22874_/X
 _22875_/X
 _22876_/X
 _22877_/X
 _22878_/X
 _22879_/X
 _22880_/X
 _22881_/X
 _22882_/X
 _22883_/X
 _22884_/X
 _22885_/X
 _22886_/X
 _22887_/X
 _22888_/X
 _22889_/X
 _22890_/X
 _22891_/X
 _22892_/X
 _22893_/X
 _22894_/X
 _22895_/X
 _22896_/X
 _22897_/X
 _22898_/X
 _22899_/X
 _22900_/X
 _22901_/X
 _22902_/X
 _22903_/X
 _22904_/X
 _22905_/X
 _22906_/X
 _22907_/X
 _22908_/X
 _22909_/X
 _22910_/X
 _22911_/X
 _22912_/X
 _22913_/X
 _22914_/X
 _22915_/X
 _22916_/X
 _22917_/X
 _22918_/X
 _22919_/X
 _22920_/X
 _22921_/X
 _22922_/X
 _22923_/X
 _22924_/X
 _22925_/X
 _22926_/X
 _22927_/X
 _22928_/X
 _22929_/X
 _22930_/X
 _22931_/X
 _22932_/X
 _22933_/X
 _22934_/X
 _22935_/X
 _22936_/X
 _22937_/X
 _22938_/X
 _22939_/X
 _22940_/X
 _22941_/X
 _22942_/X
 _22943_/X
 _22944_/X
 _22945_/X
 _22946_/X
 _22947_/X
 _22948_/X
 _22949_/X
 _22950_/X
 _22951_/X
 _22952_/X
 _22953_/X
 _22954_/X
 _22955_/X
 _22956_/X
 _22957_/X
 _22958_/X
 _22959_/X
 _22960_/X
 _22961_/X
 _22962_/X
 _22963_/X
 _22964_/X
 _22965_/X
 _22966_/X
 _22967_/X
 _22968_/X
 _22969_/X
 _22970_/X
 _22971_/X
 _22972_/X
 _22973_/X
 _22974_/X
 _22975_/X
 _22976_/X
 _22977_/X
 _22978_/X
 _22979_/X
 _22980_/X
 _22981_/X
 _22982_/X
 _22983_/Y
 _22984_/X
 _22985_/X
 _22986_/X
 _22987_/X
 _22988_/Y
 _22989_/X
 _22990_/X
 _22991_/X
 _22992_/X
 _22993_/Y
 _22994_/X
 _22995_/X
 _22996_/Y
 _22997_/Y
 _22998_/Y
 _22999_/Y
 _23000_/X
 _23001_/X
 _23002_/Y
 _23003_/Y
 _23004_/X
 _23005_/Y
 _23006_/X
 _23007_/Y
 _23008_/X
 _23009_/X
 _23010_/X
 _23011_/X
 _23012_/Y
 _23013_/Y
 _23014_/X
 _23015_/X
 _23016_/X
 _23017_/X
 _23018_/X
 _23019_/Y
 _23020_/X
 _23021_/X
 _23022_/X
 _23023_/X
 _23024_/X
 _23025_/X
 _23026_/X
 _23027_/X
 _23028_/X
 _23029_/X
 _23030_/Y
 _23031_/X
 _23032_/X
 _23033_/X
 _23034_/Y
 _23035_/Y
 _23036_/Y
 _23037_/X
 _23038_/X
 _23039_/X
 _23040_/Y
 _23041_/X
 _23042_/X
 _23043_/Y
 _23044_/X
 _23045_/X
 _23046_/X
 _23047_/X
 _23048_/Y
 _23049_/Y
 _23050_/X
 _23051_/X
 _23052_/X
 _23053_/X
 _23054_/X
 _23055_/X
 _23056_/X
 _23057_/Y
 _23058_/Y
 _23059_/Y
 _23060_/X
 _23061_/X
 _23062_/X
 _23063_/Y
 _23064_/X
 _23065_/X
 _23066_/X
 _23067_/X
 _23068_/X
 _23069_/X
 _23070_/X
 _23071_/Y
 _23072_/X
 _23073_/X
 _23074_/X
 _23075_/X
 _23076_/X
 _23077_/X
 _23078_/X
 _23079_/X
 _23080_/X
 _23081_/X
 _23082_/Y
 _23083_/X
 _23084_/X
 _23085_/Y
 _23086_/X
 _23087_/X
 _23088_/Y
 _23089_/X
 _23090_/X
 _23091_/X
 _23092_/X
 _23093_/X
 _23094_/Y
 _23095_/Y
 _23096_/X
 _23097_/X
 _23098_/X
 _23099_/X
 _23100_/Y
 _23101_/X
 _23102_/Y
 _23103_/Y
 _23104_/X
 _23105_/X
 _23106_/X
 _23107_/X
 _23108_/X
 _23109_/X
 _23110_/X
 _23111_/X
 _23112_/X
 _23113_/X
 _23114_/X
 _23115_/X
 _23116_/Y
 _23117_/X
 _23118_/X
 _23119_/Y
 _23120_/X
 _23121_/X
 _23122_/X
 _23123_/Y
 _23124_/Y
 _23125_/Y
 _23126_/X
 _23127_/X
 _23128_/Y
 _23129_/Y
 _23130_/Y
 _23131_/Y
 _23132_/X
 _23133_/X
 _23134_/X
 _23135_/X
 _23136_/X
 _23137_/X
 _23138_/X
 _23139_/Y
 _23140_/X
 _23141_/Y
 _23142_/X
 _23143_/X
 _23144_/X
 _23145_/X
 _23146_/Y
 _23147_/X
 _23148_/X
 _23149_/X
 _23150_/Y
 _23151_/X
 _23152_/X
 _23153_/X
 _23154_/Y
 _23155_/Y
 _23156_/Y
 _23157_/X
 _23158_/Y
 _23159_/Y
 _23160_/Y
 _23161_/Y
 _23162_/X
 _23163_/Y
 _23164_/Y
 _23165_/X
 _23166_/X
 _23167_/X
 _23168_/X
 _23169_/Y
 _23170_/X
 _23171_/X
 _23172_/X
 _23173_/X
 _23174_/X
 _23175_/Y
 _23176_/X
 _23177_/X
 _23178_/Y
 _23179_/X
 _23180_/Y
 _23181_/X
 _23182_/Y
 _23183_/X
 _23184_/Y
 _23185_/Y
 _23186_/X
 _23187_/X
 _23188_/Y
 _23189_/X
 _23190_/X
 _23191_/X
 _23192_/X
 _23193_/X
 _23194_/X
 _23195_/X
 _23196_/Y
 _23197_/X
 _23198_/Y
 _23199_/X
 _23200_/X
 _23201_/Y
 _23202_/X
 _23203_/X
 _23204_/X
 _23205_/Y
 _23206_/X
 _23207_/X
 _23208_/Y
 _23209_/Y
 _23210_/X
 _23211_/X
 _23212_/Y
 _23213_/Y
 _23214_/X
 _23215_/Y
 _23216_/Y
 _23217_/X
 _23218_/X
 _23219_/X
 _23220_/X
 _23221_/X
 _23222_/Y
 _23223_/X
 _23224_/X
 _23225_/X
 _23226_/X
 _23227_/Y
 _23228_/X
 _23229_/X
 _23230_/X
 _23231_/X
 _23232_/Y
 _23233_/Y
 _23234_/Y
 _23235_/X
 _23236_/Y
 _23237_/X
 _23238_/X
 _23239_/X
 _23240_/Y
 _23241_/Y
 _23242_/X
 _23243_/X
 _23244_/X
 _23245_/X
 _23246_/Y
 _23247_/X
 _23248_/X
 _23249_/X
 _23250_/X
 _23251_/X
 _23252_/X
 _23253_/X
 _23254_/X
 _23255_/Y
 _23256_/Y
 _23257_/X
 _23258_/X
 _23259_/X
 _23260_/X
 _23261_/X
 _23262_/Y
 _23263_/Y
 _23264_/X
 _23265_/X
 _23266_/Y
 _23267_/X
 _23268_/Y
 _23269_/X
 _23270_/X
 _23271_/X
 _23272_/Y
 _23273_/X
 _23274_/X
 _23275_/X
 _23276_/X
 _23277_/X
 _23278_/X
 _23279_/X
 _23280_/X
 _23281_/X
 _23282_/Y
 _23283_/Y
 _23284_/X
 _23285_/X
 _23286_/X
 _23287_/X
 _23288_/X
 _23289_/Y
 _23290_/X
 _23291_/Y
 _23292_/Y
 _23293_/Y
 _23294_/X
 _23295_/X
 _23296_/Y
 _23297_/X
 _23298_/Y
 _23299_/Y
 _23300_/X
 _23301_/X
 _23302_/Y
 _23303_/X
 _23304_/Y
 _23305_/Y
 _23306_/X
 _23307_/X
 _23308_/X
 _23309_/Y
 _23310_/X
 _23311_/X
 _23312_/Y
 _23313_/Y
 _23314_/X
 _23315_/X
 _23316_/X
 _23317_/X
 _23318_/Y
 _23319_/X
 _23320_/X
 _23321_/Y
 _23322_/X
 _23323_/X
 _23324_/X
 _23325_/X
 _23326_/X
 _23327_/X
 _23328_/X
 _23329_/X
 _23330_/X
 _23331_/X
 _23332_/X
 _23333_/X
 _23334_/X
 _23335_/X
 _23336_/X
 _23337_/X
 _23338_/X
 _23339_/X
 _23340_/Y
 _23341_/X
 _23342_/X
 _23343_/Y
 _23344_/X
 _23345_/X
 _23346_/X
 _23347_/Y
 _23348_/Y
 _23349_/Y
 _23350_/X
 _23351_/X
 _23352_/X
 _23353_/Y
 _23354_/Y
 _23355_/Y
 _23356_/Y
 _23357_/X
 _23358_/Y
 _23359_/X
 _23360_/X
 _23361_/X
 _23362_/X
 _23363_/X
 _23364_/Y
 _23365_/Y
 _23366_/X
 _23367_/Y
 _23368_/Y
 _23369_/X
 _23370_/Y
 _23371_/Y
 _23372_/Y
 _23373_/Y
 _23374_/X
 _23375_/X
 _23376_/Y
 _23377_/X
 _23378_/X
 _23379_/X
 _23380_/Y
 _23381_/X
 _23382_/Y
 _23383_/Y
 _23384_/Y
 _23385_/X
 _23386_/Y
 _23387_/Y
 _23388_/X
 _23389_/Y
 _23390_/X
 _23391_/Y
 _23392_/X
 _23393_/X
 _23394_/Y
 _23395_/Y
 _23396_/Y
 _23397_/Y
 _23398_/Y
 _23399_/X
 _23400_/Y
 _23401_/Y
 _23402_/Y
 _23403_/Y
 _23404_/Y
 _23405_/X
 _23406_/Y
 _23407_/Y
 _23408_/Y
 _23409_/Y
 _23410_/X
 _23411_/Y
 _23412_/X
 _23413_/X
 _23414_/X
 _23415_/X
 _23416_/Y
 _23417_/X
 _23418_/Y
 _23419_/X
 _23420_/X
 _23421_/X
 _23422_/X
 _23423_/X
 _23424_/X
 _23425_/X
 _23426_/Y
 _23427_/X
 _23428_/Y
 _23429_/X
 _23430_/X
 _23431_/X
 _23432_/X
 _23433_/X
 _23434_/X
 _23435_/Y
 _23436_/Y
 _23437_/Y
 _23438_/X
 _23439_/Y
 _23440_/Y
 _23441_/X
 _23442_/X
 _23443_/Y
 _23444_/Y
 _23445_/Y
 _23446_/X
 _23447_/X
 _23448_/X
 _23449_/X
 _23450_/X
 _23451_/Y
 _23452_/Y
 _23453_/Y
 _23454_/X
 _23455_/Y
 _23456_/Y
 _23457_/Y
 _23458_/X
 _23459_/X
 _23460_/X
 _23461_/Y
 _23462_/Y
 _23463_/Y
 _23464_/Y
 _23465_/X
 _23466_/Y
 _23467_/Y
 _23468_/X
 _23469_/X
 _23470_/X
 _23471_/X
 _23472_/X
 _23473_/X
 _23474_/Y
 _23475_/Y
 _23476_/Y
 _23477_/X
 _23478_/X
 _23479_/Y
 _23480_/Y
 _23481_/X
 _23482_/X
 _23483_/X
 _23484_/Y
 _23485_/X
 _23486_/X
 _23487_/X
 _23488_/X
 _23489_/Y
 _23490_/Y
 _23491_/Y
 _23492_/Y
 _23493_/Y
 _23494_/Y
 _23495_/Y
 _23496_/X
 _23497_/Y
 _23498_/Y
 _23499_/X
 _23500_/X
 _23501_/Y
 _23502_/X
 _23503_/X
 _23504_/Y
 _23505_/X
 _23506_/Y
 _23507_/Y
 _23508_/Y
 _23509_/Y
 _23510_/Y
 _23511_/Y
 _23512_/X
 _23513_/Y
 _23514_/X
 _23515_/Y
 _23516_/Y
 _23517_/Y
 _23518_/X
 _23519_/X
 _23520_/Y
 _23521_/X
 _23522_/X
 _23523_/Y
 _23524_/Y
 _23525_/X
 _23526_/X
 _23527_/Y
 _23528_/Y
 _23529_/X
 _23530_/Y
 _23531_/Y
 _23532_/X
 _23533_/X
 _23534_/X
 _23535_/Y
 _23536_/Y
 _23537_/X
 _23538_/Y
 _23539_/Y
 _23540_/Y
 _23541_/Y
 _23542_/X
 _23543_/X
 _23544_/Y
 _23545_/X
 _23546_/Y
 _23547_/X
 _23548_/Y
 _23549_/X
 _23550_/Y
 _23551_/Y
 _23552_/X
 _23553_/X
 _23554_/X
 _23555_/Y
 _23556_/X
 _23557_/Y
 _23558_/Y
 _23559_/Y
 _23560_/X
 _23561_/X
 _23562_/Y
 _23563_/X
 _23564_/Y
 _23565_/Y
 _23566_/X
 _23567_/X
 _23568_/X
 _23569_/Y
 _23570_/X
 _23571_/Y
 _23572_/Y
 _23573_/X
 _23574_/Y
 _23575_/Y
 _23576_/X
 _23577_/Y
 _23578_/Y
 _23579_/Y
 _23580_/Y
 _23581_/Y
 _23582_/X
 _23583_/Y
 _23584_/Y
 _23585_/Y
 _23586_/X
 _23587_/X
 _23588_/Y
 _23589_/X
 _23590_/Y
 _23591_/X
 _23592_/Y
 _23593_/Y
 _23594_/X
 _23595_/Y
 _23596_/X
 _23597_/X
 _23598_/X
 _23599_/Y
 _23600_/Y
 _23601_/Y
 _23602_/X
 _23603_/Y
 _23604_/X
 _23605_/Y
 _23606_/Y
 _23607_/X
 _23608_/X
 _23609_/X
 _23610_/X
 _23611_/X
 _23612_/X
 _23613_/X
 _23614_/Y
 _23615_/Y
 _23616_/X
 _23617_/Y
 _23618_/X
 _23619_/X
 _23620_/X
 _23621_/X
 _23622_/Y
 _23623_/X
 _23624_/X
 _23625_/X
 _23626_/Y
 _23627_/Y
 _23628_/X
 _23629_/X
 _23630_/Y
 _23631_/X
 _23632_/X
 _23633_/X
 _23634_/X
 _23635_/Y
 _23636_/X
 _23637_/Y
 _23638_/X
 _23639_/Y
 _23640_/Y
 _23641_/X
 _23642_/Y
 _23643_/Y
 _23644_/X
 _23645_/X
 _23646_/Y
 _23647_/X
 _23648_/Y
 _23649_/X
 _23650_/X
 _23651_/X
 _23652_/Y
 _23653_/Y
 _23654_/X
 _23655_/X
 _23656_/X
 _23657_/X
 _23658_/X
 _23659_/X
 _23660_/Y
 _23661_/X
 _23662_/X
 _23663_/X
 _23664_/X
 _23665_/Y
 _23666_/Y
 _23667_/Y
 _23668_/Y
 _23669_/X
 _23670_/Y
 _23671_/X
 _23672_/X
 _23673_/Y
 _23674_/X
 _23675_/Y
 _23676_/Y
 _23677_/X
 _23678_/X
 _23679_/X
 _23680_/X
 _23681_/X
 _23682_/Y
 _23683_/X
 _23684_/X
 _23685_/X
 _23686_/Y
 _23687_/X
 _23688_/Y
 _23689_/Y
 _23690_/Y
 _23691_/X
 _23692_/Y
 _23693_/X
 _23694_/X
 _23695_/Y
 _23696_/X
 _23697_/X
 _23698_/X
 _23699_/Y
 _23700_/X
 _23701_/Y
 _23702_/X
 _23703_/Y
 _23704_/X
 _23705_/Y
 _23706_/Y
 _23707_/Y
 _23708_/Y
 _23709_/Y
 _23710_/Y
 _23711_/X
 _23712_/Y
 _23713_/Y
 _23714_/Y
 _23715_/X
 _23716_/Y
 _23717_/Y
 _23718_/X
 _23719_/X
 _23720_/Y
 _23721_/X
 _23722_/Y
 _23723_/X
 _23724_/Y
 _23725_/X
 _23726_/X
 _23727_/Y
 _23728_/Y
 _23729_/X
 _23730_/Y
 _23731_/Y
 _23732_/X
 _23733_/X
 _23734_/Y
 _23735_/Y
 _23736_/Y
 _23737_/Y
 _23738_/X
 _23739_/X
 _23740_/X
 _23741_/Y
 _23742_/X
 _23743_/X
 _23744_/Y
 _23745_/Y
 _23746_/Y
 _23747_/Y
 _23748_/Y
 _23749_/X
 _23750_/X
 _23751_/X
 _23752_/Y
 _23753_/X
 _23754_/Y
 _23755_/Y
 _23756_/X
 _23757_/Y
 _23758_/X
 _23759_/X
 _23760_/X
 _23761_/Y
 _23762_/X
 _23763_/X
 _23764_/Y
 _23765_/X
 _23766_/Y
 _23767_/X
 _23768_/X
 _23769_/X
 _23770_/Y
 _23771_/Y
 _23772_/Y
 _23773_/Y
 _23774_/X
 _23775_/Y
 _23776_/X
 _23777_/Y
 _23778_/X
 _23779_/X
 _23780_/X
 _23781_/Y
 _23782_/X
 _23783_/X
 _23784_/X
 _23785_/Y
 _23786_/X
 _23787_/X
 _23788_/X
 _23789_/X
 _23790_/Y
 _23791_/Y
 _23792_/Y
 _23793_/X
 _23794_/Y
 _23795_/X
 _23796_/Y
 _23797_/Y
 _23798_/Y
 _23799_/X
 _23800_/Y
 _23801_/X
 _23802_/X
 _23803_/X
 _23804_/X
 _23805_/Y
 _23806_/X
 _23807_/Y
 _23808_/Y
 _23809_/X
 _23810_/Y
 _23811_/X
 _23812_/Y
 _23813_/Y
 _23814_/Y
 _23815_/X
 _23816_/Y
 _23817_/Y
 _23818_/Y
 _23819_/Y
 _23820_/Y
 _23821_/X
 _23822_/X
 _23823_/Y
 _23824_/X
 _23825_/Y
 _23826_/X
 _23827_/Y
 _23828_/Y
 _23829_/X
 _23830_/X
 _23831_/Y
 _23832_/Y
 _23833_/X
 _23834_/Y
 _23835_/X
 _23836_/X
 _23837_/X
 _23838_/Y
 _23839_/Y
 _23840_/Y
 _23841_/Y
 _23842_/X
 _23843_/Y
 _23844_/Y
 _23845_/Y
 _23846_/X
 _23847_/Y
 _23848_/X
 _23849_/Y
 _23850_/X
 _23851_/Y
 _23852_/Y
 _23853_/Y
 _23854_/Y
 _23855_/Y
 _23856_/Y
 _23857_/Y
 _23858_/X
 _23859_/X
 _23860_/X
 _23861_/X
 _23862_/X
 _23863_/Y
 _23864_/X
 _23865_/Y
 _23866_/X
 _23867_/X
 _23868_/X
 _23869_/X
 _23870_/Y
 _23871_/Y
 _23872_/X
 _23873_/Y
 _23874_/X
 _23875_/Y
 _23876_/X
 _23877_/X
 _23878_/Y
 _23879_/Y
 _23880_/Y
 _23881_/X
 _23882_/X
 _23883_/X
 _23884_/Y
 _23885_/X
 _23886_/Y
 _23887_/Y
 _23888_/Y
 _23889_/Y
 _23890_/Y
 _23891_/Y
 _23892_/Y
 _23893_/X
 _23894_/X
 _23895_/Y
 _23896_/X
 _23897_/X
 _23898_/X
 _23899_/Y
 _23900_/X
 _23901_/X
 _23902_/X
 _23903_/X
 _23904_/Y
 _23905_/X
 _23906_/X
 _23907_/Y
 _23908_/Y
 _23909_/X
 _23910_/Y
 _23911_/Y
 _23912_/Y
 _23913_/Y
 _23914_/X
 _23915_/X
 _23916_/Y
 _23917_/Y
 _23918_/X
 _23919_/Y
 _23920_/X
 _23921_/Y
 _23922_/Y
 _23923_/X
 _23924_/X
 _23925_/X
 _23926_/Y
 _23927_/X
 _23928_/Y
 _23929_/X
 _23930_/X
 _23931_/Y
 _23932_/Y
 _23933_/Y
 _23934_/X
 _23935_/X
 _23936_/X
 _23937_/Y
 _23938_/Y
 _23939_/X
 _23940_/X
 _23941_/X
 _23942_/X
 _23943_/X
 _23944_/Y
 _23945_/X
 _23946_/X
 _23947_/Y
 _23948_/X
 _23949_/X
 _23950_/X
 _23951_/X
 _23952_/X
 _23953_/X
 _23954_/Y
 _23955_/X
 _23956_/X
 _23957_/Y
 _23958_/X
 _23959_/X
 _23960_/Y
 _23961_/X
 _23962_/Y
 _23963_/Y
 _23964_/Y
 _23965_/Y
 _23966_/Y
 _23967_/X
 _23968_/X
 _23969_/X
 _23970_/X
 _23971_/X
 _23972_/X
 _23973_/X
 _23974_/X
 _23975_/X
 _23976_/Y
 _23977_/Y
 _23978_/Y
 _23979_/Y
 _23980_/Y
 _23981_/Y
 _23982_/X
 _23983_/X
 _23984_/Y
 _23985_/X
 _23986_/X
 _23987_/Y
 _23988_/X
 _23989_/X
 _23990_/X
 _23991_/X
 _23992_/X
 _23993_/X
 _23994_/X
 _23995_/X
 _23996_/X
 _23997_/Y
 _23998_/X
 _23999_/Y
 _24000_/Y
 _24001_/Y
 _24002_/Y
 _24003_/X
 _24004_/X
 _24005_/X
 _24006_/Y
 _24007_/X
 _24008_/Y
 _24009_/Y
 _24010_/Y
 _24011_/Y
 _24012_/Y
 _24013_/Y
 _24014_/X
 _24015_/Y
 _24016_/Y
 _24017_/X
 _24018_/X
 _24019_/X
 _24020_/Y
 _24021_/X
 _24022_/X
 _24023_/Y
 _24024_/Y
 _24025_/X
 _24026_/Y
 _24027_/Y
 _24028_/X
 _24029_/Y
 _24030_/X
 _24031_/Y
 _24032_/X
 _24033_/Y
 _24034_/Y
 _24035_/Y
 _24036_/Y
 _24037_/Y
 _24038_/Y
 _24039_/X
 _24040_/Y
 _24041_/X
 _24042_/X
 _24043_/X
 _24044_/X
 _24045_/X
 _24046_/Y
 _24047_/Y
 _24048_/Y
 _24049_/Y
 _24050_/X
 _24051_/Y
 _24052_/Y
 _24053_/X
 _24054_/Y
 _24055_/Y
 _24056_/X
 _24057_/X
 _24058_/X
 _24059_/X
 _24060_/X
 _24061_/Y
 _24062_/X
 _24063_/X
 _24064_/X
 _24065_/X
 _24066_/X
 _24067_/X
 _24068_/Y
 _24069_/X
 _24070_/Y
 _24071_/Y
 _24072_/X
 _24073_/X
 _24074_/Y
 _24075_/X
 _24076_/Y
 _24077_/Y
 _24078_/X
 _24079_/Y
 _24080_/X
 _24081_/X
 _24082_/Y
 _24083_/Y
 _24084_/X
 _24085_/Y
 _24086_/Y
 _24087_/Y
 _24088_/Y
 _24089_/X
 _24090_/Y
 _24091_/Y
 _24092_/Y
 _24093_/Y
 _24094_/X
 _24095_/X
 _24096_/Y
 _24097_/X
 _24098_/Y
 _24099_/X
 _24100_/X
 _24101_/X
 _24102_/Y
 _24103_/X
 _24104_/X
 _24105_/Y
 _24106_/X
 _24107_/X
 _24108_/X
 _24109_/X
 _24110_/X
 _24111_/Y
 _24112_/X
 _24113_/X
 _24114_/X
 _24115_/X
 _24116_/Y
 _24117_/X
 _24118_/Y
 _24119_/X
 _24120_/Y
 _24121_/X
 _24122_/Y
 _24123_/X
 _24124_/X
 _24125_/Y
 _24126_/X
 _24127_/Y
 _24128_/Y
 _24129_/X
 _24130_/X
 _24131_/Y
 _24132_/X
 _24133_/Y
 _24134_/Y
 _24135_/X
 _24136_/Y
 _24137_/X
 _24138_/Y
 _24139_/X
 _24140_/Y
 _24141_/X
 _24142_/X
 _24143_/X
 _24144_/Y
 _24145_/X
 _24146_/X
 _24147_/X
 _24148_/X
 _24149_/Y
 _24150_/Y
 _24151_/X
 _24152_/Y
 _24153_/Y
 _24154_/Y
 _24155_/X
 _24156_/X
 _24157_/X
 _24158_/X
 _24159_/X
 _24160_/Y
 _24161_/Y
 _24162_/X
 _24163_/X
 _24164_/Y
 _24165_/X
 _24166_/Y
 _24167_/X
 _24168_/Y
 _24169_/Y
 _24170_/X
 _24171_/Y
 _24172_/X
 _24173_/Y
 _24174_/X
 _24175_/X
 _24176_/X
 _24177_/Y
 _24178_/Y
 _24179_/X
 _24180_/X
 _24181_/Y
 _24182_/X
 _24183_/X
 _24184_/X
 _24185_/X
 _24186_/X
 _24187_/X
 _24188_/X
 _24189_/Y
 _24190_/X
 _24191_/X
 _24192_/X
 _24193_/X
 _24194_/Y
 _24195_/X
 _24196_/Y
 _24197_/X
 _24198_/Y
 _24199_/Y
 _24200_/Y
 _24201_/X
 _24202_/X
 _24203_/Y
 _24204_/X
 _24205_/X
 _24206_/X
 _24207_/Y
 _24208_/X
 _24209_/Y
 _24210_/Y
 _24211_/Y
 _24212_/X
 _24213_/X
 _24214_/X
 _24215_/X
 _24216_/Y
 _24217_/Y
 _24218_/X
 _24219_/Y
 _24220_/X
 _24221_/Y
 _24222_/X
 _24223_/X
 _24224_/X
 _24225_/Y
 _24226_/X
 _24227_/Y
 _24228_/X
 _24229_/X
 _24230_/X
 _24231_/Y
 _24232_/Y
 _24233_/X
 _24234_/Y
 _24235_/Y
 _24236_/X
 _24237_/Y
 _24238_/X
 _24239_/X
 _24240_/Y
 _24241_/Y
 _24242_/X
 _24243_/Y
 _24244_/Y
 _24245_/X
 _24246_/Y
 _24247_/Y
 _24248_/Y
 _24249_/X
 _24250_/X
 _24251_/X
 _24252_/X
 _24253_/Y
 _24254_/X
 _24255_/Y
 _24256_/X
 _24257_/X
 _24258_/Y
 _24259_/X
 _24260_/X
 _24261_/Y
 _24262_/Y
 _24263_/Y
 _24264_/X
 _24265_/Y
 _24266_/X
 _24267_/X
 _24268_/Y
 _24269_/Y
 _24270_/Y
 _24271_/X
 _24272_/Y
 _24273_/Y
 _24274_/Y
 _24275_/X
 _24276_/Y
 _24277_/Y
 _24278_/X
 _24279_/X
 _24280_/Y
 _24281_/Y
 _24282_/Y
 _24283_/Y
 _24284_/X
 _24285_/Y
 _24286_/Y
 _24287_/Y
 _24288_/Y
 _24289_/Y
 _24290_/Y
 _24291_/X
 _24292_/Y
 _24293_/X
 _24294_/X
 _24295_/Y
 _24296_/X
 _24297_/Y
 _24298_/X
 _24299_/X
 _24300_/Y
 _24301_/Y
 _24302_/X
 _24303_/Y
 _24304_/Y
 _24305_/X
 _24306_/Y
 _24307_/X
 _24308_/X
 _24309_/Y
 _24310_/X
 _24311_/Y
 _24312_/X
 _24313_/Y
 _24314_/Y
 _24315_/X
 _24316_/X
 _24317_/X
 _24318_/Y
 _24319_/Y
 _24320_/X
 _24321_/X
 _24322_/X
 _24323_/Y
 _24324_/X
 _24325_/X
 _24326_/Y
 _24327_/Y
 _24328_/Y
 _24329_/X
 _24330_/Y
 _24331_/X
 _24332_/X
 _24333_/Y
 _24334_/Y
 _24335_/Y
 _24336_/X
 _24337_/X
 _24338_/X
 _24339_/Y
 _24340_/X
 _24341_/X
 _24342_/X
 _24343_/X
 _24344_/Y
 _24345_/X
 _24346_/Y
 _24347_/X
 _24348_/X
 _24349_/X
 _24350_/Y
 _24351_/Y
 _24352_/X
 _24353_/X
 _24354_/Y
 _24355_/X
 _24356_/X
 _24357_/X
 _24358_/Y
 _24359_/X
 _24360_/Y
 _24361_/X
 _24362_/X
 _24363_/X
 _24364_/Y
 _24365_/Y
 _24366_/Y
 _24367_/Y
 _24368_/Y
 _24369_/X
 _24370_/Y
 _24371_/Y
 _24372_/X
 _24373_/Y
 _24374_/Y
 _24375_/Y
 _24376_/X
 _24377_/Y
 _24378_/X
 _24379_/Y
 _24380_/X
 _24381_/Y
 _24382_/X
 _24383_/X
 _24384_/Y
 _24385_/Y
 _24386_/X
 _24387_/Y
 _24388_/X
 _24389_/X
 _24390_/X
 _24391_/X
 _24392_/X
 _24393_/Y
 _24394_/Y
 _24395_/Y
 _24396_/X
 _24397_/X
 _24398_/X
 _24399_/X
 _24400_/Y
 _24401_/Y
 _24402_/X
 _24403_/X
 _24404_/Y
 _24405_/Y
 _24406_/X
 _24407_/X
 _24408_/X
 _24409_/X
 _24410_/Y
 _24411_/X
 _24412_/Y
 _24413_/Y
 _24414_/Y
 _24415_/X
 _24416_/Y
 _24417_/Y
 _24418_/Y
 _24419_/X
 _24420_/Y
 _24421_/Y
 _24422_/X
 _24423_/X
 _24424_/Y
 _24425_/X
 _24426_/X
 _24427_/Y
 _24428_/X
 _24429_/X
 _24430_/Y
 _24431_/X
 _24432_/Y
 _24433_/Y
 _24434_/Y
 _24435_/X
 _24436_/X
 _24437_/Y
 _24438_/Y
 _24439_/Y
 _24440_/X
 _24441_/Y
 _24442_/X
 _24443_/X
 _24444_/X
 _24445_/X
 _24446_/Y
 _24447_/Y
 _24448_/Y
 _24449_/Y
 _24450_/X
 _24451_/Y
 _24452_/Y
 _24453_/X
 _24454_/Y
 _24455_/X
 _24456_/X
 _24457_/Y
 _24458_/X
 _24459_/X
 _24460_/X
 _24461_/Y
 _24462_/Y
 _24463_/Y
 _24464_/Y
 _24465_/X
 _24466_/Y
 _24467_/Y
 _24468_/Y
 _24469_/X
 _24470_/X
 _24471_/X
 _24472_/Y
 _24473_/Y
 _24474_/X
 _24475_/Y
 _24476_/Y
 _24477_/Y
 _24478_/X
 _24479_/X
 _24480_/X
 _24481_/Y
 _24482_/X
 _24483_/X
 _24484_/X
 _24485_/Y
 _24486_/X
 _24487_/X
 _24488_/X
 _24489_/X
 _24490_/X
 _24491_/X
 _24492_/X
 _24493_/X
 _24494_/X
 _24495_/X
 _24496_/X
 _24497_/Y
 _24498_/X
 _24499_/Y
 _24500_/Y
 _24501_/Y
 _24502_/X
 _24503_/Y
 _24504_/Y
 _24505_/Y
 _24506_/X
 _24507_/Y
 _24508_/Y
 _24509_/Y
 _24510_/X
 _24511_/Y
 _24512_/Y
 _24513_/X
 _24514_/Y
 _24515_/Y
 _24516_/Y
 _24517_/X
 _24518_/Y
 _24519_/X
 _24520_/Y
 _24521_/X
 _24522_/X
 _24523_/X
 _24524_/X
 _24525_/X
 _24526_/X
 _24527_/X
 _24528_/X
 _24529_/Y
 _24530_/X
 _24531_/Y
 _24532_/Y
 _24533_/X
 _24534_/Y
 _24535_/X
 _24536_/Y
 _24537_/X
 _24538_/X
 _24539_/Y
 _24540_/X
 _24541_/X
 _24542_/X
 _24543_/Y
 _24544_/X
 _24545_/X
 _24546_/X
 _24547_/Y
 _24548_/X
 _24549_/Y
 _24550_/Y
 _24551_/Y
 _24552_/X
 _24553_/Y
 _24554_/Y
 _24555_/X
 _24556_/Y
 _24557_/X
 _24558_/Y
 _24559_/Y
 _24560_/Y
 _24561_/X
 _24562_/X
 _24563_/Y
 _24564_/Y
 _24565_/X
 _24566_/Y
 _24567_/X
 _24568_/Y
 _24569_/Y
 _24570_/X
 _24571_/Y
 _24572_/Y
 _24573_/Y
 _24574_/X
 _24575_/Y
 _24576_/X
 _24577_/X
 _24578_/Y
 _24579_/X
 _24580_/X
 _24581_/Y
 _24582_/Y
 _24583_/X
 _24584_/X
 _24585_/X
 _24586_/X
 _24587_/Y
 _24588_/X
 _24589_/X
 _24590_/Y
 _24591_/X
 _24592_/Y
 _24593_/X
 _24594_/X
 _24595_/Y
 _24596_/X
 _24597_/X
 _24598_/X
 _24599_/X
 _24600_/X
 _24601_/X
 _24602_/X
 _24603_/Y
 _24604_/Y
 _24605_/X
 _24606_/X
 _24607_/X
 _24608_/X
 _24609_/Y
 _24610_/X
 _24611_/X
 _24612_/X
 _24613_/Y
 _24614_/X
 _24615_/Y
 _24616_/Y
 _24617_/X
 _24618_/Y
 _24619_/Y
 _24620_/Y
 _24621_/Y
 _24622_/Y
 _24623_/Y
 _24624_/X
 _24625_/Y
 _24626_/Y
 _24627_/X
 _24628_/Y
 _24629_/Y
 _24630_/Y
 _24631_/X
 _24632_/X
 _24633_/Y
 _24634_/X
 _24635_/X
 _24636_/X
 _24637_/X
 _24638_/Y
 _24639_/X
 _24640_/Y
 _24641_/Y
 _24642_/Y
 _24643_/Y
 _24644_/Y
 _24645_/X
 _24646_/X
 _24647_/X
 _24648_/Y
 _24649_/X
 _24650_/X
 _24651_/Y
 _24652_/X
 _24653_/X
 _24654_/X
 _24655_/Y
 _24656_/X
 _24657_/X
 _24658_/X
 _24659_/Y
 _24660_/Y
 _24661_/Y
 _24662_/X
 _24663_/Y
 _24664_/Y
 _24665_/X
 _24666_/X
 _24667_/X
 _24668_/X
 _24669_/Y
 _24670_/X
 _24671_/X
 _24672_/X
 _24673_/X
 _24674_/X
 _24675_/X
 _24676_/X
 _24677_/X
 _24678_/X
 _24679_/X
 _24680_/Y
 _24681_/Y
 _24682_/X
 _24683_/X
 _24684_/X
 _24685_/Y
 _24686_/Y
 _24687_/X
 _24688_/Y
 _24689_/X
 _24690_/Y
 _24691_/Y
 _24692_/Y
 _24693_/Y
 _24694_/X
 _24695_/Y
 _24696_/Y
 _24697_/X
 _24698_/Y
 _24699_/Y
 _24700_/Y
 _24701_/X
 _24702_/Y
 _24703_/X
 _24704_/Y
 _24705_/X
 _24706_/X
 _24707_/Y
 _24708_/X
 _24709_/X
 _24710_/X
 _24711_/X
 _24712_/Y
 _24713_/Y
 _24714_/Y
 _24715_/Y
 _24716_/Y
 _24717_/X
 _24718_/X
 _24719_/Y
 _24720_/Y
 _24721_/X
 _24722_/Y
 _24723_/X
 _24724_/X
 _24725_/X
 _24726_/X
 _24727_/X
 _24728_/X
 _24729_/Y
 _24730_/X
 _24731_/Y
 _24732_/Y
 _24733_/X
 _24734_/Y
 _24735_/X
 _24736_/X
 _24737_/Y
 _24738_/X
 _24739_/X
 _24740_/Y
 _24741_/X
 _24742_/Y
 _24743_/X
 _24744_/Y
 _24745_/X
 _24746_/Y
 _24747_/X
 _24748_/X
 _24749_/Y
 _24750_/X
 _24751_/Y
 _24752_/X
 _24753_/Y
 _24754_/Y
 _24755_/Y
 _24756_/X
 _24757_/X
 _24758_/X
 _24759_/X
 _24760_/X
 _24761_/X
 _24762_/X
 _24763_/X
 _24764_/X
 _24765_/X
 _24766_/X
 _24767_/Y
 _24768_/X
 _24769_/X
 _24770_/Y
 _24771_/Y
 _24772_/X
 _24773_/Y
 _24774_/Y
 _24775_/Y
 _24776_/X
 _24777_/X
 _24778_/X
 _24779_/Y
 _24780_/Y
 _24781_/X
 _24782_/Y
 _24783_/Y
 _24784_/X
 _24785_/X
 _24786_/Y
 _24787_/Y
 _24788_/Y
 _24789_/Y
 _24790_/X
 _24791_/Y
 _24792_/X
 _24793_/Y
 _24794_/Y
 _24795_/Y
 _24796_/X
 _24797_/Y
 _24798_/Y
 _24799_/Y
 _24800_/X
 _24801_/Y
 _24802_/X
 _24803_/X
 _24804_/X
 _24805_/Y
 _24806_/Y
 _24807_/Y
 _24808_/Y
 _24809_/X
 _24810_/X
 _24811_/Y
 _24812_/Y
 _24813_/X
 _24814_/X
 _24815_/X
 _24816_/X
 _24817_/Y
 _24818_/Y
 _24819_/Y
 _24820_/X
 _24821_/Y
 _24822_/Y
 _24823_/Y
 _24824_/X
 _24825_/X
 _24826_/X
 _24827_/X
 _24828_/X
 _24829_/Y
 _24830_/Y
 _24831_/X
 _24832_/X
 _24833_/X
 _24834_/X
 _24835_/Y
 _24836_/Y
 _24837_/Y
 _24838_/X
 _24839_/X
 _24840_/X
 _24841_/X
 _24842_/Y
 _24843_/Y
 _24844_/X
 _24845_/X
 _24846_/Y
 _24847_/Y
 _24848_/X
 _24849_/X
 _24850_/X
 _24851_/Y
 _24852_/Y
 _24853_/Y
 _24854_/X
 _24855_/X
 _24856_/Y
 _24857_/X
 _24858_/X
 _24859_/X
 _24860_/X
 _24861_/X
 _24862_/Y
 _24863_/Y
 _24864_/Y
 _24865_/Y
 _24866_/X
 _24867_/Y
 _24868_/X
 _24869_/Y
 _24870_/X
 _24871_/X
 _24872_/X
 _24873_/X
 _24874_/Y
 _24875_/X
 _24876_/Y
 _24877_/X
 _24878_/X
 _24879_/Y
 _24880_/X
 _24881_/X
 _24882_/Y
 _24883_/X
 _24884_/X
 _24885_/Y
 _24886_/Y
 _24887_/X
 _24888_/Y
 _24889_/X
 _24890_/X
 _24891_/X
 _24892_/X
 _24893_/X
 _24894_/X
 _24895_/Y
 _24896_/Y
 _24897_/X
 _24898_/X
 _24899_/Y
 _24900_/Y
 _24901_/Y
 _24902_/Y
 _24903_/Y
 _24904_/Y
 _24905_/X
 _24906_/X
 _24907_/Y
 _24908_/Y
 _24909_/X
 _24910_/X
 _24911_/X
 _24912_/X
 _24913_/X
 _24914_/Y
 _24915_/X
 _24916_/Y
 _24917_/X
 _24918_/Y
 _24919_/X
 _24920_/Y
 _24921_/Y
 _24922_/Y
 _24923_/X
 _24924_/Y
 _24925_/X
 _24926_/Y
 _24927_/Y
 _24928_/Y
 _24929_/X
 _24930_/Y
 _24931_/X
 _24932_/Y
 _24933_/X
 _24934_/Y
 _24935_/X
 _24936_/Y
 _24937_/Y
 _24938_/X
 _24939_/X
 _24940_/Y
 _24941_/X
 _24942_/X
 _24943_/X
 _24944_/X
 _24945_/X
 _24946_/X
 _24947_/X
 _24948_/X
 _24949_/X
 _24950_/X
 _24951_/X
 _24952_/X
 _24953_/Y
 _24954_/Y
 _24955_/X
 _24956_/Y
 _24957_/Y
 _24958_/Y
 _24959_/Y
 _24960_/Y
 _24961_/X
 _24962_/X
 _24963_/X
 _24964_/Y
 _24965_/X
 _24966_/Y
 _24967_/Y
 _24968_/X
 _24969_/Y
 _24970_/Y
 _24971_/Y
 _24972_/X
 _24973_/Y
 _24974_/X
 _24975_/Y
 _24976_/X
 _24977_/Y
 _24978_/X
 _24979_/Y
 _24980_/X
 _24981_/X
 _24982_/Y
 _24983_/Y
 _24984_/Y
 _24985_/Y
 _24986_/X
 _24987_/Y
 _24988_/Y
 _24989_/Y
 _24990_/Y
 _24991_/X
 _24992_/X
 _24993_/X
 _24994_/X
 _24995_/X
 _24996_/Y
 _24997_/Y
 _24998_/X
 _24999_/X
 _25000_/X
 _25001_/X
 _25002_/X
 _25003_/Y
 _25004_/Y
 _25005_/X
 _25006_/X
 _25007_/Y
 _25008_/X
 _25009_/Y
 _25010_/Y
 _25011_/X
 _25012_/Y
 _25013_/X
 _25014_/Y
 _25015_/X
 _25016_/X
 _25017_/Y
 _25018_/X
 _25019_/X
 _25020_/X
 _25021_/X
 _25022_/Y
 _25023_/Y
 _25024_/Y
 _25025_/X
 _25026_/Y
 _25027_/Y
 _25028_/X
 _25029_/Y
 _25030_/X
 _25031_/X
 _25032_/X
 _25033_/X
 _25034_/X
 _25035_/X
 _25036_/X
 _25037_/X
 _25038_/X
 _25039_/Y
 _25040_/X
 _25041_/X
 _25042_/X
 _25043_/Y
 _25044_/Y
 _25045_/X
 _25046_/X
 _25047_/X
 _25048_/Y
 _25049_/X
 _25050_/Y
 _25051_/X
 _25052_/X
 _25053_/X
 _25054_/Y
 _25055_/X
 _25056_/X
 _25057_/X
 _25058_/Y
 _25059_/Y
 _25060_/Y
 _25061_/X
 _25062_/Y
 _25063_/Y
 _25064_/Y
 _25065_/Y
 _25066_/X
 _25067_/Y
 _25068_/Y
 _25069_/X
 _25070_/X
 _25071_/Y
 _25072_/X
 _25073_/X
 _25074_/Y
 _25075_/Y
 _25076_/Y
 _25077_/X
 _25078_/X
 _25079_/X
 _25080_/Y
 _25081_/Y
 _25082_/X
 _25083_/X
 _25084_/X
 _25085_/X
 _25086_/X
 _25087_/X
 _25088_/Y
 _25089_/Y
 _25090_/X
 _25091_/X
 _25092_/X
 _25093_/Y
 _25094_/Y
 _25095_/Y
 _25096_/Y
 _25097_/Y
 _25098_/Y
 _25099_/Y
 _25100_/Y
 _25101_/X
 _25102_/X
 _25103_/X
 _25104_/Y
 _25105_/X
 _25106_/Y
 _25107_/Y
 _25108_/Y
 _25109_/X
 _25110_/X
 _25111_/X
 _25112_/X
 _25113_/X
 _25114_/X
 _25115_/Y
 _25116_/Y
 _25117_/X
 _25118_/Y
 _25119_/X
 _25120_/X
 _25121_/Y
 _25122_/Y
 _25123_/Y
 _25124_/Y
 _25125_/Y
 _25126_/X
 _25127_/X
 _25128_/X
 _25129_/Y
 _25130_/X
 _25131_/Y
 _25132_/X
 _25133_/X
 _25134_/Y
 _25135_/Y
 _25136_/X
 _25137_/X
 _25138_/Y
 _25139_/X
 _25140_/X
 _25141_/Y
 _25142_/X
 _25143_/X
 _25144_/Y
 _25145_/X
 _25146_/Y
 _25147_/Y
 _25148_/X
 _25149_/Y
 _25150_/X
 _25151_/X
 _25152_/Y
 _25153_/X
 _25154_/Y
 _25155_/X
 _25156_/X
 _25157_/X
 _25158_/X
 _25159_/X
 _25160_/X
 _25161_/Y
 _25162_/X
 _25163_/Y
 _25164_/X
 _25165_/Y
 _25166_/X
 _25167_/Y
 _25168_/X
 _25169_/Y
 _25170_/Y
 _25171_/X
 _25172_/Y
 _25173_/Y
 _25174_/Y
 _25175_/Y
 _25176_/Y
 _25177_/X
 _25178_/X
 _25179_/Y
 _25180_/Y
 _25181_/X
 _25182_/X
 _25183_/X
 _25184_/Y
 _25185_/Y
 _25186_/Y
 _25187_/X
 _25188_/X
 _25189_/Y
 _25190_/X
 _25191_/Y
 _25192_/X
 _25193_/X
 _25194_/Y
 _25195_/Y
 _25196_/X
 _25197_/Y
 _25198_/X
 _25199_/Y
 _25200_/Y
 _25201_/X
 _25202_/X
 _25203_/X
 _25204_/X
 _25205_/Y
 _25206_/X
 _25207_/X
 _25208_/X
 _25209_/X
 _25210_/X
 _25211_/X
 _25212_/Y
 _25213_/Y
 _25214_/X
 _25215_/X
 _25216_/X
 _25217_/Y
 _25218_/X
 _25219_/X
 _25220_/Y
 _25221_/X
 _25222_/Y
 _25223_/X
 _25224_/X
 _25225_/Y
 _25226_/Y
 _25227_/X
 _25228_/X
 _25229_/X
 _25230_/X
 _25231_/X
 _25232_/Y
 _25233_/Y
 _25234_/X
 _25235_/X
 _25236_/Y
 _25237_/Y
 _25238_/Y
 _25239_/Y
 _25240_/Y
 _25241_/Y
 _25242_/Y
 _25243_/Y
 _25244_/X
 _25245_/Y
 _25246_/Y
 _25247_/Y
 _25248_/X
 _25249_/Y
 _25250_/X
 _25251_/X
 _25252_/X
 _25253_/Y
 _25254_/Y
 _25255_/Y
 _25256_/X
 _25257_/Y
 _25258_/X
 _25259_/Y
 _25260_/Y
 _25261_/Y
 _25262_/Y
 _25263_/X
 _25264_/Y
 _25265_/Y
 _25266_/Y
 _25267_/X
 _25268_/Y
 _25269_/Y
 _25270_/X
 _25271_/Y
 _25272_/X
 _25273_/Y
 _25274_/X
 _25275_/X
 _25276_/Y
 _25277_/X
 _25278_/Y
 _25279_/X
 _25280_/Y
 _25281_/X
 _25282_/Y
 _25283_/X
 _25284_/X
 _25285_/Y
 _25286_/Y
 _25287_/X
 _25288_/X
 _25289_/Y
 _25290_/X
 _25291_/Y
 _25292_/Y
 _25293_/Y
 _25294_/X
 _25295_/Y
 _25296_/X
 _25297_/X
 _25298_/X
 _25299_/Y
 _25300_/Y
 _25301_/Y
 _25302_/Y
 _25303_/X
 _25304_/X
 _25305_/X
 _25306_/Y
 _25307_/X
 _25308_/Y
 _25309_/Y
 _25310_/Y
 _25311_/X
 _25312_/Y
 _25313_/X
 _25314_/X
 _25315_/X
 _25316_/X
 _25317_/X
 _25318_/X
 _25319_/Y
 _25320_/Y
 _25321_/X
 _25322_/Y
 _25323_/X
 _25324_/Y
 _25325_/Y
 _25326_/Y
 _25327_/Y
 _25328_/X
 _25329_/X
 _25330_/Y
 _25331_/Y
 _25332_/Y
 _25333_/X
 _25334_/X
 _25335_/X
 _25336_/X
 _25337_/X
 _25338_/Y
 _25339_/Y
 _25340_/X
 _25341_/Y
 _25342_/Y
 _25343_/Y
 _25344_/Y
 _25345_/X
 _25346_/X
 _25347_/Y
 _25348_/X
 _25349_/Y
 _25350_/X
 _25351_/Y
 _25352_/X
 _25353_/X
 _25354_/Y
 _25355_/X
 _25356_/Y
 _25357_/Y
 _25358_/X
 _25359_/Y
 _25360_/X
 _25361_/X
 _25362_/X
 _25363_/Y
 _25364_/X
 _25365_/Y
 _25366_/Y
 _25367_/Y
 _25368_/Y
 _25369_/Y
 _25370_/X
 _25371_/Y
 _25372_/X
 _25373_/Y
 _25374_/X
 _25375_/X
 _25376_/X
 _25377_/Y
 _25378_/X
 _25379_/Y
 _25380_/X
 _25381_/X
 _25382_/X
 _25383_/X
 _25384_/Y
 _25385_/X
 _25386_/X
 _25387_/X
 _25388_/X
 _25389_/Y
 _25390_/X
 _25391_/Y
 _25392_/Y
 _25393_/X
 _25394_/Y
 _25395_/Y
 _25396_/X
 _25397_/Y
 _25398_/X
 _25399_/Y
 _25400_/X
 _25401_/Y
 _25402_/X
 _25403_/X
 _25404_/Y
 _25405_/X
 _25406_/X
 _25407_/Y
 _25408_/X
 _25409_/X
 _25410_/X
 _25411_/X
 _25412_/Y
 _25413_/X
 _25414_/X
 _25415_/X
 _25416_/Y
 _25417_/X
 _25418_/X
 _25419_/X
 _25420_/X
 _25421_/X
 _25422_/X
 _25423_/X
 _25424_/X
 _25425_/Y
 _25426_/X
 _25427_/Y
 _25428_/X
 _25429_/X
 _25430_/X
 _25431_/X
 _25432_/X
 _25433_/Y
 _25434_/Y
 _25435_/Y
 _25436_/Y
 _25437_/Y
 _25438_/X
 _25439_/X
 _25440_/X
 _25441_/X
 _25442_/Y
 _25443_/X
 _25444_/Y
 _25445_/X
 _25446_/Y
 _25447_/X
 _25448_/X
 _25449_/Y
 _25450_/X
 _25451_/X
 _25452_/Y
 _25453_/Y
 _25454_/Y
 _25455_/X
 _25456_/Y
 _25457_/X
 _25458_/Y
 _25459_/Y
 _25460_/Y
 _25461_/X
 _25462_/X
 _25463_/X
 _25464_/Y
 _25465_/X
 _25466_/Y
 _25467_/Y
 _25468_/X
 _25469_/X
 _25470_/Y
 _25471_/X
 _25472_/X
 _25473_/Y
 _25474_/Y
 _25475_/Y
 _25476_/X
 _25477_/X
 _25478_/Y
 _25479_/Y
 _25480_/Y
 _25481_/X
 _25482_/Y
 _25483_/X
 _25484_/Y
 _25485_/X
 _25486_/X
 _25487_/Y
 _25488_/X
 _25489_/Y
 _25490_/X
 _25491_/Y
 _25492_/X
 _25493_/X
 _25494_/Y
 _25495_/Y
 _25496_/X
 _25497_/Y
 _25498_/Y
 _25499_/Y
 _25500_/Y
 _25501_/X
 _25502_/Y
 _25503_/Y
 _25504_/X
 _25505_/Y
 _25506_/X
 _25507_/X
 _25508_/X
 _25509_/X
 _25510_/Y
 _25511_/X
 _25512_/X
 _25513_/Y
 _25514_/X
 _25515_/Y
 _25516_/X
 _25517_/Y
 _25518_/X
 _25519_/Y
 _25520_/Y
 _25521_/X
 _25522_/X
 _25523_/X
 _25524_/X
 _25525_/Y
 _25526_/X
 _25527_/Y
 _25528_/Y
 _25529_/X
 _25530_/X
 _25531_/X
 _25532_/Y
 _25533_/X
 _25534_/Y
 _25535_/Y
 _25536_/X
 _25537_/X
 _25538_/X
 _25539_/Y
 _25540_/Y
 _25541_/X
 _25542_/Y
 _25543_/X
 _25544_/X
 _25545_/X
 _25546_/Y
 _25547_/X
 _25548_/Y
 _25549_/X
 _25550_/Y
 _25551_/X
 _25552_/Y
 _25553_/X
 _25554_/Y
 _25555_/Y
 _25556_/X
 _25557_/Y
 _25558_/X
 _25559_/Y
 _25560_/Y
 _25561_/X
 _25562_/X
 _25563_/Y
 _25564_/Y
 _25565_/Y
 _25566_/Y
 _25567_/X
 _25568_/Y
 _25569_/X
 _25570_/X
 _25571_/Y
 _25572_/Y
 _25573_/X
 _25574_/X
 _25575_/Y
 _25576_/Y
 _25577_/Y
 _25578_/Y
 _25579_/Y
 _25580_/X
 _25581_/Y
 _25582_/X
 _25583_/Y
 _25584_/X
 _25585_/Y
 _25586_/X
 _25587_/X
 _25588_/Y
 _25589_/X
 _25590_/Y
 _25591_/Y
 _25592_/X
 _25593_/Y
 _25594_/X
 _25595_/X
 _25596_/Y
 _25597_/X
 _25598_/Y
 _25599_/X
 _25600_/X
 _25601_/X
 _25602_/X
 _25603_/X
 _25604_/Y
 _25605_/X
 _25606_/X
 _25607_/Y
 _25608_/Y
 _25609_/X
 _25610_/X
 _25611_/X
 _25612_/X
 _25613_/X
 _25614_/Y
 _25615_/Y
 _25616_/X
 _25617_/X
 _25618_/Y
 _25619_/X
 _25620_/X
 _25621_/Y
 _25622_/Y
 _25623_/Y
 _25624_/Y
 _25625_/X
 _25626_/X
 _25627_/X
 _25628_/Y
 _25629_/Y
 _25630_/Y
 _25631_/Y
 _25632_/Y
 _25633_/X
 _25634_/X
 _25635_/Y
 _25636_/X
 _25637_/X
 _25638_/Y
 _25639_/X
 _25640_/X
 _25641_/X
 _25642_/X
 _25643_/X
 _25644_/Y
 _25645_/X
 _25646_/X
 _25647_/Y
 _25648_/X
 _25649_/Y
 _25650_/X
 _25651_/X
 _25652_/Y
 _25653_/X
 _25654_/X
 _25655_/X
 _25656_/X
 _25657_/Y
 _25658_/Y
 _25659_/X
 _25660_/X
 _25661_/Y
 _25662_/X
 _25663_/X
 _25664_/X
 _25665_/Y
 _25666_/X
 _25667_/X
 _25668_/Y
 _25669_/Y
 _25670_/X
 _25671_/X
 _25672_/X
 _25673_/X
 _25674_/X
 _25675_/X
 _25676_/Y
 _25677_/Y
 _25678_/X
 _25679_/Y
 _25680_/X
 _25681_/X
 _25682_/X
 _25683_/Y
 _25684_/X
 _25685_/Y
 _25686_/X
 _25687_/Y
 _25688_/Y
 _25689_/Y
 _25690_/X
 _25691_/Y
 _25692_/X
 _25693_/X
 _25694_/Y
 _25695_/Y
 _25696_/Y
 _25697_/Y
 _25698_/X
 _25699_/X
 _25700_/Y
 _25701_/Y
 _25702_/X
 _25703_/X
 _25704_/X
 _25705_/X
 _25706_/Y
 _25707_/X
 _25708_/X
 _25709_/Y
 _25710_/Y
 _25711_/X
 _25712_/Y
 _25713_/X
 _25714_/X
 _25715_/Y
 _25716_/X
 _25717_/X
 _25718_/Y
 _25719_/X
 _25720_/Y
 _25721_/Y
 _25722_/Y
 _25723_/X
 _25724_/Y
 _25725_/Y
 _25726_/X
 _25727_/X
 _25728_/X
 _25729_/X
 _25730_/Y
 _25731_/X
 _25732_/Y
 _25733_/Y
 _25734_/X
 _25735_/X
 _25736_/X
 _25737_/Y
 _25738_/Y
 _25739_/X
 _25740_/X
 _25741_/X
 _25742_/Y
 _25743_/X
 _25744_/X
 _25745_/Y
 _25746_/Y
 _25747_/X
 _25748_/X
 _25749_/X
 _25750_/Y
 _25751_/X
 _25752_/X
 _25753_/Y
 _25754_/Y
 _25755_/Y
 _25756_/Y
 _25757_/X
 _25758_/Y
 _25759_/X
 _25760_/Y
 _25761_/X
 _25762_/X
 _25763_/Y
 _25764_/X
 _25765_/Y
 _25766_/X
 _25767_/X
 _25768_/X
 _25769_/Y
 _25770_/X
 _25771_/X
 _25772_/Y
 _25773_/X
 _25774_/Y
 _25775_/X
 _25776_/X
 _25777_/Y
 _25778_/Y
 _25779_/Y
 _25780_/Y
 _25781_/Y
 _25782_/X
 _25783_/Y
 _25784_/Y
 _25785_/X
 _25786_/Y
 _25787_/X
 _25788_/X
 _25789_/X
 _25790_/X
 _25791_/X
 _25792_/X
 _25793_/Y
 _25794_/X
 _25795_/Y
 _25796_/X
 _25797_/Y
 _25798_/X
 _25799_/X
 _25800_/X
 _25801_/Y
 _25802_/X
 _25803_/Y
 _25804_/X
 _25805_/Y
 _25806_/Y
 _25807_/Y
 _25808_/Y
 _25809_/X
 _25810_/Y
 _25811_/Y
 _25812_/X
 _25813_/X
 _25814_/Y
 _25815_/X
 _25816_/Y
 _25817_/X
 _25818_/Y
 _25819_/X
 _25820_/X
 _25821_/Y
 _25822_/Y
 _25823_/X
 _25824_/Y
 _25825_/X
 _25826_/X
 _25827_/Y
 _25828_/X
 _25829_/X
 _25830_/X
 _25831_/Y
 _25832_/X
 _25833_/Y
 _25834_/Y
 _25835_/Y
 _25836_/X
 _25837_/X
 _25838_/X
 _25839_/Y
 _25840_/X
 _25841_/Y
 _25842_/Y
 _25843_/X
 _25844_/Y
 _25845_/X
 _25846_/Y
 _25847_/X
 _25848_/X
 _25849_/X
 _25850_/Y
 _25851_/X
 _25852_/X
 _25853_/Y
 _25854_/Y
 _25855_/Y
 _25856_/Y
 _25857_/X
 _25858_/Y
 _25859_/X
 _25860_/Y
 _25861_/Y
 _25862_/X
 _25863_/X
 _25864_/X
 _25865_/X
 _25866_/Y
 _25867_/X
 _25868_/X
 _25869_/Y
 _25870_/Y
 _25871_/X
 _25872_/Y
 _25873_/X
 _25874_/Y
 _25875_/X
 _25876_/Y
 _25877_/X
 _25878_/Y
 _25879_/Y
 _25880_/X
 _25881_/Y
 _25882_/Y
 _25883_/X
 _25884_/Y
 _25885_/Y
 _25886_/X
 _25887_/X
 _25888_/X
 _25889_/X
 _25890_/Y
 _25891_/X
 _25892_/X
 _25893_/X
 _25894_/Y
 _25895_/Y
 _25896_/X
 _25897_/X
 _25898_/X
 _25899_/X
 _25900_/X
 _25901_/X
 _25902_/X
 _25903_/Y
 _25904_/Y
 _25905_/X
 _25906_/Y
 _25907_/X
 _25908_/X
 _25909_/Y
 _25910_/Y
 _25911_/X
 _25912_/Y
 _25913_/Y
 _25914_/X
 _25915_/X
 _25916_/Y
 _25917_/X
 _25918_/Y
 _25919_/X
 _25920_/Y
 _25921_/Y
 _25922_/X
 _25923_/X
 _25924_/Y
 _25925_/X
 _25926_/X
 _25927_/Y
 _25928_/Y
 _25929_/X
 _25930_/Y
 _25931_/X
 _25932_/Y
 _25933_/X
 _25934_/X
 _25935_/Y
 _25936_/Y
 _25937_/Y
 _25938_/X
 _25939_/X
 _25940_/X
 _25941_/Y
 _25942_/X
 _25943_/Y
 _25944_/X
 _25945_/Y
 _25946_/X
 _25947_/X
 _25948_/X
 _25949_/X
 _25950_/X
 _25951_/Y
 _25952_/X
 _25953_/X
 _25954_/X
 _25955_/Y
 _25956_/X
 _25957_/Y
 _25958_/Y
 _25959_/Y
 _25960_/Y
 _25961_/X
 _25962_/Y
 _25963_/X
 _25964_/X
 _25965_/Y
 _25966_/Y
 _25967_/X
 _25968_/X
 _25969_/X
 _25970_/Y
 _25971_/X
 _25972_/X
 _25973_/Y
 _25974_/X
 _25975_/Y
 _25976_/Y
 _25977_/Y
 _25978_/X
 _25979_/X
 _25980_/Y
 _25981_/Y
 _25982_/Y
 _25983_/Y
 _25984_/X
 _25985_/X
 _25986_/Y
 _25987_/Y
 _25988_/X
 _25989_/X
 _25990_/X
 _25991_/Y
 _25992_/Y
 _25993_/X
 _25994_/X
 _25995_/Y
 _25996_/X
 _25997_/X
 _25998_/X
 _25999_/X
 _26000_/X
 _26001_/X
 _26002_/X
 _26003_/X
 _26004_/X
 _26005_/X
 _26006_/X
 _26007_/X
 _26008_/X
 _26009_/X
 _26010_/X
 _26011_/X
 _26012_/X
 _26013_/X
 _26014_/X
 _26015_/X
 _26016_/X
 _26017_/X
 _26018_/X
 _26019_/X
 _26020_/X
 _26021_/X
 _26022_/X
 _26023_/X
 _26024_/X
 _26025_/X
 _26026_/X
 _26027_/X
 _26028_/X
 _26029_/X
 _26030_/X
 _26031_/X
 _26032_/X
 _26033_/X
 _26034_/X
 _26035_/X
 _26036_/X
 _26037_/X
 _26038_/X
 _26039_/X
 _26040_/X
 _26041_/X
 _26042_/X
 _26043_/X
 _26044_/X
 _26045_/X
 _26046_/X
 _26047_/X
 _26048_/X
 _26049_/X
 _26050_/X
 _26051_/X
 _26052_/X
 _26053_/X
 _26054_/X
 _26055_/X
 _26056_/X
 _26057_/X
 _26058_/X
 _26059_/X
 _26060_/X
 _26061_/X
 _26062_/X
 _26063_/X
 _26064_/X
 _26065_/X
 _26066_/X
 _26067_/X
 _26068_/X
 _26069_/X
 _26070_/X
 _26071_/X
 _26072_/X
 _26073_/X
 _26074_/X
 _26075_/X
 _26076_/X
 _26077_/Y
 _26078_/X
 _26079_/Y
 _26080_/X
 _26081_/Y
 _26082_/X
 _26083_/Y
 _26084_/X
 _26085_/Y
 _26086_/Y
 _26087_/Y
 _26088_/Y
 _26089_/X
 _26090_/X
 _26091_/Y
 _26092_/X
 _26093_/Y
 _26094_/Y
 _26095_/Y
 _26096_/Y
 _26097_/X
 _26098_/Y
 _26099_/X
 _26100_/Y
 _26101_/X
 _26102_/X
 _26103_/X
 _26104_/Y
 _26105_/Y
 _26106_/Y
 _26107_/X
 _26108_/X
 _26109_/Y
 _26110_/Y
 _26111_/X
 _26112_/X
 _26113_/Y
 _26114_/X
 _26115_/X
 _26116_/Y
 _26117_/X
 _26118_/Y
 _26119_/X
 _26120_/X
 _26121_/Y
 _26122_/X
 _26123_/Y
 _26124_/X
 _26125_/Y
 _26126_/Y
 _26127_/X
 _26128_/X
 _26129_/X
 _26130_/Y
 _26131_/Y
 _26132_/Y
 _26133_/X
 _26134_/Y
 _26135_/X
 _26136_/X
 _26137_/Y
 _26138_/Y
 _26139_/Y
 _26140_/Y
 _26141_/X
 _26142_/Y
 _26143_/Y
 _26144_/X
 _26145_/Y
 _26146_/X
 _26147_/X
 _26148_/Y
 _26149_/X
 _26150_/Y
 _26151_/X
 _26152_/X
 _26153_/X
 _26154_/X
 _26155_/Y
 _26156_/Y
 _26157_/Y
 _26158_/Y
 _26159_/X
 _26160_/X
 _26161_/Y
 _26162_/X
 _26163_/Y
 _26164_/X
 _26165_/X
 _26166_/Y
 _26167_/Y
 _26168_/X
 _26169_/Y
 _26170_/X
 _26171_/Y
 _26172_/X
 _26173_/Y
 _26174_/Y
 _26175_/Y
 _26176_/Y
 _26177_/X
 _26178_/Y
 _26179_/X
 _26180_/X
 _26181_/X
 _26182_/X
 _26183_/X
 _26184_/X
 _26185_/X
 _26186_/X
 _26187_/Y
 _26188_/X
 _26189_/X
 _26190_/X
 _26191_/Y
 _26192_/X
 _26193_/X
 _26194_/X
 _26195_/Y
 _26196_/X
 _26197_/Y
 _26198_/X
 _26199_/X
 _26200_/X
 _26201_/Y
 _26202_/X
 _26203_/Y
 _26204_/Y
 _26205_/X
 _26206_/X
 _26207_/X
 _26208_/Y
 _26209_/Y
 _26210_/Y
 _26211_/X
 _26212_/X
 _26213_/Y
 _26214_/Y
 _26215_/X
 _26216_/X
 _26217_/X
 _26218_/X
 _26219_/Y
 _26220_/Y
 _26221_/Y
 _26222_/X
 _26223_/Y
 _26224_/X
 _26225_/Y
 _26226_/Y
 _26227_/Y
 _26228_/X
 _26229_/Y
 _26230_/X
 _26231_/X
 _26232_/Y
 _26233_/X
 _26234_/X
 _26235_/Y
 _26236_/Y
 _26237_/X
 _26238_/Y
 _26239_/Y
 _26240_/X
 _26241_/Y
 _26242_/X
 _26243_/X
 _26244_/X
 _26245_/X
 _26246_/Y
 _26247_/X
 _26248_/X
 _26249_/X
 _26250_/Y
 _26251_/Y
 _26252_/X
 _26253_/X
 _26254_/Y
 _26255_/X
 _26256_/X
 _26257_/Y
 _26258_/X
 _26259_/X
 _26260_/Y
 _26261_/X
 _26262_/X
 _26263_/X
 _26264_/X
 _26265_/Y
 _26266_/X
 _26267_/X
 _26268_/X
 _26269_/X
 _26270_/Y
 _26271_/X
 _26272_/Y
 _26273_/X
 _26274_/Y
 _26275_/Y
 _26276_/X
 _26277_/X
 _26278_/Y
 _26279_/X
 _26280_/Y
 _26281_/X
 _26282_/X
 _26283_/X
 _26284_/Y
 _26285_/Y
 _26286_/Y
 _26287_/X
 _26288_/Y
 _26289_/Y
 _26290_/Y
 _26291_/X
 _26292_/X
 _26293_/X
 _26294_/X
 _26295_/X
 _26296_/X
 _26297_/X
 _26298_/Y
 _26299_/Y
 _26300_/Y
 _26301_/Y
 _26302_/X
 _26303_/Y
 _26304_/X
 _26305_/X
 _26306_/Y
 _26307_/X
 _26308_/Y
 _26309_/X
 _26310_/Y
 _26311_/Y
 _26312_/X
 _26313_/Y
 _26314_/Y
 _26315_/X
 _26316_/Y
 _26317_/Y
 _26318_/X
 _26319_/Y
 _26320_/Y
 _26321_/Y
 _26322_/X
 _26323_/X
 _26324_/Y
 _26325_/Y
 _26326_/Y
 _26327_/Y
 _26328_/Y
 _26329_/X
 _26330_/X
 _26331_/X
 _26332_/Y
 _26333_/Y
 _26334_/Y
 _26335_/X
 _26336_/Y
 _26337_/X
 _26338_/Y
 _26339_/X
 _26340_/Y
 _26341_/X
 _26342_/Y
 _26343_/X
 _26344_/Y
 _26345_/X
 _26346_/Y
 _26347_/Y
 _26348_/Y
 _26349_/X
 _26350_/X
 _26351_/Y
 _26352_/X
 _26353_/Y
 _26354_/X
 _26355_/Y
 _26356_/X
 _26357_/Y
 _26358_/X
 _26359_/X
 _26360_/Y
 _26361_/X
 _26362_/Y
 _26363_/Y
 _26364_/Y
 _26365_/X
 _26366_/X
 _26367_/X
 _26368_/X
 _26369_/Y
 _26370_/Y
 _26371_/Y
 _26372_/X
 _26373_/Y
 _26374_/X
 _26375_/X
 _26376_/Y
 _26377_/Y
 _26378_/X
 _26379_/Y
 _26380_/Y
 _26381_/Y
 _26382_/X
 _26383_/Y
 _26384_/Y
 _26385_/X
 _26386_/X
 _26387_/X
 _26388_/X
 _26389_/Y
 _26390_/Y
 _26391_/Y
 _26392_/X
 _26393_/X
 _26394_/X
 _26395_/Y
 _26396_/X
 _26397_/X
 _26398_/X
 _26399_/Y
 _26400_/X
 _26401_/X
 _26402_/Y
 _26403_/X
 _26404_/Y
 _26405_/X
 _26406_/Y
 _26407_/X
 _26408_/X
 _26409_/X
 _26410_/X
 _26411_/Y
 _26412_/X
 _26413_/Y
 _26414_/X
 _26415_/X
 _26416_/X
 _26417_/X
 _26418_/X
 _26419_/Y
 _26420_/Y
 _26421_/X
 _26422_/Y
 _26423_/Y
 _26424_/X
 _26425_/Y
 _26426_/X
 _26427_/Y
 _26428_/X
 _26429_/Y
 _26430_/X
 _26431_/Y
 _26432_/Y
 _26433_/Y
 _26434_/Y
 _26435_/Y
 _26436_/Y
 _26437_/X
 _26438_/Y
 _26439_/Y
 _26440_/Y
 _26441_/X
 _26442_/X
 _26443_/X
 _26444_/Y
 _26445_/Y
 _26446_/X
 _26447_/Y
 _26448_/Y
 _26449_/X
 _26450_/X
 _26451_/Y
 _26452_/Y
 _26453_/X
 _26454_/X
 _26455_/X
 _26456_/Y
 _26457_/X
 _26458_/X
 _26459_/X
 _26460_/Y
 _26461_/Y
 _26462_/Y
 _26463_/Y
 _26464_/X
 _26465_/Y
 _26466_/X
 _26467_/X
 _26468_/Y
 _26469_/Y
 _26470_/Y
 _26471_/X
 _26472_/Y
 _26473_/X
 _26474_/X
 _26475_/X
 _26476_/X
 _26477_/Y
 _26478_/Y
 _26479_/X
 _26480_/X
 _26481_/X
 _26482_/Y
 _26483_/X
 _26484_/Y
 _26485_/X
 _26486_/Y
 _26487_/Y
 _26488_/X
 _26489_/X
 _26490_/X
 _26491_/Y
 _26492_/X
 _26493_/X
 _26494_/Y
 _26495_/X
 _26496_/Y
 _26497_/X
 _26498_/X
 _26499_/X
 _26500_/Y
 _26501_/X
 _26502_/X
 _26503_/X
 _26504_/X
 _26505_/Y
 _26506_/Y
 _26507_/Y
 _26508_/X
 _26509_/Y
 _26510_/X
 _26511_/X
 _26512_/X
 _26513_/X
 _26514_/X
 _26515_/Y
 _26516_/X
 _26517_/Y
 _26518_/X
 _26519_/X
 _26520_/X
 _26521_/Y
 _26522_/X
 _26523_/Y
 _26524_/X
 _26525_/Y
 _26526_/X
 _26527_/Y
 _26528_/X
 _26529_/Y
 _26530_/Y
 _26531_/X
 _26532_/X
 _26533_/Y
 _26534_/Y
 _26535_/Y
 _26536_/X
 _26537_/Y
 _26538_/X
 _26539_/Y
 _26540_/Y
 _26541_/X
 _26542_/X
 _26543_/X
 _26544_/Y
 _26545_/X
 _26546_/X
 _26547_/Y
 _26548_/X
 _26549_/X
 _26550_/X
 _26551_/X
 _26552_/X
 _26553_/Y
 _26554_/X
 _26555_/Y
 _26556_/X
 _26557_/Y
 _26558_/X
 _26559_/X
 _26560_/Y
 _26561_/X
 _26562_/X
 _26563_/Y
 _26564_/Y
 _26565_/X
 _26566_/Y
 _26567_/X
 _26568_/Y
 _26569_/Y
 _26570_/Y
 _26571_/X
 _26572_/Y
 _26573_/Y
 _26574_/X
 _26575_/Y
 _26576_/Y
 _26577_/X
 _26578_/X
 _26579_/X
 _26580_/X
 _26581_/Y
 _26582_/X
 _26583_/Y
 _26584_/Y
 _26585_/X
 _26586_/Y
 _26587_/Y
 _26588_/Y
 _26589_/Y
 _26590_/Y
 _26591_/X
 _26592_/X
 _26593_/X
 _26594_/Y
 _26595_/X
 _26596_/Y
 _26597_/X
 _26598_/X
 _26599_/Y
 _26600_/Y
 _26601_/Y
 _26602_/Y
 _26603_/Y
 _26604_/X
 _26605_/X
 _26606_/X
 _26607_/Y
 _26608_/Y
 _26609_/Y
 _26610_/Y
 _26611_/Y
 _26612_/X
 _26613_/X
 _26614_/X
 _26615_/Y
 _26616_/X
 _26617_/X
 _26618_/X
 _26619_/Y
 _26620_/X
 _26621_/Y
 _26622_/Y
 _26623_/Y
 _26624_/Y
 _26625_/Y
 _26626_/Y
 _26627_/X
 _26628_/X
 _26629_/Y
 _26630_/Y
 _26631_/X
 _26632_/Y
 _26633_/X
 _26634_/X
 _26635_/X
 _26636_/X
 _26637_/Y
 _26638_/Y
 _26639_/Y
 _26640_/Y
 _26641_/X
 _26642_/Y
 _26643_/Y
 _26644_/X
 _26645_/X
 _26646_/X
 _26647_/X
 _26648_/Y
 _26649_/X
 _26650_/X
 _26651_/X
 _26652_/X
 _26653_/Y
 _26654_/X
 _26655_/X
 _26656_/X
 _26657_/X
 _26658_/X
 _26659_/X
 _26660_/X
 _26661_/X
 _26662_/Y
 _26663_/Y
 _26664_/X
 _26665_/X
 _26666_/X
 _26667_/Y
 _26668_/X
 _26669_/X
 _26670_/Y
 _26671_/Y
 _26672_/Y
 _26673_/Y
 _26674_/Y
 _26675_/X
 _26676_/X
 _26677_/Y
 _26678_/Y
 _26679_/Y
 _26680_/X
 _26681_/X
 _26682_/X
 _26683_/Y
 _26684_/Y
 _26685_/Y
 _26686_/X
 _26687_/X
 _26688_/X
 _26689_/Y
 _26690_/X
 _26691_/X
 _26692_/X
 _26693_/X
 _26694_/X
 _26695_/Y
 _26696_/Y
 _26697_/Y
 _26698_/Y
 _26699_/X
 _26700_/Y
 _26701_/X
 _26702_/Y
 _26703_/X
 _26704_/X
 _26705_/X
 _26706_/Y
 _26707_/X
 _26708_/X
 _26709_/Y
 _26710_/X
 _26711_/X
 _26712_/Y
 _26713_/Y
 _26714_/Y
 _26715_/Y
 _26716_/Y
 _26717_/X
 _26718_/Y
 _26719_/X
 _26720_/X
 _26721_/Y
 _26722_/X
 _26723_/Y
 _26724_/Y
 _26725_/Y
 _26726_/X
 _26727_/X
 _26728_/X
 _26729_/X
 _26730_/Y
 _26731_/X
 _26732_/X
 _26733_/X
 _26734_/Y
 _26735_/X
 _26736_/Y
 _26737_/X
 _26738_/X
 _26739_/X
 _26740_/Y
 _26741_/Y
 _26742_/Y
 _26743_/X
 _26744_/X
 _26745_/Y
 _26746_/Y
 _26747_/X
 _26748_/X
 _26749_/Y
 _26750_/Y
 _26751_/Y
 _26752_/X
 _26753_/Y
 _26754_/Y
 _26755_/X
 _26756_/X
 _26757_/Y
 _26758_/Y
 _26759_/Y
 _26760_/X
 _26761_/Y
 _26762_/Y
 _26763_/Y
 _26764_/X
 _26765_/Y
 _26766_/Y
 _26767_/X
 _26768_/X
 _26769_/X
 _26770_/Y
 _26771_/Y
 _26772_/Y
 _26773_/Y
 _26774_/X
 _26775_/Y
 _26776_/Y
 _26777_/X
 _26778_/Y
 _26779_/X
 _26780_/X
 _26781_/X
 _26782_/Y
 _26783_/X
 _26784_/Y
 _26785_/X
 _26786_/X
 _26787_/Y
 _26788_/X
 _26789_/Y
 _26790_/Y
 _26791_/X
 _26792_/Y
 _26793_/X
 _26794_/X
 _26795_/Y
 _26796_/X
 _26797_/Y
 _26798_/X
 _26799_/X
 _26800_/Y
 _26801_/X
 _26802_/X
 _26803_/Y
 _26804_/X
 _26805_/Y
 _26806_/Y
 _26807_/Y
 _26808_/X
 _26809_/Y
 _26810_/X
 _26811_/X
 _26812_/X
 _26813_/X
 _26814_/Y
 _26815_/X
 _26816_/Y
 _26817_/Y
 _26818_/X
 _26819_/Y
 _26820_/Y
 _26821_/X
 _26822_/X
 _26823_/X
 _26824_/Y
 _26825_/X
 _26826_/X
 _26827_/X
 _26828_/Y
 _26829_/X
 _26830_/Y
 _26831_/X
 _26832_/Y
 _26833_/Y
 _26834_/X
 _26835_/Y
 _26836_/Y
 _26837_/X
 _26838_/Y
 _26839_/Y
 _26840_/X
 _26841_/Y
 _26842_/Y
 _26843_/X
 _26844_/Y
 _26845_/Y
 _26846_/X
 _26847_/X
 _26848_/Y
 _26849_/X
 _26850_/X
 _26851_/Y
 _26852_/X
 _26853_/Y
 _26854_/Y
 _26855_/Y
 _26856_/X
 _26857_/X
 _26858_/X
 _26859_/X
 _26860_/X
 _26861_/X
 _26862_/Y
 _26863_/X
 _26864_/Y
 _26865_/Y
 _26866_/Y
 _26867_/Y
 _26868_/X
 _26869_/X
 _26870_/Y
 _26871_/X
 _26872_/X
 _26873_/X
 _26874_/Y
 _26875_/X
 _26876_/Y
 _26877_/X
 _26878_/X
 _26879_/Y
 _26880_/Y
 _26881_/X
 _26882_/Y
 _26883_/Y
 _26884_/Y
 _26885_/X
 _26886_/X
 _26887_/Y
 _26888_/Y
 _26889_/X
 _26890_/X
 _26891_/X
 _26892_/Y
 _26893_/Y
 _26894_/Y
 _26895_/X
 _26896_/X
 _26897_/X
 _26898_/Y
 _26899_/X
 _26900_/Y
 _26901_/Y
 _26902_/Y
 _26903_/X
 _26904_/Y
 _26905_/Y
 _26906_/X
 _26907_/Y
 _26908_/X
 _26909_/Y
 _26910_/Y
 _26911_/X
 _26912_/X
 _26913_/X
 _26914_/Y
 _26915_/Y
 _26916_/Y
 _26917_/Y
 _26918_/Y
 _26919_/X
 _26920_/Y
 _26921_/Y
 _26922_/X
 _26923_/Y
 _26924_/X
 _26925_/X
 _26926_/X
 _26927_/Y
 _26928_/X
 _26929_/X
 _26930_/Y
 _26931_/X
 _26932_/X
 _26933_/Y
 _26934_/Y
 _26935_/X
 _26936_/Y
 _26937_/Y
 _26938_/X
 _26939_/Y
 _26940_/X
 _26941_/X
 _26942_/X
 _26943_/X
 _26944_/X
 _26945_/Y
 _26946_/Y
 _26947_/X
 _26948_/X
 _26949_/X
 _26950_/X
 _26951_/X
 _26952_/X
 _26953_/X
 _26954_/X
 _26955_/Y
 _26956_/X
 _26957_/Y
 _26958_/X
 _26959_/X
 _26960_/X
 _26961_/X
 _26962_/Y
 _26963_/Y
 _26964_/Y
 _26965_/Y
 _26966_/X
 _26967_/X
 _26968_/Y
 _26969_/Y
 _26970_/Y
 _26971_/X
 _26972_/X
 _26973_/X
 _26974_/X
 _26975_/X
 _26976_/X
 _26977_/X
 _26978_/X
 _26979_/X
 _26980_/Y
 _26981_/Y
 _26982_/X
 _26983_/X
 _26984_/X
 _26985_/X
 _26986_/X
 _26987_/Y
 _26988_/X
 _26989_/Y
 _26990_/X
 _26991_/Y
 _26992_/X
 _26993_/Y
 _26994_/Y
 _26995_/X
 _26996_/Y
 _26997_/X
 _26998_/Y
 _26999_/Y
 _27000_/Y
 _27001_/Y
 _27002_/X
 _27003_/Y
 _27004_/Y
 _27005_/X
 _27006_/X
 _27007_/Y
 _27008_/X
 _27009_/Y
 _27010_/Y
 _27011_/Y
 _27012_/X
 _27013_/X
 _27014_/Y
 _27015_/Y
 _27016_/X
 _27017_/X
 _27018_/Y
 _27019_/X
 _27020_/Y
 _27021_/X
 _27022_/Y
 _27023_/X
 _27024_/Y
 _27025_/Y
 _27026_/Y
 _27027_/X
 _27028_/X
 _27029_/Y
 _27030_/X
 _27031_/Y
 _27032_/X
 _27033_/Y
 _27034_/X
 _27035_/Y
 _27036_/X
 _27037_/Y
 _27038_/X
 _27039_/X
 _27040_/X
 _27041_/Y
 _27042_/Y
 _27043_/Y
 _27044_/X
 _27045_/Y
 _27046_/Y
 _27047_/X
 _27048_/X
 _27049_/Y
 _27050_/Y
 _27051_/X
 _27052_/X
 _27053_/Y
 _27054_/Y
 _27055_/Y
 _27056_/Y
 _27057_/Y
 _27058_/X
 _27059_/Y
 _27060_/X
 _27061_/X
 _27062_/X
 _27063_/Y
 _27064_/Y
 _27065_/X
 _27066_/Y
 _27067_/X
 _27068_/X
 _27069_/Y
 _27070_/X
 _27071_/Y
 _27072_/Y
 _27073_/X
 _27074_/X
 _27075_/Y
 _27076_/Y
 _27077_/Y
 _27078_/Y
 _27079_/Y
 _27080_/X
 _27081_/Y
 _27082_/Y
 _27083_/Y
 _27084_/Y
 _27085_/Y
 _27086_/Y
 _27087_/Y
 _27088_/Y
 _27089_/X
 _27090_/X
 _27091_/Y
 _27092_/Y
 _27093_/X
 _27094_/X
 _27095_/X
 _27096_/X
 _27097_/X
 _27098_/X
 _27099_/X
 _27100_/X
 _27101_/X
 _27102_/Y
 _27103_/Y
 _27104_/X
 _27105_/Y
 _27106_/X
 _27107_/Y
 _27108_/X
 _27109_/Y
 _27110_/X
 _27111_/X
 _27112_/X
 _27113_/Y
 _27114_/X
 _27115_/Y
 _27116_/X
 _27117_/X
 _27118_/X
 _27119_/Y
 _27120_/Y
 _27121_/X
 _27122_/Y
 _27123_/X
 _27124_/X
 _27125_/X
 _27126_/Y
 _27127_/Y
 _27128_/Y
 _27129_/X
 _27130_/Y
 _27131_/X
 _27132_/Y
 _27133_/Y
 _27134_/X
 _27135_/X
 _27136_/Y
 _27137_/X
 _27138_/Y
 _27139_/Y
 _27140_/X
 _27141_/X
 _27142_/X
 _27143_/Y
 _27144_/Y
 _27145_/Y
 _27146_/Y
 _27147_/Y
 _27148_/Y
 _27149_/Y
 _27150_/X
 _27151_/X
 _27152_/Y
 _27153_/Y
 _27154_/Y
 _27155_/X
 _27156_/X
 _27157_/X
 _27158_/X
 _27159_/Y
 _27160_/X
 _27161_/Y
 _27162_/X
 _27163_/X
 _27164_/Y
 _27165_/Y
 _27166_/X
 _27167_/X
 _27168_/X
 _27169_/Y
 _27170_/X
 _27171_/X
 _27172_/Y
 _27173_/Y
 _27174_/X
 _27175_/Y
 _27176_/Y
 _27177_/Y
 _27178_/X
 _27179_/Y
 _27180_/Y
 _27181_/Y
 _27182_/X
 _27183_/X
 _27184_/X
 _27185_/Y
 _27186_/X
 _27187_/Y
 _27188_/Y
 _27189_/X
 _27190_/Y
 _27191_/X
 _27192_/X
 _27193_/Y
 _27194_/Y
 _27195_/Y
 _27196_/X
 _27197_/X
 _27198_/Y
 _27199_/X
 _27200_/X
 _27201_/X
 _27202_/X
 _27203_/Y
 _27204_/Y
 _27205_/X
 _27206_/Y
 _27207_/Y
 _27208_/Y
 _27209_/Y
 _27210_/Y
 _27211_/X
 _27212_/X
 _27213_/Y
 _27214_/X
 _27215_/Y
 _27216_/X
 _27217_/Y
 _27218_/X
 _27219_/Y
 _27220_/Y
 _27221_/Y
 _27222_/Y
 _27223_/Y
 _27224_/X
 _27225_/X
 _27226_/X
 _27227_/X
 _27228_/X
 _27229_/X
 _27230_/X
 _27231_/X
 _27232_/X
 _27233_/Y
 _27234_/Y
 _27235_/X
 _27236_/Y
 _27237_/Y
 _27238_/X
 _27239_/Y
 _27240_/X
 _27241_/Y
 _27242_/Y
 _27243_/Y
 _27244_/X
 _27245_/X
 _27246_/Y
 _27247_/Y
 _27248_/X
 _27249_/X
 _27250_/Y
 _27251_/X
 _27252_/Y
 _27253_/Y
 _27254_/X
 _27255_/X
 _27256_/Y
 _27257_/X
 _27258_/X
 _27259_/Y
 _27260_/X
 _27261_/Y
 _27262_/Y
 _27263_/X
 _27264_/Y
 _27265_/Y
 _27266_/X
 _27267_/Y
 _27268_/X
 _27269_/Y
 _27270_/Y
 _27271_/Y
 _27272_/Y
 _27273_/Y
 _27274_/Y
 _27275_/Y
 _27276_/X
 _27277_/X
 _27278_/Y
 _27279_/Y
 _27280_/X
 _27281_/X
 _27282_/Y
 _27283_/X
 _27284_/Y
 _27285_/Y
 _27286_/X
 _27287_/X
 _27288_/Y
 _27289_/X
 _27290_/X
 _27291_/Y
 _27292_/Y
 _27293_/Y
 _27294_/Y
 _27295_/X
 _27296_/Y
 _27297_/X
 _27298_/X
 _27299_/X
 _27300_/X
 _27301_/Y
 _27302_/X
 _27303_/X
 _27304_/X
 _27305_/Y
 _27306_/X
 _27307_/Y
 _27308_/Y
 _27309_/X
 _27310_/X
 _27311_/Y
 _27312_/Y
 _27313_/Y
 _27314_/X
 _27315_/X
 _27316_/Y
 _27317_/X
 _27318_/X
 _27319_/Y
 _27320_/Y
 _27321_/X
 _27322_/X
 _27323_/Y
 _27324_/X
 _27325_/Y
 _27326_/Y
 _27327_/X
 _27328_/X
 _27329_/Y
 _27330_/X
 _27331_/Y
 _27332_/X
 _27333_/Y
 _27334_/Y
 _27335_/Y
 _27336_/Y
 _27337_/Y
 _27338_/X
 _27339_/Y
 _27340_/X
 _27341_/X
 _27342_/X
 _27343_/Y
 _27344_/X
 _27345_/X
 _27346_/X
 _27347_/Y
 _27348_/Y
 _27349_/X
 _27350_/Y
 _27351_/Y
 _27352_/X
 _27353_/Y
 _27354_/Y
 _27355_/X
 _27356_/Y
 _27357_/Y
 _27358_/Y
 _27359_/X
 _27360_/Y
 _27361_/Y
 _27362_/X
 _27363_/X
 _27364_/X
 _27365_/Y
 _27366_/X
 _27367_/X
 _27368_/X
 _27369_/Y
 _27370_/Y
 _27371_/X
 _27372_/Y
 _27373_/X
 _27374_/Y
 _27375_/Y
 _27376_/Y
 _27377_/X
 _27378_/X
 _27379_/Y
 _27380_/Y
 _27381_/Y
 _27382_/Y
 _27383_/Y
 _27384_/Y
 _27385_/Y
 _27386_/Y
 _27387_/X
 _27388_/X
 _27389_/X
 _27390_/Y
 _27391_/Y
 _27392_/Y
 _27393_/Y
 _27394_/X
 _27395_/Y
 _27396_/Y
 _27397_/Y
 _27398_/Y
 _27399_/X
 _27400_/X
 _27401_/Y
 _27402_/Y
 _27403_/Y
 _27404_/Y
 _27405_/Y
 _27406_/Y
 _27407_/Y
 _27408_/X
 _27409_/X
 _27410_/Y
 _27411_/X
 _27412_/X
 _27413_/Y
 _27414_/X
 _27415_/Y
 _27416_/X
 _27417_/Y
 _27418_/X
 _27419_/Y
 _27420_/X
 _27421_/X
 _27422_/Y
 _27423_/X
 _27424_/X
 _27425_/X
 _27426_/Y
 _27427_/X
 _27428_/X
 _27429_/Y
 _27430_/Y
 _27431_/X
 _27432_/X
 _27433_/Y
 _27434_/Y
 _27435_/X
 _27436_/Y
 _27437_/X
 _27438_/Y
 _27439_/X
 _27440_/Y
 _27441_/X
 _27442_/Y
 _27443_/Y
 _27444_/Y
 _27445_/Y
 _27446_/X
 _27447_/Y
 _27448_/Y
 _27449_/X
 _27450_/X
 _27451_/X
 _27452_/X
 _27453_/Y
 _27454_/X
 _27455_/Y
 _27456_/X
 _27457_/Y
 _27458_/Y
 _27459_/X
 _27460_/Y
 _27461_/X
 _27462_/Y
 _27463_/X
 _27464_/X
 _27465_/Y
 _27466_/Y
 _27467_/X
 _27468_/Y
 _27469_/Y
 _27470_/X
 _27471_/X
 _27472_/X
 _27473_/Y
 _27474_/Y
 _27475_/X
 _27476_/Y
 _27477_/Y
 _27478_/Y
 _27479_/Y
 _27480_/X
 _27481_/Y
 _27482_/Y
 _27483_/Y
 _27484_/X
 _27485_/Y
 _27486_/X
 _27487_/Y
 _27488_/X
 _27489_/X
 _27490_/Y
 _27491_/Y
 _27492_/Y
 _27493_/Y
 _27494_/Y
 _27495_/X
 _27496_/X
 _27497_/Y
 _27498_/Y
 _27499_/X
 _27500_/X
 _27501_/Y
 _27502_/Y
 _27503_/Y
 _27504_/X
 _27505_/X
 _27506_/X
 _27507_/Y
 _27508_/X
 _27509_/X
 _27510_/Y
 _27511_/X
 _27512_/Y
 _27513_/Y
 _27514_/X
 _27515_/Y
 _27516_/X
 _27517_/Y
 _27518_/Y
 _27519_/X
 _27520_/Y
 _27521_/Y
 _27522_/Y
 _27523_/X
 _27524_/Y
 _27525_/Y
 _27526_/Y
 _27527_/X
 _27528_/Y
 _27529_/X
 _27530_/X
 _27531_/Y
 _27532_/Y
 _27533_/X
 _27534_/Y
 _27535_/X
 _27536_/Y
 _27537_/Y
 _27538_/Y
 _27539_/Y
 _27540_/Y
 _27541_/X
 _27542_/Y
 _27543_/Y
 _27544_/Y
 _27545_/Y
 _27546_/X
 _27547_/X
 _27548_/X
 _27549_/X
 _27550_/X
 _27551_/X
 _27552_/X
 _27553_/X
 _27554_/X
 _27555_/X
 _27556_/Y
 _27557_/Y
 _27558_/X
 _27559_/X
 _27560_/X
 _27561_/Y
 _27562_/Y
 _27563_/Y
 _27564_/X
 _27565_/X
 _27566_/Y
 _27567_/Y
 _27568_/X
 _27569_/Y
 _27570_/Y
 _27571_/Y
 _27572_/X
 _27573_/X
 _27574_/Y
 _27575_/X
 _27576_/X
 _27577_/X
 _27578_/X
 _27579_/X
 _27580_/X
 _27581_/Y
 _27582_/X
 _27583_/Y
 _27584_/X
 _27585_/Y
 _27586_/Y
 _27587_/Y
 _27588_/X
 _27589_/Y
 _27590_/Y
 _27591_/Y
 _27592_/Y
 _27593_/Y
 _27594_/X
 _27595_/Y
 _27596_/X
 _27597_/Y
 _27598_/Y
 _27599_/Y
 _27600_/Y
 _27601_/X
 _27602_/X
 _27603_/Y
 _27604_/Y
 _27605_/X
 _27606_/Y
 _27607_/X
 _27608_/X
 _27609_/X
 _27610_/Y
 _27611_/Y
 _27612_/Y
 _27613_/X
 _27614_/X
 _27615_/Y
 _27616_/Y
 _27617_/Y
 _27618_/Y
 _27619_/Y
 _27620_/X
 _27621_/X
 _27622_/Y
 _27623_/Y
 _27624_/Y
 _27625_/Y
 _27626_/X
 _27627_/Y
 _27628_/X
 _27629_/Y
 _27630_/X
 _27631_/Y
 _27632_/Y
 _27633_/Y
 _27634_/Y
 _27635_/Y
 _27636_/X
 _27637_/Y
 _27638_/Y
 _27639_/Y
 _27640_/X
 _27641_/Y
 _27642_/Y
 _27643_/X
 _27644_/X
 _27645_/Y
 _27646_/X
 _27647_/X
 _27648_/X
 _27649_/Y
 _27650_/X
 _27651_/X
 _27652_/X
 _27653_/Y
 _27654_/X
 _27655_/X
 _27656_/Y
 _27657_/Y
 _27658_/Y
 _27659_/X
 _27660_/Y
 _27661_/X
 _27662_/Y
 _27663_/X
 _27664_/X
 _27665_/Y
 _27666_/X
 _27667_/Y
 _27668_/X
 _27669_/Y
 _27670_/X
 _27671_/X
 _27672_/Y
 _27673_/Y
 _27674_/Y
 _27675_/X
 _27676_/X
 _27677_/X
 _27678_/X
 _27679_/X
 _27680_/X
 _27681_/X
 _27682_/Y
 _27683_/Y
 _27684_/Y
 _27685_/X
 _27686_/Y
 _27687_/X
 _27688_/Y
 _27689_/X
 _27690_/Y
 _27691_/Y
 _27692_/X
 _27693_/X
 _27694_/X
 _27695_/X
 _27696_/X
 _27697_/Y
 _27698_/X
 _27699_/Y
 _27700_/Y
 _27701_/X
 _27702_/Y
 _27703_/X
 _27704_/Y
 _27705_/X
 _27706_/Y
 _27707_/Y
 _27708_/Y
 _27709_/Y
 _27710_/X
 _27711_/X
 _27712_/Y
 _27713_/Y
 _27714_/X
 _27715_/X
 _27716_/Y
 _27717_/X
 _27718_/Y
 _27719_/X
 _27720_/Y
 _27721_/Y
 _27722_/Y
 _27723_/Y
 _27724_/X
 _27725_/Y
 _27726_/Y
 _27727_/Y
 _27728_/X
 _27729_/X
 _27730_/Y
 _27731_/Y
 _27732_/Y
 _27733_/X
 _27734_/X
 _27735_/X
 _27736_/X
 _27737_/X
 _27738_/Y
 _27739_/Y
 _27740_/X
 _27741_/X
 _27742_/X
 _27743_/Y
 _27744_/Y
 _27745_/Y
 _27746_/Y
 _27747_/X
 _27748_/X
 _27749_/Y
 _27750_/X
 _27751_/Y
 _27752_/Y
 _27753_/X
 _27754_/X
 _27755_/Y
 _27756_/Y
 _27757_/X
 _27758_/X
 _27759_/Y
 _27760_/X
 _27761_/Y
 _27762_/Y
 _27763_/X
 _27764_/Y
 _27765_/Y
 _27766_/Y
 _27767_/X
 _27768_/X
 _27769_/X
 _27770_/Y
 _27771_/X
 _27772_/Y
 _27773_/Y
 _27774_/Y
 _27775_/Y
 _27776_/Y
 _27777_/X
 _27778_/Y
 _27779_/Y
 _27780_/Y
 _27781_/Y
 _27782_/X
 _27783_/X
 _27784_/Y
 _27785_/Y
 _27786_/X
 _27787_/Y
 _27788_/X
 _27789_/X
 _27790_/Y
 _27791_/Y
 _27792_/X
 _27793_/Y
 _27794_/Y
 _27795_/X
 _27796_/Y
 _27797_/Y
 _27798_/X
 _27799_/Y
 _27800_/X
 _27801_/Y
 _27802_/Y
 _27803_/Y
 _27804_/Y
 _27805_/Y
 _27806_/Y
 _27807_/Y
 _27808_/X
 _27809_/Y
 _27810_/Y
 _27811_/Y
 _27812_/Y
 _27813_/Y
 _27814_/Y
 _27815_/Y
 _27816_/X
 _27817_/Y
 _27818_/Y
 _27819_/Y
 _27820_/Y
 _27821_/X
 _27822_/Y
 _27823_/X
 _27824_/X
 _27825_/X
 _27826_/X
 _27827_/X
 _27828_/X
 _27829_/Y
 _27830_/X
 _27831_/X
 _27832_/Y
 _27833_/Y
 _27834_/X
 _27835_/X
 _27836_/Y
 _27837_/X
 _27838_/Y
 _27839_/X
 _27840_/X
 _27841_/Y
 _27842_/X
 _27843_/Y
 _27844_/X
 _27845_/X
 _27846_/Y
 _27847_/X
 _27848_/X
 _27849_/X
 _27850_/X
 _27851_/Y
 _27852_/Y
 _27853_/X
 _27854_/X
 _27855_/Y
 _27856_/Y
 _27857_/Y
 _27858_/Y
 _27859_/Y
 _27860_/X
 _27861_/Y
 _27862_/X
 _27863_/Y
 _27864_/Y
 _27865_/Y
 _27866_/X
 _27867_/X
 _27868_/X
 _27869_/Y
 _27870_/X
 _27871_/Y
 _27872_/X
 _27873_/Y
 _27874_/Y
 _27875_/X
 _27876_/Y
 _27877_/Y
 _27878_/X
 _27879_/X
 _27880_/X
 _27881_/Y
 _27882_/Y
 _27883_/Y
 _27884_/X
 _27885_/X
 _27886_/X
 _27887_/X
 _27888_/Y
 _27889_/Y
 _27890_/Y
 _27891_/Y
 _27892_/Y
 _27893_/X
 _27894_/Y
 _27895_/Y
 _27896_/X
 _27897_/X
 _27898_/X
 _27899_/Y
 _27900_/Y
 _27901_/X
 _27902_/Y
 _27903_/X
 _27904_/Y
 _27905_/Y
 _27906_/Y
 _27907_/X
 _27908_/X
 _27909_/X
 _27910_/X
 _27911_/X
 _27912_/Y
 _27913_/X
 _27914_/X
 _27915_/X
 _27916_/Y
 _27917_/X
 _27918_/Y
 _27919_/X
 _27920_/X
 _27921_/X
 _27922_/X
 _27923_/Y
 _27924_/Y
 _27925_/X
 _27926_/X
 _27927_/X
 _27928_/X
 _27929_/X
 _27930_/Y
 _27931_/X
 _27932_/Y
 _27933_/X
 _27934_/X
 _27935_/X
 _27936_/Y
 _27937_/X
 _27938_/Y
 _27939_/Y
 _27940_/X
 _27941_/Y
 _27942_/Y
 _27943_/X
 _27944_/Y
 _27945_/Y
 _27946_/Y
 _27947_/X
 _27948_/X
 _27949_/Y
 _27950_/X
 _27951_/Y
 _27952_/Y
 _27953_/X
 _27954_/Y
 _27955_/Y
 _27956_/X
 _27957_/Y
 _27958_/Y
 _27959_/X
 _27960_/Y
 _27961_/Y
 _27962_/Y
 _27963_/Y
 _27964_/X
 _27965_/X
 _27966_/X
 _27967_/X
 _27968_/X
 _27969_/Y
 _27970_/X
 _27971_/Y
 _27972_/Y
 _27973_/X
 _27974_/X
 _27975_/X
 _27976_/Y
 _27977_/Y
 _27978_/Y
 _27979_/Y
 _27980_/Y
 _27981_/X
 _27982_/X
 _27983_/Y
 _27984_/Y
 _27985_/X
 _27986_/X
 _27987_/X
 _27988_/X
 _27989_/X
 _27990_/Y
 _27991_/Y
 _27992_/X
 _27993_/Y
 _27994_/X
 _27995_/Y
 _27996_/X
 _27997_/X
 _27998_/Y
 _27999_/X
 _28000_/X
 _28001_/X
 _28002_/X
 _28003_/Y
 _28004_/X
 _28005_/X
 _28006_/X
 _28007_/Y
 _28008_/Y
 _28009_/Y
 _28010_/X
 _28011_/X
 _28012_/Y
 _28013_/X
 _28014_/X
 _28015_/Y
 _28016_/X
 _28017_/X
 _28018_/Y
 _28019_/X
 _28020_/X
 _28021_/Y
 _28022_/X
 _28023_/Y
 _28024_/X
 _28025_/X
 _28026_/Y
 _28027_/Y
 _28028_/Y
 _28029_/X
 _28030_/Y
 _28031_/Y
 _28032_/X
 _28033_/Y
 _28034_/Y
 _28035_/Y
 _28036_/X
 _28037_/X
 _28038_/Y
 _28039_/Y
 _28040_/X
 _28041_/X
 _28042_/X
 _28043_/X
 _28044_/Y
 _28045_/Y
 _28046_/Y
 _28047_/Y
 _28048_/Y
 _28049_/X
 _28050_/X
 _28051_/X
 _28052_/Y
 _28053_/X
 _28054_/Y
 _28055_/Y
 _28056_/Y
 _28057_/Y
 _28058_/Y
 _28059_/Y
 _28060_/Y
 _28061_/Y
 _28062_/X
 _28063_/X
 _28064_/Y
 _28065_/Y
 _28066_/X
 _28067_/X
 _28068_/X
 _28069_/Y
 _28070_/Y
 _28071_/Y
 _28072_/X
 _28073_/Y
 _28074_/Y
 _28075_/Y
 _28076_/X
 _28077_/Y
 _28078_/X
 _28079_/X
 _28080_/Y
 _28081_/X
 _28082_/Y
 _28083_/X
 _28084_/Y
 _28085_/X
 _28086_/X
 _28087_/X
 _28088_/Y
 _28089_/Y
 _28090_/X
 _28091_/X
 _28092_/X
 _28093_/Y
 _28094_/Y
 _28095_/X
 _28096_/Y
 _28097_/X
 _28098_/Y
 _28099_/Y
 _28100_/Y
 _28101_/X
 _28102_/Y
 _28103_/X
 _28104_/Y
 _28105_/X
 _28106_/X
 _28107_/X
 _28108_/X
 _28109_/Y
 _28110_/Y
 _28111_/Y
 _28112_/Y
 _28113_/Y
 _28114_/X
 _28115_/X
 _28116_/X
 _28117_/Y
 _28118_/Y
 _28119_/X
 _28120_/X
 _28121_/Y
 _28122_/Y
 _28123_/X
 _28124_/X
 _28125_/X
 _28126_/Y
 _28127_/X
 _28128_/Y
 _28129_/Y
 _28130_/Y
 _28131_/X
 _28132_/Y
 _28133_/Y
 _28134_/Y
 _28135_/Y
 _28136_/X
 _28137_/X
 _28138_/X
 _28139_/Y
 _28140_/Y
 _28141_/Y
 _28142_/X
 _28143_/X
 _28144_/X
 _28145_/Y
 _28146_/X
 _28147_/X
 _28148_/Y
 _28149_/Y
 _28150_/Y
 _28151_/X
 _28152_/Y
 _28153_/X
 _28154_/Y
 _28155_/X
 _28156_/Y
 _28157_/Y
 _28158_/Y
 _28159_/Y
 _28160_/Y
 _28161_/Y
 _28162_/X
 _28163_/X
 _28164_/X
 _28165_/X
 _28166_/X
 _28167_/Y
 _28168_/X
 _28169_/X
 _28170_/X
 _28171_/Y
 _28172_/X
 _28173_/Y
 _28174_/Y
 _28175_/X
 _28176_/X
 _28177_/Y
 _28178_/Y
 _28179_/X
 _28180_/Y
 _28181_/Y
 _28182_/X
 _28183_/X
 _28184_/X
 _28185_/X
 _28186_/Y
 _28187_/Y
 _28188_/X
 _28189_/X
 _28190_/Y
 _28191_/Y
 _28192_/Y
 _28193_/X
 _28194_/Y
 _28195_/X
 _28196_/Y
 _28197_/X
 _28198_/X
 _28199_/Y
 _28200_/X
 _28201_/X
 _28202_/Y
 _28203_/X
 _28204_/X
 _28205_/Y
 _28206_/Y
 _28207_/Y
 _28208_/X
 _28209_/Y
 _28210_/Y
 _28211_/X
 _28212_/X
 _28213_/Y
 _28214_/Y
 _28215_/Y
 _28216_/X
 _28217_/Y
 _28218_/X
 _28219_/Y
 _28220_/Y
 _28221_/Y
 _28222_/Y
 _28223_/X
 _28224_/X
 _28225_/X
 _28226_/Y
 _28227_/Y
 _28228_/Y
 _28229_/X
 _28230_/Y
 _28231_/X
 _28232_/X
 _28233_/Y
 _28234_/X
 _28235_/Y
 _28236_/X
 _28237_/Y
 _28238_/Y
 _28239_/X
 _28240_/X
 _28241_/X
 _28242_/Y
 _28243_/X
 _28244_/Y
 _28245_/X
 _28246_/X
 _28247_/Y
 _28248_/Y
 _28249_/X
 _28250_/X
 _28251_/X
 _28252_/Y
 _28253_/X
 _28254_/Y
 _28255_/Y
 _28256_/Y
 _28257_/X
 _28258_/Y
 _28259_/Y
 _28260_/X
 _28261_/Y
 _28262_/X
 _28263_/Y
 _28264_/X
 _28265_/X
 _28266_/Y
 _28267_/X
 _28268_/Y
 _28269_/X
 _28270_/Y
 _28271_/X
 _28272_/X
 _28273_/X
 _28274_/Y
 _28275_/Y
 _28276_/X
 _28277_/X
 _28278_/Y
 _28279_/X
 _28280_/Y
 _28281_/X
 _28282_/Y
 _28283_/X
 _28284_/X
 _28285_/Y
 _28286_/X
 _28287_/Y
 _28288_/X
 _28289_/Y
 _28290_/Y
 _28291_/Y
 _28292_/X
 _28293_/Y
 _28294_/Y
 _28295_/X
 _28296_/X
 _28297_/Y
 _28298_/Y
 _28299_/X
 _28300_/X
 _28301_/Y
 _28302_/X
 _28303_/Y
 _28304_/Y
 _28305_/X
 _28306_/X
 _28307_/X
 _28308_/X
 _28309_/Y
 _28310_/X
 _28311_/X
 _28312_/X
 _28313_/X
 _28314_/X
 _28315_/X
 _28316_/X
 _28317_/X
 _28318_/X
 _28319_/X
 _28320_/X
 _28321_/X
 _28322_/Y
 _28323_/Y
 _28324_/Y
 _28325_/X
 _28326_/X
 _28327_/Y
 _28328_/Y
 _28329_/Y
 _28330_/Y
 _28331_/Y
 _28332_/X
 _28333_/X
 _28334_/X
 _28335_/Y
 _28336_/Y
 _28337_/Y
 _28338_/Y
 _28339_/Y
 _28340_/X
 _28341_/X
 _28342_/X
 _28343_/X
 _28344_/Y
 _28345_/X
 _28346_/X
 _28347_/Y
 _28348_/Y
 _28349_/X
 _28350_/X
 _28351_/X
 _28352_/X
 _28353_/Y
 _28354_/Y
 _28355_/Y
 _28356_/Y
 _28357_/Y
 _28358_/X
 _28359_/X
 _28360_/Y
 _28361_/X
 _28362_/X
 _28363_/X
 _28364_/X
 _28365_/X
 _28366_/X
 _28367_/X
 _28368_/X
 _28369_/X
 _28370_/X
 _28371_/X
 _28372_/X
 _28373_/X
 _28374_/X
 _28375_/X
 _28376_/X
 _28377_/X
 _28378_/X
 _28379_/X
 _28380_/X
 _28381_/X
 _28382_/X
 _28383_/X
 _28384_/X
 _28385_/X
 _28386_/X
 _28387_/X
 _28388_/X
 _28389_/X
 _28390_/X
 _28391_/X
 _28392_/X
 _28393_/X
 _28394_/X
 _28395_/X
 _28396_/X
 _28397_/X
 _28398_/X
 _28399_/X
 _28400_/X
 _28401_/X
 _28402_/X
 _28403_/X
 _28404_/X
 _28405_/X
 _28406_/X
 _28407_/X
 _28408_/X
 _28409_/X
 _28410_/X
 _28411_/X
 _28412_/X
 _28413_/X
 _28414_/X
 _28415_/X
 _28416_/X
 _28417_/X
 _28418_/X
 _28419_/X
 _28420_/X
 _28421_/X
 _28422_/X
 _28423_/X
 _28424_/X
 _28425_/X
 _28426_/X
 _28427_/X
 _28428_/X
 _28429_/X
 _28430_/X
 _28431_/X
 _28432_/X
 _28433_/X
 _28434_/X
 _28435_/X
 _28436_/X
 _28437_/X
 _28438_/X
 _28439_/X
 _28440_/X
 _28441_/X
 _28442_/X
 _28443_/X
 _28444_/X
 _28445_/X
 _28446_/X
 _28447_/X
 _28448_/X
 _28449_/X
 _28450_/X
 _28451_/X
 _28452_/X
 _28453_/X
 _28454_/X
 _28455_/X
 _28456_/X
 _28457_/X
 _28458_/X
 _28459_/X
 _28460_/X
 _28461_/X
 _28462_/X
 _28463_/X
 _28464_/X
 _28465_/X
 _28466_/X
 _28467_/X
 _28468_/X
 _28469_/X
 _28470_/X
 _28471_/X
 _28472_/Y
 _28473_/Y
 _28474_/X
 _28475_/X
 _28476_/X
 _28477_/X
 _28478_/X
 _28479_/X
 _28480_/X
 _28481_/X
 _28482_/X
 _28483_/X
 _28484_/X
 _28485_/X
 _28486_/X
 _28487_/X
 _28488_/X
 _28489_/X
 _28490_/X
 _28491_/X
 _28492_/X
 _28493_/X
 _28494_/X
 _28495_/X
 _28496_/X
 _28497_/X
 _28498_/X
 _28499_/X
 _28500_/X
 _28501_/X
 _28502_/X
 _28503_/X
 _28504_/X
 _28505_/X
 _28506_/X
 _28507_/X
 _28508_/X
 _28509_/X
 _28510_/X
 _28511_/X
 _28512_/Y
 _28513_/Y
 _28514_/X
 _28515_/X
 _28516_/Y
 _28517_/X
 _28518_/X
 _28519_/X
 _28520_/Y
 _28521_/Y
 _28522_/X
 _28523_/X
 _28524_/X
 _28525_/X
 _28526_/X
 _28527_/X
 _28528_/Y
 _28529_/X
 _28530_/X
 _28531_/X
 _28532_/X
 _28533_/Y
 _28534_/Y
 _28535_/Y
 _28536_/Y
 _28537_/X
 _28538_/X
 _28539_/X
 _28540_/X
 _28541_/Y
 _28542_/X
 _28543_/Y
 _28544_/Y
 _28545_/X
 _28546_/X
 _28547_/X
 _28548_/X
 _28549_/X
 _28550_/X
 _28551_/X
 _28552_/X
 _28553_/X
 _28554_/X
 _28555_/X
 _28556_/X
 _28557_/X
 _28558_/X
 _28559_/X
 _28560_/X
 _28561_/X
 _28562_/X
 _28563_/X
 _28564_/X
 _28565_/X
 _28566_/X
 _28567_/X
 _28568_/X
 _28569_/Y
 _28570_/Y
 _28571_/X
 _28572_/X
 _28573_/X
 _28574_/Y
 _28575_/X
 _28576_/Y
 _28577_/X
 _28578_/X
 _28579_/X
 _28580_/X
 _28581_/X
 _28582_/X
 _28583_/X
 _28584_/X
 _28585_/X
 _28586_/Y
 _28587_/Y
 _28588_/X
 _28589_/X
 _28590_/X
 _28591_/Y
 _28592_/Y
 _28593_/X
 _28594_/X
 _28595_/X
 _28596_/X
 _28597_/X
 _28598_/X
 _28599_/Y
 _28600_/Y
 _28601_/X
 _28602_/X
 _28603_/X
 _28604_/X
 _28605_/X
 _28606_/X
 _28607_/Y
 _28608_/X
 _28609_/Y
 _28610_/Y
 _28611_/X
 _28612_/X
 _28613_/X
 _28614_/X
 _28615_/Y
 _28616_/Y
 _28617_/X
 _28618_/X
 _28619_/X
 _28620_/X
 _28621_/X
 _28622_/Y
 _28623_/Y
 _28624_/X
 _28625_/X
 _28626_/Y
 _28627_/X
 _28628_/Y
 _28629_/Y
 _28630_/X
 _28631_/X
 _28632_/X
 _28633_/X
 _28634_/Y
 _28635_/Y
 _28636_/X
 _28637_/X
 _28638_/X
 _28639_/X
 _28640_/Y
 _28641_/X
 _28642_/X
 _28643_/X
 _28644_/X
 _28645_/X
 _28646_/X
 _28647_/Y
 _28648_/X
 _28649_/X
 _28650_/Y
 _28651_/X
 _28652_/X
 _28653_/X
 _28654_/X
 _28655_/X
 _28656_/Y
 _28657_/Y
 _28658_/Y
 _28659_/Y
 _28660_/X
 _28661_/Y
 _28662_/X
 _28663_/Y
 _28664_/X
 _28665_/X
 _28666_/X
 _28667_/X
 _28668_/X
 _28669_/X
 _28670_/Y
 _28671_/X
 _28672_/X
 _28673_/X
 _28674_/X
 _28675_/X
 _28676_/X
 _28677_/X
 _28678_/X
 _28679_/X
 _28680_/Y
 _28681_/Y
 _28682_/Y
 _28683_/X
 _28684_/X
 _28685_/Y
 _28686_/X
 _28687_/X
 _28688_/X
 _28689_/X
 _28690_/Y
 _28691_/X
 _28692_/Y
 _28693_/X
 _28694_/X
 _28695_/Y
 _28696_/X
 _28697_/X
 _28698_/X
 _28699_/X
 _28700_/X
 _28701_/Y
 _28702_/X
 _28703_/Y
 _28704_/Y
 _28705_/X
 _28706_/Y
 _28707_/X
 _28708_/X
 _28709_/X
 _28710_/X
 _28711_/X
 _28712_/X
 _28713_/Y
 _28714_/X
 _28715_/X
 _28716_/X
 _28717_/Y
 _28718_/X
 _28719_/X
 _28720_/X
 _28721_/X
 _28722_/X
 _28723_/X
 _28724_/X
 _28725_/X
 _28726_/X
 _28727_/X
 _28728_/X
 _28729_/X
 _28730_/X
 _28731_/X
 _28732_/X
 _28733_/X
 _28734_/X
 _28735_/X
 _28736_/X
 _28737_/X
 _28738_/X
 _28739_/X
 _28740_/X
 _28741_/X
 _28742_/X
 _28743_/X
 _28744_/X
 _28745_/X
 _28746_/X
 _28747_/X
 _28748_/X
 _28749_/X
 _28750_/X
 _28751_/X
 _28752_/X
 _28753_/X
 _28754_/X
 _28755_/Y
 _28756_/X
 _28757_/X
 _28758_/X
 _28759_/X
 _28760_/X
 _28761_/X
 _28762_/X
 _28763_/X
 _28764_/X
 _28765_/X
 _28766_/X
 _28767_/X
 _28768_/X
 _28769_/X
 _28770_/X
 _28771_/X
 _28772_/X
 _28773_/X
 _28774_/X
 _28775_/X
 _28776_/X
 _28777_/X
 _28778_/X
 _28779_/X
 _28780_/X
 _28781_/X
 _28782_/X
 _28783_/X
 _28784_/X
 _28785_/X
 _28786_/X
 _28787_/X
 _28788_/X
 _28789_/X
 _28790_/X
 _28791_/X
 _28792_/X
 _28793_/X
 _28794_/X
 _28795_/X
 _28796_/X
 _28797_/X
 _28798_/Y
 _28799_/X
 _28800_/X
 _28801_/X
 _28802_/X
 _28803_/X
 _28804_/X
 _28805_/X
 _28806_/Y
 _28807_/X
 _28808_/X
 _28809_/X
 _28810_/X
 _28811_/X
 _28812_/Y
 _28813_/Y
 _28814_/Y
 _28815_/X
 _28816_/X
 _28817_/X
 _28818_/X
 _28819_/X
 _28820_/Y
 _28821_/X
 _28822_/X
 _28823_/X
 _28824_/X
 _28825_/X
 _28826_/X
 _28827_/X
 _28828_/X
 _28829_/Y
 _28830_/X
 _28831_/X
 _28832_/X
 _28833_/X
 _28834_/X
 _28835_/X
 _28836_/Y
 _28837_/X
 _28838_/X
 _28839_/X
 _28840_/X
 _28841_/X
 _28842_/Y
 _28843_/Y
 _28844_/Y
 _28845_/X
 _28846_/X
 _28847_/X
 _28848_/X
 _28849_/Y
 _28850_/X
 _28851_/X
 _28852_/X
 _28853_/X
 _28854_/X
 _28855_/X
 _28856_/X
 _28857_/X
 _28858_/Y
 _28859_/X
 _28860_/X
 _28861_/X
 _28862_/X
 _28863_/X
 _28864_/X
 _28865_/Y
 _28866_/Y
 _28867_/Y
 _28868_/X
 _28869_/X
 _28870_/X
 _28871_/X
 _28872_/Y
 _28873_/X
 _28874_/X
 _28875_/X
 _28876_/X
 _28877_/X
 _28878_/X
 _28879_/Y
 _28880_/Y
 _28881_/Y
 _28882_/X
 _28883_/X
 _28884_/X
 _28885_/X
 _28886_/Y
 _28887_/Y
 _28888_/X
 _28889_/X
 _28890_/X
 _28891_/X
 _28892_/X
 _28893_/Y
 _28894_/X
 _28895_/X
 _28896_/X
 _28897_/X
 _28898_/X
 _28899_/Y
 _28900_/X
 _28901_/X
 _28902_/X
 _28903_/X
 _28904_/X
 _28905_/X
 _28906_/X
 _28907_/X
 _28908_/X
 _28909_/X
 _28910_/X
 _28911_/X
 _28912_/X
 _28913_/X
 _28914_/X
 _28915_/X
 _28916_/X
 _28917_/X
 _28918_/X
 _28919_/X
 _28920_/X
 _28921_/X
 _28922_/X
 _28923_/X
 _28924_/X
 _28925_/X
 _28926_/X
 _28927_/X
 _28928_/X
 _28929_/X
 _28930_/X
 _28931_/X
 _28932_/X
 _28933_/X
 _28934_/X
 _28935_/X
 _28936_/X
 _28937_/X
 _28938_/X
 _28939_/Y
 _28940_/Y
 _28941_/X
 _28942_/Y
 _28943_/X
 _28944_/Y
 _28945_/X
 _28946_/X
 _28947_/X
 _28948_/Y
 _28949_/X
 _28950_/X
 _28951_/X
 _28952_/X
 _28953_/X
 _28954_/Y
 _28955_/Y
 _28956_/X
 _28957_/X
 _28958_/X
 _28959_/X
 _28960_/X
 _28961_/X
 _28962_/X
 _28963_/Y
 _28964_/X
 _28965_/X
 _28966_/X
 _28967_/Y
 _28968_/Y
 _28969_/Y
 _28970_/X
 _28971_/X
 _28972_/X
 _28973_/X
 _28974_/X
 _28975_/X
 _28976_/X
 _28977_/X
 _28978_/X
 _28979_/Y
 _28980_/X
 _28981_/X
 _28982_/X
 _28983_/X
 _28984_/X
 _28985_/X
 _28986_/X
 _28987_/X
 _28988_/Y
 _28989_/Y
 _28990_/X
 _28991_/X
 _28992_/X
 _28993_/X
 _28994_/X
 _28995_/X
 _28996_/Y
 _28997_/X
 _28998_/X
 _28999_/X
 _29000_/X
 _29001_/X
 _29002_/X
 _29003_/X
 _29004_/X
 _29005_/X
 _29006_/X
 _29007_/X
 _29008_/X
 _29009_/X
 _29010_/X
 _29011_/X
 _29012_/X
 _29013_/X
 _29014_/X
 _29015_/X
 _29016_/Y
 _29017_/X
 _29018_/X
 _29019_/X
 _29020_/X
 _29021_/X
 _29022_/Y
 _29023_/X
 _29024_/X
 _29025_/X
 _29026_/X
 _29027_/X
 _29028_/X
 _29029_/X
 _29030_/X
 _29031_/X
 _29032_/X
 _29033_/X
 _29034_/Y
 _29035_/Y
 _29036_/X
 _29037_/X
 _29038_/X
 _29039_/X
 _29040_/X
 _29041_/X
 _29042_/X
 _29043_/X
 _29044_/Q
 _29045_/Q
 _29046_/Q
 _29047_/Q
 _29048_/Q
 _29049_/Q
 _29050_/Q
 _29051_/Q
 _29052_/Q
 _29053_/Q
 _29054_/Q
 _29055_/Q
 _29056_/Q
 _29057_/Q
 _29058_/Q
 _29059_/Q
 _29060_/Q
 _29061_/Q
 _29062_/Q
 _29063_/Q
 _29064_/Q
 _29065_/Q
 _29066_/Q
 _29067_/Q
 _29068_/Q
 _29069_/Q
 _29070_/Q
 _29071_/Q
 _29072_/Q
 _29073_/Q
 _29074_/Q
 _29075_/Q
 _29076_/Q
 _29077_/Q
 _29078_/Q
 _29079_/Q
 _29080_/Q
 _29081_/Q
 _29082_/Q
 _29083_/Q
 _29084_/Q
 _29085_/Q
 _29086_/Q
 _29087_/Q
 _29088_/Q
 _29089_/Q
 _29090_/Q
 _29091_/Q
 _29092_/Q
 _29093_/Q
 _29094_/Q
 _29095_/Q
 _29096_/Q
 _29097_/Q
 _29098_/Q
 _29099_/Q
 _29100_/Q
 _29101_/Q
 _29102_/Q
 _29103_/Q
 _29104_/Q
 _29105_/Q
 _29106_/Q
 _29107_/Q
 _29108_/Q
 _29109_/Q
 _29110_/Q
 _29111_/Q
 _29112_/Q
 _29113_/Q
 _29114_/Q
 _29115_/Q
 _29116_/Q
 _29117_/Q
 _29118_/Q
 _29119_/Q
 _29120_/Q
 _29121_/Q
 _29122_/Q
 _29123_/Q
 _29124_/Q
 _29125_/Q
 _29126_/Q
 _29127_/Q
 _29128_/Q
 _29129_/Q
 _29130_/Q
 _29131_/Q
 _29132_/Q
 _29133_/Q
 _29134_/Q
 _29135_/Q
 _29136_/Q
 _29137_/Q
 _29138_/Q
 _29139_/Q
 _29140_/Q
 _29141_/Q
 _29142_/Q
 _29143_/Q
 _29144_/Q
 _29145_/Q
 _29146_/Q
 _29147_/Q
 _29148_/Q
 _29149_/Q
 _29150_/Q
 _29151_/Q
 _29152_/Q
 _29153_/Q
 _29154_/Q
 _29155_/Q
 _29156_/Q
 _29157_/Q
 _29158_/Q
 _29159_/Q
 _29160_/Q
 _29161_/Q
 _29162_/Q
 _29163_/Q
 _29164_/Q
 _29165_/Q
 _29166_/Q
 _29167_/Q
 _29168_/Q
 _29169_/Q
 _29170_/Q
 _29171_/Q
 _29172_/Q
 _29173_/Q
 _29174_/Q
 _29175_/Q
 _29176_/Q
 _29177_/Q
 _29178_/Q
 _29179_/Q
 _29180_/Q
 _29181_/Q
 _29182_/Q
 _29183_/Q
 _29184_/Q
 _29185_/Q
 _29186_/Q
 _29187_/Q
 _29188_/Q
 _29189_/Q
 _29190_/Q
 _29191_/Q
 _29192_/Q
 _29193_/Q
 _29194_/Q
 _29195_/Q
 _29196_/Q
 _29197_/Q
 _29198_/Q
 _29199_/Q
 _29200_/Q
 _29201_/Q
 _29202_/Q
 _29203_/Q
 _29204_/Q
 _29205_/Q
 _29206_/Q
 _29207_/Q
 _29208_/Q
 _29209_/Q
 _29210_/Q
 _29211_/Q
 _29212_/Q
 _29213_/Q
 _29214_/Q
 _29215_/Q
 _29216_/Q
 _29217_/Q
 _29218_/Q
 _29219_/Q
 _29220_/Q
 _29221_/Q
 _29222_/Q
 _29223_/Q
 _29224_/Q
 _29225_/Q
 _29226_/Q
 _29227_/Q
 _29228_/Q
 _29229_/Q
 _29230_/Q
 _29231_/Q
 _29232_/Q
 _29233_/Q
 _29234_/Q
 _29235_/Q
 _29236_/Q
 _29237_/Q
 _29238_/Q
 _29239_/Q
 _29240_/Q
 _29241_/Q
 _29242_/Q
 _29243_/Q
 _29244_/Q
 _29245_/Q
 _29246_/Q
 _29247_/Q
 _29248_/Q
 _29249_/Q
 _29250_/Q
 _29251_/Q
 _29252_/Q
 _29253_/Q
 _29254_/Q
 _29255_/Q
 _29256_/Q
 _29257_/Q
 _29258_/Q
 _29259_/Q
 _29260_/Q
 _29261_/Q
 _29262_/Q
 _29263_/Q
 _29264_/Q
 _29265_/Q
 _29266_/Q
 _29267_/Q
 _29268_/Q
 _29269_/Q
 _29270_/Q
 _29271_/Q
 _29272_/Q
 _29273_/Q
 _29274_/Q
 _29275_/Q
 _29276_/Q
 _29277_/Q
 _29278_/Q
 _29279_/Q
 _29280_/Q
 _29281_/Q
 _29282_/Q
 _29283_/Q
 _29284_/Q
 _29285_/Q
 _29286_/Q
 _29287_/Q
 _29288_/Q
 _29289_/Q
 _29290_/Q
 _29291_/Q
 _29292_/Q
 _29293_/Q
 _29294_/Q
 _29295_/Q
 _29296_/Q
 _29297_/Q
 _29298_/Q
 _29299_/Q
 _29300_/Q
 _29301_/Q
 _29302_/Q
 _29303_/Q
 _29304_/Q
 _29305_/Q
 _29306_/Q
 _29307_/Q
 _29308_/Q
 _29309_/Q
 _29310_/Q
 _29311_/Q
 _29312_/Q
 _29313_/Q
 _29314_/Q
 _29315_/Q
 _29316_/Q
 _29317_/Q
 _29318_/Q
 _29319_/Q
 _29320_/Q
 _29321_/Q
 _29322_/Q
 _29323_/Q
 _29324_/Q
 _29325_/Q
 _29326_/Q
 _29327_/Q
 _29328_/Q
 _29329_/Q
 _29330_/Q
 _29331_/Q
 _29332_/Q
 _29333_/Q
 _29334_/Q
 _29335_/Q
 _29336_/Q
 _29337_/Q
 _29338_/Q
 _29339_/Q
 _29340_/Q
 _29341_/Q
 _29342_/Q
 _29343_/Q
 _29344_/Q
 _29345_/Q
 _29346_/Q
 _29347_/Q
 _29348_/Q
 _29349_/Q
 _29350_/Q
 _29351_/Q
 _29352_/Q
 _29353_/Q
 _29354_/Q
 _29355_/Q
 _29356_/Q
 _29357_/Q
 _29358_/Q
 _29359_/Q
 _29360_/Q
 _29361_/Q
 _29362_/Q
 _29363_/Q
 _29364_/Q
 _29365_/Q
 _29366_/Q
 _29367_/Q
 _29368_/Q
 _29369_/Q
 _29370_/Q
 _29371_/Q
 _29372_/Q
 _29373_/Q
 _29374_/Q
 _29375_/Q
 _29376_/Q
 _29377_/Q
 _29378_/Q
 _29379_/Q
 _29380_/Q
 _29381_/Q
 _29382_/Q
 _29383_/Q
 _29384_/Q
 _29385_/Q
 _29386_/Q
 _29387_/Q
 _29388_/Q
 _29389_/Q
 _29390_/Q
 _29391_/Q
 _29392_/Q
 _29393_/Q
 _29394_/Q
 _29395_/Q
 _29396_/Q
 _29397_/Q
 _29398_/Q
 _29399_/Q
 _29400_/Q
 _29401_/Q
 _29402_/Q
 _29403_/Q
 _29404_/Q
 _29405_/Q
 _29406_/Q
 _29407_/Q
 _29408_/Q
 _29409_/Q
 _29410_/Q
 _29411_/Q
 _29412_/Q
 _29413_/Q
 _29414_/Q
 _29415_/Q
 _29416_/Q
 _29417_/Q
 _29418_/Q
 _29419_/Q
 _29420_/Q
 _29421_/Q
 _29422_/Q
 _29423_/Q
 _29424_/Q
 _29425_/Q
 _29426_/Q
 _29427_/Q
 _29428_/Q
 _29429_/Q
 _29430_/Q
 _29431_/Q
 _29432_/Q
 _29433_/Q
 _29434_/Q
 _29435_/Q
 _29436_/Q
 _29437_/Q
 _29438_/Q
 _29439_/Q
 _29440_/Q
 _29441_/Q
 _29442_/Q
 _29443_/Q
 _29444_/Q
 _29445_/Q
 _29446_/Q
 _29447_/Q
 _29448_/Q
 _29449_/Q
 _29450_/Q
 _29451_/Q
 _29452_/Q
 _29453_/Q
 _29454_/Q
 _29455_/Q
 _29456_/Q
 _29457_/Q
 _29458_/Q
 _29459_/Q
 _29460_/Q
 _29461_/Q
 _29462_/Q
 _29463_/Q
 _29464_/Q
 _29465_/Q
 _29466_/Q
 _29467_/Q
 _29468_/Q
 _29469_/Q
 _29470_/Q
 _29471_/Q
 _29472_/Q
 _29473_/Q
 _29474_/Q
 _29475_/Q
 _29476_/Q
 _29477_/Q
 _29478_/Q
 _29479_/Q
 _29480_/Q
 _29481_/Q
 _29482_/Q
 _29483_/Q
 _29484_/Q
 _29485_/Q
 _29486_/Q
 _29487_/Q
 _29488_/Q
 _29489_/Q
 _29490_/Q
 _29491_/Q
 _29492_/Q
 _29493_/Q
 _29494_/Q
 _29495_/Q
 _29496_/Q
 _29497_/Q
 _29498_/Q
 _29499_/Q
 _29500_/Q
 _29501_/Q
 _29502_/Q
 _29503_/Q
 _29504_/Q
 _29505_/Q
 _29506_/Q
 _29507_/Q
 _29508_/Q
 _29509_/Q
 _29510_/Q
 _29511_/Q
 _29512_/Q
 _29513_/Q
 _29514_/Q
 _29515_/Q
 _29516_/Q
 _29517_/Q
 _29518_/Q
 _29519_/Q
 _29520_/Q
 _29521_/Q
 _29522_/Q
 _29523_/Q
 _29524_/Q
 _29525_/Q
 _29526_/Q
 _29527_/Q
 _29528_/Q
 _29529_/Q
 _29530_/Q
 _29531_/Q
 _29532_/Q
 _29533_/Q
 _29534_/Q
 _29535_/Q
 _29536_/Q
 _29537_/Q
 _29538_/Q
 _29539_/Q
 _29540_/Q
Found 0 partially unannotated drivers.

===========================================================================
max slew violation count 42
max fanout violation count 0
max cap violation count 0
============================================================================

===========================================================================
check_setup -verbose -unconstrained_endpoints -multiple_clock -no_clock -no_input_delay -loops -generated_clocks
===========================================================================
Warning: There are 34 input ports missing set_input_delay.
  en
  in_im[0]
  in_im[10]
  in_im[11]
  in_im[12]
  in_im[13]
  in_im[14]
  in_im[15]
  in_im[1]
  in_im[2]
  in_im[3]
  in_im[4]
  in_im[5]
  in_im[6]
  in_im[7]
  in_im[8]
  in_im[9]
  in_re[0]
  in_re[10]
  in_re[11]
  in_re[12]
  in_re[13]
  in_re[14]
  in_re[15]
  in_re[1]
  in_re[2]
  in_re[3]
  in_re[4]
  in_re[5]
  in_re[6]
  in_re[7]
  in_re[8]
  in_re[9]
  rst_n
Warning: There are 32 unconstrained endpoints.
  out_im[0]
  out_im[10]
  out_im[11]
  out_im[12]
  out_im[13]
  out_im[14]
  out_im[15]
  out_im[1]
  out_im[2]
  out_im[3]
  out_im[4]
  out_im[5]
  out_im[6]
  out_im[7]
  out_im[8]
  out_im[9]
  out_re[0]
  out_re[10]
  out_re[11]
  out_re[12]
  out_re[13]
  out_re[14]
  out_re[15]
  out_re[1]
  out_re[2]
  out_re[3]
  out_re[4]
  out_re[5]
  out_re[6]
  out_re[7]
  out_re[8]
  out_re[9]
