net,length_um
net34,1267.8
net70,1159.64
net69,1143.14
net49,1132.68
net68,1119.47
net71,1112.3
net48,1015.88
_06781_,998.37
net61,982.61
net38,979.96
net51,935.72
_08734_,922.52
net16,902.76
net5,877.26
net32,866.72
net3,860.07
net42,819.24
net20,784.51
net54,768.025
net18,743.98
net28,743.14
_14074_,742.14
net31,719.6
_14065_,717.42
net4,717.1
net67,714.23
net29,705.945
net64,705.4
net45,705.055
net6,701.14
clknet_0_clk,699.78
net52,698.7
_06516_,695.7
net13,693.22
net36,677.76
net8,677.07
_14078_,675.82
_01225_,667.75
_07054_,645.92
net24,634.73
net21,632.88
net33,625.66
net12,619
net1,614.72
net2,612.27
net23,597.24
_07347_,591.27
_07575_,590.64
net15,582.68
clk,582.09
_01488_,576.28
_09615_,563.95
net63,537.82
net59,526.34
net35,525.02
net57,523.6
net44,520.87
_09085_,511.32
net26,510.815
net17,496.48
net39,487.72
net9,487
_08733_,482.14
net19,481.445
_08735_,479.72
_08695_,479.48
_09451_,477.98
_08696_,475.05
_00557_,466.67
net62,466.57
_08777_,465.49
_09450_,464.59
net14,459.92
_01000_,458.4
net27,456.18
_08025_,451.19
net50,450.84
clknet_3_5__leaf_clk,449.27
_11429_,448.61
net30,446.82
_01004_,446.34
clknet_3_7__leaf_clk,441.945
net7,441.42
_00546_,437.47
_14067_,437.02
_08258_,436.32
_09809_,435.79
_09792_,434.76
_07933_,434.64
_09284_,430.84
_08041_,426.15
_09627_,425.06
net37,420.32
_08932_,418.07
_00506_,414.38
_09493_,413.33
_08026_,410.32
_14441_,407.2
clknet_3_2__leaf_clk,407
_07626_,406.62
_10456_,406.44
_07671_,404.78
_00539_,403.58
net25,401.84
_00664_,400.45
_08663_,396.54
_07139_,393.46
_07711_,389.72
_09713_,388.56
_08155_,388.49
net10,387.18
_01273_,386.21
_07284_,386.08
net66,385.14
_12093_,381.41
net11,379.34
_07131_,379.115
_07103_,378.24
_10085_,378.1
_09937_,377.08
_08738_,375.98
_07281_,375.25
_07059_,374.81
net58,373.86
_01784_,373.43
_00625_,370.75
net47,368.26
_07277_,368.21
_07235_,367.68
_00517_,365.6
_07340_,365.31
net22,364.06
_09037_,362.58
_09102_,361
_00544_,360.86
_07334_,360.83
_14174_,360.12
clknet_3_4__leaf_clk,359.53
_06700_,357.75
_06762_,356.44
_14284_,356.35
_01897_,356.33
_06621_,354.02
_08137_,353.7
_07186_,352.8
_07123_,352.65
_08902_,352.33
_07627_,351.05
_09030_,351.02
_07106_,350.77
_08901_,349.555
_07829_,349.38
_07901_,347.81
_00511_,346.28
_06626_,344.78
_07924_,344.75
_07218_,344.66
_07548_,344.59
_07427_,342.65
_07224_,340.7
_06518_,340.14
_07738_,338.98
_03597_,338.72
_01621_,337.85
clknet_3_1__leaf_clk,334.72
_09391_,334.04
_07413_,334.02
_04261_,332.83
_01846_,332.54
_14355_,332.06
_00992_,331.34
_08204_,331.18
_14259_,331.08
_06650_,330.54
_07921_,330.29
_07416_,329.93
_01012_,329.22
_11048_,327.91
_00569_,327.48
_06482_,327.11
_02363_,327.08
_07822_,327.03
_04401_,326.58
_11734_,326.11
_01877_,325.83
_07847_,325.8
_08931_,325.12
_14239_,325.03
_08017_,324.94
_10633_,323.72
_07267_,323.1
_08354_,323.05
_07710_,321.39
_00915_,320.61
_07872_,320.2
_14342_,319.79
clknet_3_6__leaf_clk,319.14
_14437_,318.93
_07531_,316.65
_05605_,316.34
net55,316.18
_08509_,316.03
_10212_,315.96
_04884_,314.93
_01779_,314.79
_07323_,313.98
_06631_,313.39
_06892_,313.16
_07289_,311.67
_07209_,311.39
_07151_,310.32
_00497_,310.2
_08938_,309.925
_09100_,309.78
_10543_,309.64
_07596_,309.39
_05089_,309.01
_07592_,308.86
_10542_,308.22
_10103_,307.375
_09095_,306.45
_07309_,306.39
_09545_,306.14
_12862_,305.74
_14474_,305.37
_04990_,304.72
_01400_,304.09
_10352_,304.06
_14344_,304.035
_07498_,303.12
_00529_,302.96
_01875_,302.81
_07176_,302.8
_01540_,302.75
_09486_,302.24
_07420_,302.23
_07583_,301.7
net46,301.12
_10841_,301.06
_00551_,300.37
_01325_,300.33
_01095_,300.08
_07978_,299.24
_01110_,298.96
_09886_,298.835
_02551_,298.78
_09091_,298.725
_00703_,298.27
_10229_,298.21
_05374_,297.8
_06800_,297.54
_07511_,297.05
_14337_,296.74
_00708_,296.3
_09290_,296.13
_07014_,295.98
_10821_,295.4
_01654_,294.64
_07908_,292.95
_09039_,292.73
_10943_,292.24
_07706_,292.08
_09966_,290.96
_00736_,290.54
_12659_,290.52
_04743_,290.48
_04271_,289.9
_07529_,289.41
_09304_,289.075
_09458_,288.915
_09878_,288.62
_06995_,287.06
clknet_3_3__leaf_clk,286.68
_04788_,286.32
_08933_,285.775
_02079_,285.43
_00710_,285.18
_09563_,285.1
_12449_,284.66
_07162_,284.415
_10344_,283.1
_07262_,282.52
_06731_,281.44
net41,280.94
_08776_,280.51
_07605_,280.16
_04667_,279.95
_14236_,279.9
_02322_,278.98
_00883_,278.81
_07820_,278.76
_05187_,278.54
_07395_,278.34
_14214_,278.33
_10106_,278.26
_06365_,277.04
_07614_,277.02
_08283_,276.25
_04390_,276.22
_03811_,275.81
_14219_,274.92
_01331_,274.64
_07622_,274.1
_07745_,273.95
_06654_,273.72
_04992_,273.67
_04391_,273.51
_06927_,273.08
_07932_,272.36
_04534_,272.28
_02180_,270.725
_08745_,270.62
_14350_,270.315
_05279_,270.1
_09107_,270.01
_01643_,269.795
_14401_,269.17
_04543_,268.81
_04779_,268.53
_05194_,268.45
_07653_,268.3
_06662_,267.84
_01034_,267.72
_03812_,267.515
_14234_,267.09
_14283_,266.78
_14493_,266.72
_08507_,266.61
_12289_,266.46
_01952_,266.38
_04329_,266.22
_09453_,265.08
_01854_,264.89
_05288_,264.53
_13219_,264.38
_00549_,264.23
_14336_,264.07
_04782_,263.4
_14279_,263.4
_08920_,262.8
_05097_,262.18
_10011_,262.04
_09324_,261.84
_14450_,261.82
_14241_,261.8
_14197_,261.71
_07601_,261
_07693_,260.91
_14385_,260.49
_03027_,260.4
_14412_,260.22
_02736_,259.7
_07180_,259.3
_04661_,258.86
_07361_,258.73
_02198_,258.68
_06489_,258.42
_12658_,258.1
_07332_,257.795
_08278_,257.41
_07320_,257.29
_06668_,256.695
_01029_,256.54
_09965_,256.24
_10800_,256.24
_10478_,256.205
_01778_,254.695
_01823_,254.545
_07895_,254.28
_00878_,253.95
_14362_,253.78
_00996_,253.4
_07202_,253.23
_06865_,253.1
_00881_,252.9
_02802_,252.86
_01009_,252.49
_14173_,252.46
_03261_,251.32
_02190_,251.25
_08056_,250.87
_07552_,250.83
_07796_,250.25
_12257_,250.1
_14290_,250.08
_02025_,250.04
_09332_,249.79
_14064_,249.64
_01120_,249.455
_14494_,249.41
_00534_,248.62
_14319_,247.78
_14321_,247.78
_01618_,245.38
_06833_,245.38
_05376_,245.32
_07381_,245.16
_08039_,244.96
_02163_,244.73
_06707_,244.46
_05550_,243.72
_01002_,243.71
_08760_,243.66
_01995_,243.65
_07126_,243.16
_01561_,242.845
_06736_,242.21
net43,241.94
_07227_,241.925
_07270_,241.83
_00707_,241.4
_08259_,241.29
_07716_,241.02
_05468_,240.92
_07823_,240.9
_00683_,240.71
_08346_,240.35
_01271_,240.16
_06957_,239.96
_01258_,239.66
_09309_,239.63
_14324_,239.6
_10167_,239.12
_07825_,238.9
_08138_,238.395
_13978_,237.98
_11085_,237.39
_14211_,237.05
_08906_,236.88
_02649_,236.46
_07325_,236.42
u_rom1.addr\[2\],236.32
_08636_,236.25
_14419_,236.215
_04191_,236.04
_00831_,236.02
_09816_,235.6
_02114_,235.45
_04328_,234.99
_09092_,234.92
_01562_,234.63
_12597_,234.05
_07067_,233.82
_09492_,233.58
_05985_,233.25
_06556_,233.06
u_rom1.addr\[1\],231.88
_07352_,231.75
_03752_,231.72
_09187_,231.64
_12977_,231.31
_02186_,231.27
_08895_,231.26
_01711_,231.03
_05149_,230.34
_09390_,229.96
_07528_,229.19
_00523_,228.78
_14190_,228.08
_09028_,227.93
_09407_,227.91
_10994_,227.76
_08736_,227.28
_13948_,227.24
_00520_,227.12
_09786_,226.71
_10937_,226.68
_02314_,226.58
_01209_,226.19
_01487_,225.76
_07520_,225.74
_10886_,225.58
_08997_,225.49
_00971_,225.375
_01280_,225.33
_10987_,225.06
_01003_,225.04
_14264_,224.98
_14300_,224.82
_14357_,224.8
_00578_,224.79
_12169_,224.4
_07889_,223.885
_14242_,223.61
_08855_,223.44
_08185_,222.98
_07742_,222.83
_01208_,222.55
_07034_,222.44
_06533_,222.22
_07556_,221.64
_00509_,221.59
_08669_,221.47
_03464_,221.42
_07382_,221.21
_07366_,221.16
_03004_,221.12
_08893_,221.015
_11043_,220.94
_14247_,220.705
_09335_,220.54
_03372_,220.42
_12880_,220.06
_06964_,220.015
_07105_,219.64
_07179_,219.47
_05454_,219.4
_00925_,219.1
_01353_,218.83
_08020_,218.59
_07576_,218.48
_06103_,218.34
_11335_,218.22
_04114_,218.12
_09644_,218.02
_05885_,217.96
_14246_,217.92
_07039_,217.8
_14014_,217.68
_12174_,217.62
_01106_,217.16
_06767_,216.86
_04714_,216.8
_00500_,216.74
_07429_,216.365
_07509_,216.34
_07690_,216
_02836_,215.72
u_rom1.addr\[0\],215.14
_01399_,215.05
_14382_,214.83
_02935_,214.77
_08993_,214.4
_00545_,214.27
_01140_,214.14
_03686_,214.02
_01257_,213.74
_11227_,213.72
_13942_,213.72
_05466_,213.28
_07798_,213.08
_02297_,213.06
_04468_,212.93
_07064_,212.91
_09087_,212.48
_01474_,212.38
_02733_,212.2
_01109_,212.11
_09333_,211.75
_00571_,211.19
_04895_,211.02
_11125_,211.02
_11087_,210.95
_03418_,210.32
_07085_,210.18
_03192_,210.15
_02244_,210.04
_01690_,210.02
_07851_,209.95
_14404_,209.9
_09729_,209.66
_10798_,209.33
_14305_,209.235
_07001_,208.92
_05775_,208.82
_14490_,208.455
_09953_,208.43
_14370_,208.39
_08574_,208.37
_05251_,208.29
_14345_,208.17
_02023_,208.08
_13402_,208.02
_09936_,207.94
_04616_,207.445
_05635_,207.36
_09574_,207
_07804_,206.89
_07831_,206.51
_07358_,206.455
_08847_,206.405
_02433_,206.29
_09719_,206.21
_14394_,205.96
_10019_,205.85
_08935_,205.8
_10081_,205.62
_02506_,205.44
_08416_,205.3
_14498_,205.27
_07723_,204.815
_02142_,204.69
_06932_,204.28
_12139_,203.85
_01713_,203.83
_11003_,203.78
_09144_,203.64
_06407_,203.2
_10889_,203.16
_01709_,202.55
_07060_,202.45
_13932_,202.36
_10957_,202.34
_12444_,202
_02735_,201.84
_09625_,201.82
_07486_,201.815
_09628_,201.76
_09935_,201.56
_03217_,201.48
_10864_,201.2
_07788_,200.67
_07354_,200.61
_02951_,200.54
_07359_,200.38
_02312_,200.34
_09299_,200.32
_07367_,200.28
_10552_,199.84
_02726_,199.83
net130,199.72
_07669_,199.7
_14172_,199.66
_02806_,199.52
_08021_,199.4
_09818_,199.4
_01398_,199.36
_06245_,199.04
_00990_,198.82
_01937_,198.68
_06445_,198.38
_08987_,198.34
_07692_,198.3
_14056_,197.92
_03000_,197.88
_14032_,197.86
_10038_,197.82
_00552_,197.74
_03321_,197.63
_14178_,197.29
_14249_,196.945
_02161_,196.88
_03535_,196.68
_01163_,196.67
_10034_,196.45
_06060_,196.38
_11274_,196.36
_07907_,196.28
_07630_,196.12
_01383_,195.98
_08796_,195.96
_08996_,195.88
_07029_,195.86
_07621_,195.78
_06440_,195.59
_02248_,195.37
_01739_,195.24
_10796_,195.1
_12818_,194.98
_08345_,194.96
_05636_,194.56
_01985_,194.48
_07517_,194.45
_00737_,194.4
_03111_,194.35
_07388_,194.16
_07187_,194.05
_08740_,194.02
_02710_,194.01
_02615_,193.94
_09651_,193.73
_07819_,193.71
_10771_,193.58
_13960_,193.58
_09484_,193.57
_07348_,193.56
_14254_,193.48
_05860_,193.45
_07595_,193.43
_13966_,193.26
_07721_,192.69
_09088_,192.64
_03029_,192.2
_02263_,192.06
_05552_,192.02
_01782_,191.98
_06563_,191.84
_01126_,191.69
_10750_,191.2
_01898_,190.91
_10774_,190.84
_07465_,190.7
_14354_,190.6
_00997_,190.585
_10908_,190.34
_01436_,190.27
_03279_,190.1
_07755_,189.94
_01421_,189.91
_10858_,189.735
_07845_,189.71
_08186_,189.49
_07657_,188.9
_09995_,188.88
_08856_,188.58
_01693_,188.46
_07274_,188.22
_14297_,188.09
_07031_,187.88
_09014_,187.88
_07724_,187.84
_00709_,187.71
_01533_,187.62
_09704_,187.56
_06083_,187.5
_09292_,187.34
_08123_,187.15
_00715_,187.06
_07914_,186.835
_09569_,186.72
_14486_,186.7
_02599_,186.68
_09278_,186.46
_06991_,186.42
_11927_,186.42
_02286_,186.38
_01246_,186.235
_06485_,186.17
_02117_,186.16
_14280_,186.12
_02593_,186.09
_11488_,185.92
_02838_,185.35
_09282_,184.67
_13527_,184.41
_14501_,184.18
_14371_,184.1
_07264_,183.84
_09306_,183.76
_13984_,183.71
_07875_,183.46
_05865_,183.385
_09094_,183.2
_07482_,183.18
_05943_,183.14
_08294_,183.07
_12502_,183.04
_05939_,182.92
_08905_,182.8
_09016_,181.92
_00678_,181.65
_03228_,181.57
_13936_,181.3
_08038_,180.965
_10822_,180.62
_06898_,180.6
_07356_,180.48
_09217_,180.41
_09120_,180.16
_09173_,180.04
_03558_,179.8
_04555_,179.8
_01694_,179.745
_06869_,179.72
_11049_,179.6
_02780_,179.42
_00912_,179.36
_07557_,179.11
_08344_,179.1
clknet_3_0__leaf_clk,178.95
_02701_,178.875
_14001_,178.8
_08797_,178.78
_09645_,178.78
_05280_,178.6
_03106_,178.37
_09230_,178.22
_05714_,178.1
_14204_,178.04
_07339_,177.65
_14287_,177.58
_06792_,177.54
_01160_,177.49
_01998_,177.2
_03252_,176.82
_02224_,176.53
_08808_,176.485
_07222_,176.24
_07718_,176.15
_02077_,176.06
_08040_,175.97
_02873_,175.83
_10772_,175.78
_14278_,175.04
_11315_,174.97
_09465_,174.92
_09210_,174.9
_09325_,174.88
_01373_,174.45
_04267_,174.36
_02611_,174.34
_01682_,174.29
_08159_,174.22
_01685_,174.05
_05214_,173.94
_10223_,173.93
_07770_,173.92
_07976_,173.83
_08904_,173.82
_14408_,173.6
_14101_,173.56
_08903_,173.46
_07027_,173.225
_08272_,173.22
_13995_,173.2
_13020_,173.16
_02081_,173.14
_03555_,173.13
_14358_,172.86
_08936_,172.71
_01777_,172.35
_14439_,172.28
_05873_,172.22
_09945_,172.22
_11044_,172.2
_09572_,172.16
_08158_,171.83
_09623_,171.82
_06804_,171.575
_14449_,171.34
_08275_,171.14
_01281_,170.96
_06577_,170.91
_08044_,170.8
_07582_,170.48
_09518_,170.42
_10719_,170.16
_10819_,170.08
_08782_,169.9
_09491_,169.88
_14233_,169.86
_07349_,169.52
_14487_,169.4
_01617_,169.28
_09103_,169.27
_14050_,169.15
_14402_,169.04
_02544_,168.89
_06527_,168.89
_07508_,168.62
_07781_,168.35
_09804_,168.35
_03461_,168.32
_01020_,168.29
_02597_,168.24
_05692_,168.24
_12480_,168.22
_06383_,168.18
_08685_,168.16
_11393_,168.11
_08387_,168
_02618_,167.72
_01888_,167.67
_08514_,167.63
_09731_,167.6
_02283_,167.26
_01514_,167.24
_07189_,167.17
_07675_,166.96
_00921_,166.39
_10790_,166.39
_01633_,166.34
_02835_,166.3
_08203_,166.15
_10104_,166.14
_09647_,166.135
_04415_,166.06
_09808_,166
_08749_,165.87
_01251_,165.35
_00929_,165.32
_01094_,165.18
_03003_,165.16
_09011_,164.78
_09394_,164.76
_06826_,164.64
_11220_,164.63
_09115_,164.59
_14038_,164.52
_06838_,164.28
_14020_,164.22
_07789_,163.86
_14089_,163.695
_06494_,163.68
_09408_,163.59
_09146_,163.47
_00850_,163.25
_11473_,163.23
_07329_,163.14
_13144_,163
_13447_,162.92
_09667_,162.86
_01118_,162.855
_07215_,162.74
_02987_,162.72
_01117_,162.49
_00880_,162.46
_00748_,162.42
_14281_,162.3
_09048_,162.27
_11021_,161.88
_06069_,161.6
_07392_,161.58
_01293_,161.405
_01885_,161.4
_04595_,161.26
_05710_,161.2
_08506_,161.07
_02565_,161.06
_00999_,161.02
_07330_,160.88
_11584_,160.64
_12094_,160.48
_14201_,160.45
_08807_,160.44
_07271_,160.4
_11024_,160.3
_07300_,160.24
_01419_,160.14
_09994_,160.13
_00853_,160.07
_13186_,160.07
_07863_,160.05
_01365_,160
_01705_,159.9
_07802_,159.89
_09617_,159.8
_09348_,159.66
_01013_,159.42
_08839_,159.04
_04518_,158.66
_10097_,158.66
_10965_,158.57
_02022_,158.5
_03322_,158.26
_05712_,158.02
_09045_,157.99
_14231_,157.98
_01024_,157.92
_09673_,157.89
_09229_,157.78
_01025_,157.38
_07008_,157.34
_09209_,157.15
_01480_,157.03
_00967_,156.98
_02002_,156.98
_06373_,156.92
_01797_,156.81
_06450_,156.74
_13307_,156.72
_14392_,156.68
_13634_,156.56
_01876_,156.425
_07877_,156.38
_07868_,156.33
_06492_,156.18
_03821_,156.1
_00588_,156.09
_04857_,156.06
_01853_,155.92
_07783_,155.84
_11042_,155.78
_14122_,155.54
_09714_,155.295
_14199_,155.12
_07714_,155.04
_03378_,154.68
_09358_,154.62
_10149_,154.595
_01292_,154.52
_01382_,154.365
_07306_,154.26
_08279_,154.05
_00916_,153.83
_10426_,153.74
_04284_,153.72
_08197_,153.72
_06216_,153.55
_08153_,153.4
_03716_,153.31
_07494_,153.29
_01122_,153.16
_01255_,153.07
_07553_,153.06
_05888_,152.96
_03026_,152.92
_04939_,152.86
_08980_,152.77
_01882_,152.7
_00851_,152.6
_14250_,152.6
_11378_,152.59
_03421_,152.52
_06755_,152.48
_06522_,152.45
_07597_,152.43
_05904_,152.4
_06904_,152.4
_07527_,152.3
_12107_,152.195
_03758_,152.16
_01171_,152.14
_00991_,152.12
_02487_,151.92
_06186_,151.86
_12357_,151.73
_14312_,151.54
_06355_,151.52
_05978_,151.46
_09466_,151.42
_07672_,151.38
_00682_,151.3
_00830_,150.94
_07397_,150.72
_10347_,150.72
_01776_,150.68
_02967_,150.68
_08957_,150.58
_04894_,150.56
_07514_,150.34
_09469_,150.14
_13099_,150.1
_07165_,150.075
_10122_,150.06
_13196_,150.06
_04202_,150.04
_04420_,150.04
_03325_,149.96
_09485_,149.915
_11102_,149.88
_08429_,149.76
_02394_,149.74
_08803_,149.62
_14335_,149.58
_14322_,149.34
_07848_,148.92
_12089_,148.86
_06886_,148.8
_09093_,148.72
_05773_,148.54
_06429_,148.32
_01655_,148.26
_01264_,148.16
_10777_,148.02
_01125_,148
_13195_,147.93
_09877_,147.78
_09846_,147.74
_07507_,147.49
_02254_,147.42
_11372_,147.42
_14468_,147.42
_03176_,147.36
_00734_,147.32
_01639_,147.315
_02265_,147.17
_09601_,147.02
_03764_,146.88
_12008_,146.58
_01524_,146.575
_05908_,146.52
_08048_,146.47
_10345_,146.47
_03328_,146.22
_06418_,146.1
_10354_,145.98
u_rom2.addr\[1\],145.9
_07239_,145.88
_01568_,145.845
_06459_,145.42
_01642_,145.375
_04745_,145.26
_09826_,145.19
_06504_,145.18
_06425_,145.1
_12582_,145.04
_01111_,145
_02178_,144.94
_07644_,144.88
_03905_,144.85
_07846_,144.77
_06345_,144.68
_07463_,144.63
_07917_,144.6
_06520_,144.32
_06939_,144.235
_06524_,144.2
_04679_,144.14
_03257_,144.06
_10911_,144.06
_12325_,144.04
_01471_,144.02
_03831_,143.98
_01953_,143.94
_03993_,143.85
_07370_,143.74
_07357_,143.64
_14491_,143.64
_01702_,143.32
_01818_,143.32
_11086_,143.275
_03015_,143.22
_13270_,143.12
clknet_leaf_60_clk,143.1
_02504_,143.06
_05810_,143.06
_06874_,143.04
_00859_,143.03
_02367_,143.02
_07376_,142.98
_05334_,142.86
_14432_,142.76
_11026_,142.74
_11237_,142.73
_12136_,142.6
_07719_,142.58
_07881_,142.435
_08804_,142.42
_10813_,142.3
_07890_,142.26
_08202_,142.1
_10992_,142.02
_09553_,141.98
_05507_,141.92
_14232_,141.9
_09555_,141.74
_07878_,141.69
_07157_,141.66
_03258_,141.62
_07223_,141.62
_07380_,141.42
_10880_,141.38
_05789_,141.32
_10845_,141.24
_11255_,140.74
_01256_,140.72
_03105_,140.58
_01887_,140.35
_03645_,140.27
_12562_,140.16
_02907_,140.14
_09576_,140.07
_09350_,140
_01285_,139.95
_06130_,139.88
_13445_,139.86
_12662_,139.71
_09516_,139.46
_07343_,139.445
_01023_,139.34
_08046_,139.32
_07396_,139.24
_07909_,139.175
_04266_,139.16
_00838_,139.1
_08637_,139.08
_09276_,138.88
_12200_,138.86
_07616_,138.85
_08022_,138.735
_09895_,138.67
_09514_,138.41
_01475_,138.32
_04493_,138.26
_10566_,138.25
_14282_,138.24
_07317_,138.22
_10501_,138.14
_09567_,138.12
_08019_,138.04
_07311_,138.01
_01411_,137.83
_09715_,137.74
_04463_,137.7
u_rom2.addr\[0\],137.68
_06354_,137.625
_07047_,137.54
_10828_,137.46
_07923_,137.38
_14390_,137.3
_07393_,137.16
_14367_,137.11
_02801_,137.04
_01701_,137.02
_07273_,136.97
_05832_,136.94
_07454_,136.92
_11083_,136.7
_06725_,136.62
_02842_,136.54
_07184_,136.47
_06003_,136.46
_06999_,136.4
_05007_,136.36
_03609_,136.28
_10910_,136.2
_07916_,136.14
_14483_,136.12
_12681_,136.1
_02822_,136.06
_11535_,136.05
_01349_,135.92
_09964_,135.83
_07290_,135.775
_08355_,135.755
_14245_,135.64
_02692_,135.52
_09996_,135.34
_08428_,135.3
_04270_,135.26
_02719_,135.23
_06550_,135.22
_09885_,135.16
_08892_,135.11
_10656_,135.08
_04621_,135.02
_10913_,134.99
_10076_,134.895
_05926_,134.88
u_s3.phase_counter\[0\],134.86
_05940_,134.76
_00928_,134.74
_01374_,134.56
_01989_,134.52
_02135_,134.38
_01994_,134.28
_02629_,134.28
_02728_,134.18
_08798_,134.16
_11027_,133.95
_00917_,133.92
_02315_,133.92
_10166_,133.92
_04507_,133.86
_01662_,133.8
_14472_,133.74
_05914_,133.72
_14243_,133.4
_14314_,133.1
_14455_,132.94
_03778_,132.88
_06526_,132.84
_08154_,132.78
_03081_,132.72
_01083_,132.69
_07740_,132.54
_09718_,132.38
_02116_,132.34
_09277_,132.3
_10993_,132.28
_09899_,132.22
_04561_,132.2
_13224_,132.14
_01022_,132.1
_07345_,132.1
_02490_,132.07
_10036_,132.04
_01544_,131.93
_09675_,131.8
_10619_,131.74
_11261_,131.68
_07903_,131.6
_08815_,131.6
_07377_,131.58
_07140_,131.47
_00833_,131.44
_10823_,131.42
_07843_,131.38
_10157_,131.22
_03373_,131.08
_01335_,131.06
_09801_,131.02
_05894_,131.005
_11250_,130.96
_07171_,130.91
_10304_,130.89
_02505_,130.87
_03237_,130.86
_08811_,130.82
_09041_,130.62
_06972_,130.43
_01438_,130.3
_10712_,130.14
_02474_,129.93
_07977_,129.92
_01576_,129.82
_09184_,129.815
_13570_,129.78
_14261_,129.73
_06352_,129.72
_09460_,129.58
_07800_,129.54
_10868_,129.54
_14460_,129.5
_10401_,129.4
_06681_,129.38
_07680_,129.32
_13484_,129.3
_00776_,129.255
_08347_,129.22
_06137_,129.08
_11143_,128.98
_09291_,128.94
_09734_,128.94
_07859_,128.82
_14263_,128.69
_07950_,128.68
_02479_,128.62
_07153_,128.58
_14271_,128.57
_01883_,128.52
_04496_,128.34
_07519_,128.3
_08758_,128.02
_04564_,128
_14465_,127.845
_07625_,127.68
_00541_,127.6
_09280_,127.56
_01839_,127.34
_05931_,127.22
_01884_,127.04
_01376_,127
_07705_,127
_00589_,126.98
_11460_,126.97
_10522_,126.96
_05825_,126.88
_01535_,126.86
_03761_,126.66
_02486_,126.535
_09334_,126.52
_04435_,126.46
_08249_,126.37
_10602_,126.36
_03550_,126.29
_12895_,126.24
_01426_,126.2
_09027_,125.78
_14343_,125.72
_05350_,125.62
_01242_,125.58
_03419_,125.56
_07541_,125.31
_01881_,125.28
_05131_,125.18
_06335_,125.14
_02071_,125.045
_14298_,124.96
_07383_,124.94
_07773_,124.78
_03442_,124.775
_08937_,124.7
_02278_,124.69
_01268_,124.68
_01547_,124.64
_08426_,124.62
_07336_,124.42
_07188_,124.4
_07887_,124.38
_03884_,124.33
_11281_,124.3
_13641_,124.255
_02512_,124.24
_05042_,124.24
_10867_,124.22
_07739_,124.2
_07093_,124
_04949_,123.84
_02377_,123.74
_03231_,123.66
_01167_,123.61
_08042_,123.52
_01575_,123.5
_01392_,123.42
_09361_,123.38
_05383_,123.36
_09293_,123.36
_03436_,123.34
_06977_,123.305
_02111_,123.26
_09676_,123.19
_12821_,123.06
_12353_,122.96
_11136_,122.95
_11564_,122.92
_11776_,122.91
_01741_,122.9
_01358_,122.88
_06125_,122.86
_07774_,122.81
_08274_,122.76
_08744_,122.66
_10327_,122.62
_13481_,122.62
_09831_,122.595
_00564_,122.54
_11222_,122.48
_00746_,122.47
_07679_,122.42
_06530_,122.34
_09147_,122.33
_12639_,122.33
_11265_,122.24
_09285_,122.03
_02262_,121.98
_07308_,121.94
_13354_,121.92
_01297_,121.9
_02004_,121.86
_06578_,121.8
_07204_,121.8
_09943_,121.74
_04037_,121.68
_06978_,121.68
_07995_,121.66
_09296_,121.62
_09562_,121.46
_04173_,121.44
_07285_,121.42
_04833_,121.32
_06470_,121.3
_14393_,121.26
_12885_,121.22
_05018_,121.09
_10302_,121.075
_03444_,121.04
_10213_,121.04
_07319_,120.79
_06859_,120.74
_09470_,120.74
_09573_,120.72
_05802_,120.66
_10043_,120.66
_01097_,120.48
_00677_,120.46
_10988_,120.41
_04725_,120.4
_07226_,120.32
_04834_,120.27
_13202_,120.06
_11254_,120.02
_03268_,119.9
_01168_,119.86
_07418_,119.84
_02230_,119.82
_07753_,119.8
_12193_,119.72
_03400_,119.66
_10082_,119.62
_09716_,119.54
_07678_,119.515
_01991_,119.4
_00747_,119.39
_02920_,119.36
_06546_,119.35
_05803_,119.34
_09494_,119.33
_02660_,119.28
_10334_,119.19
_07425_,119.14
_01623_,119.08
_01781_,119.075
_06675_,119.06
_04890_,119
_12894_,118.96
_04165_,118.86
_06845_,118.86
_04341_,118.8
_10595_,118.76
_08840_,118.74
_03510_,118.72
_12839_,118.645
clknet_leaf_77_clk,118.62
_09738_,118.54
_05847_,118.4
_08694_,118.38
_01820_,117.96
_11532_,117.9
_00886_,117.76
_14334_,117.75
_07221_,117.74
_07183_,117.63
_10074_,117.52
_11441_,117.48
_01169_,117.46
_14380_,117.32
_09590_,117.26
_04964_,117.235
_09104_,116.99
_07513_,116.94
_07860_,116.93
_13083_,116.92
_11895_,116.83
_03565_,116.76
_04898_,116.7
_00821_,116.52
_02299_,116.52
_02952_,116.42
_07629_,116.375
_07073_,116.32
_13858_,116.18
_07920_,116.16
_10922_,116.12
_08981_,116.115
_10751_,116.03
_07310_,115.97
_11352_,115.94
_09182_,115.935
_07312_,115.92
_05092_,115.9
_07152_,115.84
_14221_,115.7
_09179_,115.68
_03734_,115.54
_09954_,115.52
_03554_,115.49
_10353_,115.44
_12508_,115.38
_14488_,115.19
_01123_,115.14
_11224_,115
_08512_,114.96
_07925_,114.95
_02825_,114.94
_00705_,114.92
_12882_,114.88
_05935_,114.8
_06523_,114.78
_02182_,114.76
_10192_,114.74
_11104_,114.69
_13723_,114.68
_07607_,114.595
_08834_,114.545
_10902_,114.38
_11005_,114.24
_02112_,114.18
_12730_,113.97
_01601_,113.785
_01375_,113.73
_08934_,113.695
_00516_,113.68
_07526_,113.66
_13529_,113.64
_02608_,113.46
_12443_,113.46
_14346_,113.46
_13047_,113.45
_08992_,113.4
_07864_,113.22
_09812_,113.18
_03019_,113.075
_14159_,113
_08340_,112.92
_10083_,112.84
_13242_,112.84
_08579_,112.82
_10835_,112.78
_09669_,112.68
_07442_,112.64
_09793_,112.64
_09848_,112.64
_07195_,112.48
_03352_,112.46
_10201_,112.38
_01134_,112.36
_07532_,112.36
_06694_,112.22
clknet_leaf_71_clk,112.18
_08050_,112.1
_07437_,112.02
_03432_,112
_09183_,112
_06477_,111.98
_03323_,111.92
_00817_,111.84
_09787_,111.84
_07772_,111.8
_11437_,111.8
_01734_,111.68
_04264_,111.68
_14286_,111.66
_03800_,111.64
_07324_,111.6
_07399_,111.52
_09459_,111.47
_07720_,111.45
_02302_,111.32
_08641_,111.3
_07238_,111.26
_09042_,111.22
_05945_,111.2
_09893_,111.16
_12199_,111.13
_12081_,111.11
_02027_,111.07
_12413_,111.04
_03440_,111.02
_03123_,111
_01425_,110.98
_12217_,110.94
_12761_,110.94
_10544_,110.9
_06193_,110.88
_07203_,110.84
_08959_,110.63
_14267_,110.62
_10973_,110.59
_08988_,110.58
_06005_,110.28
_03492_,110.12
_03873_,110.1
clknet_leaf_67_clk,110.1
_09305_,110.05
_07510_,110.04
_07177_,110.02
_08051_,110
_01983_,109.96
_06472_,109.91
_07229_,109.8
_09819_,109.8
_03479_,109.7
_09393_,109.54
_01740_,109.53
_01472_,109.52
_06893_,109.52
_01384_,109.51
_07423_,109.48
_01532_,109.44
_01530_,109.4
_10030_,109.34
_03157_,109.24
_03422_,109.2
_08267_,109.2
_11275_,109.16
_04809_,109.14
_07299_,109.065
_12328_,109.04
_01158_,108.94
_07891_,108.8
clknet_leaf_24_clk,108.78
_14361_,108.7
_07296_,108.66
_09331_,108.64
_10975_,108.62
_07143_,108.6
_14453_,108.54
_04278_,108.44
_14091_,108.42
_07771_,108.35
_03668_,108.3
_00510_,108.24
_02028_,108.24
_02921_,108.12
_07136_,107.94
_06478_,107.74
_07292_,107.74
_00832_,107.72
_09012_,107.72
_07544_,107.63
_03356_,107.62
_00536_,107.37
_02153_,107.28
_06071_,107.135
_09026_,107.12
_05589_,107.1
_02727_,107.08
_12938_,106.96
clknet_leaf_33_clk,106.9
_14434_,106.895
_01368_,106.78
_11705_,106.74
_02109_,106.72
_10202_,106.68
_07282_,106.54
_01087_,106.46
_02491_,106.44
_07668_,106.395
_04953_,106.36
_10207_,106.36
_08837_,106.3
_14272_,106.23
_03927_,106.1
_08515_,106.02
_08356_,106
_09281_,105.98
clknet_leaf_28_clk,105.92
_07269_,105.88
_10416_,105.84
_14478_,105.82
_13451_,105.8
_02638_,105.78
_05509_,105.74
_05720_,105.74
_04503_,105.66
_11649_,105.62
_14395_,105.62
_14410_,105.62
_00526_,105.56
_05062_,105.54
clknet_leaf_20_clk,105.5
_02651_,105.48
_10340_,105.44
_08748_,105.42
_09464_,105.4
_11137_,105.38
_02488_,105.28
_06419_,105.22
_13188_,105.18
_02237_,105.12
_10541_,104.98
_06541_,104.96
_01389_,104.88
_10163_,104.85
_01590_,104.7
_12561_,104.64
_07415_,104.315
_08009_,104.28
_09565_,104.18
_09896_,104.14
_05562_,104.08
_06579_,104.06
_05583_,104.04
_06647_,104.04
_03478_,104.02
_04924_,103.96
clknet_leaf_30_clk,103.82
_11291_,103.78
_05909_,103.76
_06104_,103.74
_00780_,103.69
_14299_,103.66
_12732_,103.56
_09570_,103.49
_08463_,103.44
_12897_,103.43
_12432_,103.4
_00676_,103.38
_05956_,103.33
_07191_,103.32
_12479_,103.305
_04854_,103.28
_04623_,103.26
_09185_,103.26
_10242_,103.16
_13361_,103.06
_05881_,103.04
_03475_,102.98
_06519_,102.86
_01512_,102.84
_09110_,102.82
_00686_,102.81
clknet_leaf_37_clk,102.76
_02939_,102.74
_01121_,102.705
_02696_,102.68
_10947_,102.66
_06989_,102.62
clknet_leaf_70_clk,102.6
_08053_,102.58
_10336_,102.52
_09550_,102.3
_13066_,102.29
_09038_,102.24
_06326_,102.19
_01429_,102.12
_13459_,102.1
_09800_,102.065
_09903_,102.06
_02368_,102.02
_03602_,101.98
_05925_,101.98
_14475_,101.98
_06712_,101.9
_14391_,101.89
_10829_,101.88
_03416_,101.68
_12532_,101.62
_14123_,101.6
_13450_,101.58
_06111_,101.56
_00774_,101.49
_07869_,101.45
_12942_,101.44
_00627_,101.34
_10421_,101.34
_07855_,101.16
_06473_,101.14
_01404_,101.12
_05050_,100.96
_02199_,100.94
_02552_,100.915
_07337_,100.89
_13119_,100.84
_08303_,100.82
_13371_,100.82
_12321_,100.7
net65,100.66
_13732_,100.64
_04800_,100.6
_07688_,100.6
_08109_,100.585
_13362_,100.5
_08577_,100.46
_00825_,100.32
_07754_,100.26
_13118_,100.26
_09232_,100.08
_08783_,99.94
_02301_,99.82
_03175_,99.82
_07844_,99.775
_08778_,99.635
_14277_,99.58
_11056_,99.52
_08952_,99.5
_01229_,99.49
_14248_,99.4
_00827_,99.38
_00685_,99.32
_11002_,99.31
_03430_,99.29
_03489_,99.29
_01783_,99.28
clknet_leaf_51_clk,99.2
_09181_,99.19
_10292_,99.1
_06777_,98.86
_09540_,98.86
_06118_,98.68
_04567_,98.66
_06476_,98.58
_13189_,98.5
_13173_,98.48
_01459_,98.42
_09457_,98.39
_04501_,98.26
_14466_,98.25
_07818_,98.16
_03121_,98.005
_07941_,98
_03355_,97.88
_10300_,97.86
_02538_,97.8
_06297_,97.78
_03351_,97.72
_12279_,97.7
_02471_,97.56
_05121_,97.54
_00674_,97.46
_12723_,97.38
_09208_,97.32
_14349_,97.19
_06958_,97.15
_07979_,97.12
_07158_,97.02
_03818_,97.015
_04404_,97
_01157_,96.965
_07525_,96.94
_03194_,96.84
_07741_,96.82
_11266_,96.82
_05202_,96.8
_02043_,96.76
_13444_,96.68
_04414_,96.66
_09616_,96.64
_06475_,96.625
_03424_,96.6
_04268_,96.6
_06821_,96.44
_07146_,96.44
_02083_,96.4
_09802_,96.36
_12297_,96.3
_07438_,96.28
_07125_,96.24
_01299_,96.2
_03397_,96.1
_02926_,95.94
_08188_,95.94
_05306_,95.9
_09765_,95.88
_07440_,95.86
_11345_,95.86
clknet_leaf_52_clk,95.84
_00711_,95.78
_04474_,95.765
_03629_,95.76
clknet_leaf_21_clk,95.64
_13336_,95.62
_03637_,95.6
_06521_,95.52
_07164_,95.38
_04565_,95.28
_07799_,95.28
_09234_,95.24
_12604_,95.24
_02120_,95.22
_05291_,95.22
_03756_,95.16
_08156_,95.09
_11109_,95.02
clknet_leaf_66_clk,94.88
_07279_,94.86
_02936_,94.635
_04734_,94.62
_08331_,94.53
_08231_,94.42
_09298_,94.4
_11126_,94.38
_01513_,94.335
_09776_,94.32
_11118_,94.3
_01716_,94.2
_12218_,94.19
_05717_,94.14
_11347_,94.14
_07530_,94.12
_06366_,94.09
_04053_,94.08
_14399_,94.07
_12576_,94.04
_10634_,94
_14388_,93.995
_02298_,93.94
_09336_,93.9
_12884_,93.795
clknet_leaf_54_clk,93.78
_07432_,93.76
_03043_,93.75
_04956_,93.68
_10098_,93.58
_02152_,93.5
_12175_,93.49
_11068_,93.34
_00974_,93.32
_02912_,93.31
_09892_,93.3
_14181_,93.24
_11270_,93.19
_12288_,93.14
_09047_,93.12
_02829_,93.1
_07458_,93.075
_01972_,92.98
_13406_,92.88
_11387_,92.855
_01207_,92.82
_12166_,92.82
_02863_,92.76
_00559_,92.75
_10170_,92.72
_02730_,92.69
_09584_,92.62
_10912_,92.61
_02397_,92.56
_10063_,92.5
_06813_,92.44
_07230_,92.42
_07178_,92.4
_01585_,92.38
_02001_,92.36
_07268_,92.31
_01848_,92.3
_09463_,92.29
_06471_,92.26
_14217_,92.26
_08879_,92.25
_04458_,92.24
_11185_,92.2
_13833_,92.2
_03914_,92.14
_09409_,92.14
_09923_,92.1
net97,92.02
_03906_,91.96
_09552_,91.93
_12331_,91.92
_09746_,91.88
_12378_,91.86
_04744_,91.84
_07565_,91.78
_06188_,91.68
_11271_,91.68
_00586_,91.64
_09934_,91.58
_10020_,91.56
_02005_,91.54
_05252_,91.5
clknet_leaf_31_clk,91.46
_12722_,91.44
_11585_,91.3
_07026_,91.215
_03174_,91.18
_09437_,91.16
_01553_,91.14
_00879_,90.88
_09571_,90.84
_07461_,90.74
_11442_,90.72
clknet_leaf_63_clk,90.66
_02264_,90.54
_12533_,90.54
_01548_,90.3
_04838_,90.26
_11384_,90.24
_08743_,90.22
_11116_,90.16
_11366_,90.155
_02837_,90.1
_04975_,90.05
_01439_,90
_10222_,89.975
_13375_,89.88
_09114_,89.78
_09108_,89.7
clknet_leaf_35_clk,89.68
_01581_,89.64
_07922_,89.58
_10226_,89.58
_14154_,89.58
_08422_,89.46
clknet_leaf_19_clk,89.42
_04365_,89.38
_09944_,89.31
_09984_,89.24
_14396_,89.22
_12521_,89.16
_03330_,89.14
_04505_,89.14
_04839_,89.11
_04371_,89.1
_02760_,89.08
_02840_,88.98
_01697_,88.8
_10289_,88.8
_12755_,88.66
_12734_,88.6
_08536_,88.56
_11262_,88.56
_05966_,88.34
_07757_,88.12
clknet_leaf_58_clk,88.12
_01785_,88.08
_06265_,88.06
_07129_,88.04
_07613_,88.04
_07656_,88.02
_03145_,87.98
_14317_,87.96
_08703_,87.92
_00498_,87.76
_12334_,87.74
_00673_,87.72
_04557_,87.72
_13645_,87.72
_14208_,87.66
_08835_,87.65
_05159_,87.62
_01856_,87.61
_12595_,87.6
_11290_,87.56
_06359_,87.54
_04636_,87.48
_05561_,87.425
_06922_,87.4
clknet_leaf_76_clk,87.32
_07406_,87.28
_08964_,87.2
clknet_leaf_34_clk,87.18
_09349_,87.12
_02115_,87.11
_14207_,87.09
_13239_,87.08
_10964_,87.04
_12255_,87.02
_11887_,87
_09730_,86.87
_01132_,86.78
_02867_,86.66
_11167_,86.6
_07704_,86.52
_05887_,86.5
_05021_,86.48
_09844_,86.415
_07900_,86.36
_05232_,86.3
_07547_,86.28
_12635_,86.25
_07516_,86.24
_12754_,86.24
_07391_,86.22
_06465_,86.16
_02231_,86.14
_13827_,86.12
_11735_,86.06
_02943_,86.02
clknet_leaf_8_clk,86.01
_03431_,85.9
_09544_,85.87
_10949_,85.855
_12849_,85.84
_14420_,85.75
_04944_,85.74
_12786_,85.68
_11285_,85.64
clknet_leaf_68_clk,85.64
_04837_,85.62
_03120_,85.58
_06295_,85.54
_07368_,85.54
_13834_,85.54
_11830_,85.48
_02609_,85.435
_07487_,85.4
_12464_,85.4
_07124_,85.23
_11059_,85.21
_04943_,85.16
_06329_,85.16
_13482_,85.155
_04492_,85.1
_10366_,85.05
_06998_,84.98
_02718_,84.96
_06599_,84.88
clknet_leaf_79_clk,84.88
_07587_,84.86
_08814_,84.86
_03534_,84.855
_12988_,84.8
_07652_,84.77
_12253_,84.76
_14257_,84.7
_05782_,84.695
_07865_,84.58
clknet_leaf_53_clk,84.52
clknet_leaf_73_clk,84.52
_05483_,84.34
_10946_,84.34
_07193_,84.18
_01377_,84.17
_01355_,84.15
_07328_,84.14
_11201_,84.07
_12598_,84.04
_02557_,84
_03020_,83.98
_02268_,83.94
_10548_,83.9
_03659_,83.86
_00626_,83.85
_01115_,83.76
_00574_,83.72
_08809_,83.67
_02364_,83.64
_14320_,83.6
clknet_leaf_50_clk,83.6
_02483_,83.5
_04366_,83.44
_09543_,83.38
_10720_,83.3
_02865_,83.26
_11065_,83.23
_07150_,83.18
clknet_leaf_61_clk,83.18
_02632_,83.08
_13460_,83
_12329_,82.98
_07853_,82.96
_01473_,82.9
_14351_,82.9
_05158_,82.8
_02024_,82.78
_03220_,82.76
_03066_,82.64
_05741_,82.64
_11458_,82.6
_02761_,82.59
_07313_,82.48
_09709_,82.46
_11292_,82.46
_01840_,82.44
_07577_,82.38
_07453_,82.3
_00585_,82.26
_05930_,82.26
_09046_,82.26
_14433_,82.26
_11053_,82.22
_13546_,82.22
_13579_,82.22
_09832_,82
_02554_,81.96
_01250_,81.91
_02537_,81.9
_14339_,81.82
_05052_,81.8
_11439_,81.8
_06151_,81.76
_10807_,81.76
_07331_,81.68
_12676_,81.64
_09727_,81.6
_06139_,81.54
_06092_,81.52
_10423_,81.5
_13917_,81.5
_03621_,81.46
_03469_,81.42
_08878_,81.42
_12581_,81.42
_01505_,81.37
_02650_,81.34
_14120_,81.34
_03178_,81.32
_02434_,81.26
_00679_,81.2
_10480_,81.11
_09782_,81.08
_07779_,81.02
_07896_,80.97
_12481_,80.96
_08256_,80.94
_07473_,80.88
_04986_,80.84
_07307_,80.84
_13876_,80.8
_06397_,80.76
_14373_,80.76
_13157_,80.72
_09631_,80.66
_12388_,80.56
_14414_,80.54
_09967_,80.5
_08064_,80.46
_10457_,80.35
_04408_,80.34
_03566_,80.32
_12254_,80.24
_01053_,80.2
_07283_,80.18
_01096_,80.16
_05711_,80.16
_07220_,80.06
_10508_,80.05
_08016_,80.04
clknet_leaf_29_clk,80.04
_14276_,80.035
_14288_,79.96
_03227_,79.9
_11171_,79.895
_12638_,79.84
_04631_,79.78
_02751_,79.74
_07263_,79.68
_12940_,79.68
_11066_,79.52
_02553_,79.46
_07436_,79.44
_07682_,79.36
_14348_,79.3
_08701_,79.12
_12467_,79.12
_08784_,79.1
_14302_,79.01
_12523_,79
_01238_,78.97
_14304_,78.95
_10453_,78.92
_04288_,78.89
_01773_,78.85
_03700_,78.77
_05402_,78.74
_11719_,78.74
_04358_,78.6
_13075_,78.58
_03383_,78.54
_12835_,78.54
_10960_,78.52
_14397_,78.515
_10635_,78.5
_01217_,78.48
_09243_,78.48
_08756_,78.46
_02750_,78.26
_12389_,78.26
_00718_,78.2
_12282_,78.2
_05853_,78.18
_07099_,78.16
_10230_,78.14
_04694_,78.12
_06591_,78.12
_06157_,78.1
_08722_,78.085
_03807_,77.94
_13025_,77.92
_03238_,77.895
_11617_,77.89
_04471_,77.88
_04681_,77.88
_04218_,77.86
_03008_,77.8
_08464_,77.76
_07919_,77.6
_08759_,77.58
_08333_,77.56
_12225_,77.56
_03394_,77.475
_12620_,77.4
_03329_,77.32
_11936_,77.32
_09426_,77.3
_03463_,77.28
_03473_,77.28
_06089_,77.28
_12116_,77.28
_06996_,77.22
_02927_,77.2
_11763_,77.2
_10048_,77.16
_03649_,77.12
_09894_,77.1
_01241_,77.09
_03969_,77.08
_11062_,77.06
_11379_,77.04
_02542_,76.92
_04633_,76.86
_02889_,76.82
clknet_leaf_17_clk,76.78
_11478_,76.72
_12986_,76.7
_05098_,76.56
_11616_,76.52
clknet_leaf_18_clk,76.52
_08973_,76.485
_01240_,76.46
_12636_,76.42
_10896_,76.4
_12896_,76.4
_03736_,76.37
_09053_,76.36
_12665_,76.34
_11692_,76.32
_04472_,76.28
_09122_,76.28
_09303_,76.28
_12503_,76.28
_04326_,76.14
_02383_,76.08
_12916_,76.08
net118,76.04
_07335_,76.02
_02720_,76
_12507_,76
_00573_,75.97
_01086_,75.96
_08297_,75.96
_10509_,75.89
_02621_,75.84
_07503_,75.84
_08008_,75.84
_10997_,75.76
_02126_,75.72
_04908_,75.72
_05101_,75.6
_09040_,75.58
_03779_,75.54
_03215_,75.52
_03438_,75.5
_01619_,75.46
clknet_leaf_32_clk,75.46
_07828_,75.41
_07175_,75.4
_04846_,75.3
_05489_,75.28
_02999_,75.22
_10165_,75.18
_05320_,75.16
_06573_,75.16
_06238_,75.14
_08263_,75.14
_09403_,75.135
_10917_,75.12
_13338_,75.12
_01333_,75.1
_07579_,75.1
_04436_,75.08
_05471_,74.88
_11081_,74.815
_01001_,74.8
_01092_,74.76
_01435_,74.74
_12792_,74.71
_13365_,74.66
_05683_,74.64
_12762_,74.6
_07460_,74.56
_12695_,74.54
clknet_leaf_62_clk,74.54
_07602_,74.5
_03611_,74.43
_12625_,74.4
clknet_leaf_6_clk,74.4
_07594_,74.31
_12438_,74.28
_03201_,74.22
_07930_,74.22
_07803_,74.2
_13567_,74.16
_12260_,74.1
clknet_leaf_3_clk,74.1
_08045_,74.06
_01139_,74
_04727_,73.98
_07797_,73.98
_03411_,73.96
_04601_,73.94
_06390_,73.94
_08114_,73.94
_03669_,73.885
_02401_,73.88
_09396_,73.88
_08682_,73.86
_11017_,73.76
_01698_,73.72
_01552_,73.68
_02598_,73.68
_08686_,73.66
_09141_,73.64
_01850_,73.5
_07210_,73.5
_04726_,73.42
_09575_,73.4
_04558_,73.38
_03125_,73.33
_01372_,73.28
_07194_,73.28
_06701_,73.2
_01418_,73.145
_10452_,73.12
_13251_,73.1
_11139_,72.98
_05401_,72.94
_13879_,72.92
_05224_,72.88
_01289_,72.86
_03314_,72.86
_07196_,72.84
_12631_,72.84
clknet_leaf_49_clk,72.84
_02749_,72.74
_12850_,72.74
_10598_,72.68
_11562_,72.62
_03223_,72.6
_02666_,72.54
_01537_,72.46
_13580_,72.45
_10784_,72.42
_08566_,72.38
_14363_,72.36
_00499_,72.3
_13143_,72.3
clknet_leaf_56_clk,72.29
_05586_,72.28
_07947_,72.28
_14309_,72.28
clknet_leaf_40_clk,72.12
_04728_,72.08
_09086_,72.08
_13568_,72.04
clknet_leaf_2_clk,72.04
_05593_,72.02
_11611_,72
_07439_,71.98
_02261_,71.9
u_s1.phase_counter\[3\],71.88
_01329_,71.84
_09353_,71.8
_11200_,71.8
_03491_,71.74
_07430_,71.74
_06584_,71.72
_08894_,71.72
_14176_,71.68
_03301_,71.62
_02084_,71.58
_05343_,71.56
_08205_,71.5
_07801_,71.46
_12020_,71.42
_07777_,71.34
_03303_,71.26
_07521_,71.26
_07163_,71.24
_01786_,71.22
_07667_,71.1
_04536_,71.02
_13431_,70.935
_08896_,70.88
_04718_,70.84
_09619_,70.72
_12683_,70.68
_02716_,70.62
_06534_,70.62
_01415_,70.6
_04322_,70.6
clknet_leaf_47_clk,70.6
_13672_,70.52
_07419_,70.44
_08659_,70.42
_10778_,70.4
_11520_,70.4
_11892_,70.36
_07489_,70.34
_07784_,70.32
_08417_,70.32
clknet_leaf_72_clk,70.28
_05297_,70.27
_07931_,70.26
_10703_,70.24
_10874_,70.24
_06438_,70.22
_02805_,70.2
_12079_,70.2
_02808_,70.12
_01239_,70.02
_08665_,70.02
_03675_,70
_05390_,70
_09113_,70
_10554_,70
_00575_,69.94
_00514_,69.86
clknet_leaf_55_clk,69.86
_10077_,69.84
_12696_,69.82
_10245_,69.76
_04961_,69.72
_05043_,69.6
_08779_,69.6
clknet_leaf_64_clk,69.6
_12264_,69.58
_05704_,69.56
_08651_,69.54
_13700_,69.54
_12285_,69.51
_04808_,69.5
_02559_,69.42
_03699_,69.42
_06381_,69.38
_12155_,69.38
_07134_,69.28
_06367_,69.26
_02096_,69.2
_09993_,69.18
_01090_,69.09
_07709_,69.08
_09883_,68.88
_12504_,68.88
_05551_,68.85
_14398_,68.84
_09618_,68.82
_03401_,68.765
_06491_,68.76
_13333_,68.68
_02844_,68.5
_02877_,68.5
_06763_,68.5
_12951_,68.46
_04331_,68.44
_12140_,68.4
clknet_leaf_65_clk,68.4
_04955_,68.295
_04740_,68.28
_08541_,68.26
_08741_,68.26
_11228_,68.22
_07631_,68.14
_12376_,68.12
_08028_,68.1
_02435_,68.06
_13927_,68.04
_02400_,68.03
_12889_,68
_11264_,67.96
_02165_,67.94
clknet_leaf_39_clk,67.92
_10045_,67.9
_11187_,67.86
_01828_,67.78
_13639_,67.76
_02562_,67.72
_08476_,67.7
_05142_,67.68
_06565_,67.68
_01385_,67.64
_03324_,67.64
_13549_,67.64
_03827_,67.62
_09049_,67.62
_09561_,67.52
_14306_,67.52
_11303_,67.5
_02432_,67.48
_08950_,67.48
_06085_,67.435
_05117_,67.42
_13800_,67.42
_12271_,67.38
_12518_,67.32
_06928_,67.295
_08984_,67.28
_00819_,67.24
_11114_,67.24
_05416_,67.2
_02653_,67.18
_06622_,67.12
_12623_,67.1
_05209_,67.04
_02359_,66.96
_04488_,66.94
_12278_,66.94
_01302_,66.92
_08421_,66.9
_03092_,66.85
_10970_,66.78
_03018_,66.72
_07278_,66.62
_05986_,66.6
_07550_,66.6
_02472_,66.58
_05859_,66.58
_13889_,66.58
_02841_,66.56
net94,66.56
_08737_,66.53
_06525_,66.48
_09810_,66.48
_10424_,66.48
_04810_,66.44
_07298_,66.42
_04378_,66.24
_12160_,66.23
_05492_,66.21
_07450_,66.2
_07424_,66.14
_08999_,66.12
_10228_,66.12
_05309_,66.06
_05774_,66.04
_09797_,66.04
_07036_,65.97
_11316_,65.97
_07518_,65.78
_11477_,65.76
_03078_,65.735
_04735_,65.73
clknet_leaf_4_clk,65.72
_09175_,65.68
_01658_,65.66
_13890_,65.65
_02185_,65.62
_05300_,65.62
u_s3.delay_ptr,65.58
_04547_,65.56
_03525_,65.535
_07314_,65.51
_01124_,65.5
_03941_,65.44
_06951_,65.38
_01357_,65.375
_03184_,65.36
_04945_,65.36
_12226_,65.34
_04926_,65.32
_10271_,65.31
_12263_,65.24
_02874_,65.2
_01294_,65.19
_13921_,65.12
_10740_,65.06
_01515_,65.02
_12397_,65.02
_02964_,64.96
_05205_,64.96
_08983_,64.96
_11571_,64.9
_08273_,64.84
_02955_,64.8
_08260_,64.78
_11204_,64.76
_05217_,64.73
_11179_,64.68
_13659_,64.64
_13770_,64.64
_08401_,64.62
_06417_,64.61
_14220_,64.6
_02176_,64.58
_02828_,64.58
_04062_,64.58
_11686_,64.58
_00723_,64.535
_07327_,64.52
_10131_,64.5
_10168_,64.48
_13281_,64.48
_14251_,64.48
_01260_,64.46
_05641_,64.46
_09820_,64.44
_11574_,64.38
_10214_,64.36
_02600_,64.35
_12487_,64.34
_02193_,64.3
_12949_,64.28
_01588_,64.27
clknet_leaf_74_clk,64.26
_00828_,64.24
_03717_,64.22
_05396_,64.175
_09121_,64.14
_10461_,64.1
_11304_,64.08
_05323_,64.05
_07362_,64.035
_05557_,63.94
_14291_,63.86
_07492_,63.84
_01129_,63.82
_08034_,63.82
_08946_,63.76
_10358_,63.76
_07609_,63.72
_09811_,63.7
_04230_,63.66
_07168_,63.66
_09754_,63.66
_06742_,63.64
_01174_,63.62
_11061_,63.6
_12311_,63.58
_06149_,63.555
_02627_,63.54
_14260_,63.46
_01573_,63.44
clknet_leaf_23_clk,63.4
clknet_leaf_78_clk,63.38
_12465_,63.35
_01007_,63.32
_13030_,63.32
_04852_,63.3
u_s1.delay_line_im\[4\]\[2\],63.24
_12462_,63.2
clknet_leaf_69_clk,63.16
_01203_,63.12
_12756_,63.12
_06486_,63.1
_12796_,63.08
_01206_,63.06
_13727_,63.06
_10285_,63
_09825_,62.96
_04966_,62.92
_05034_,62.92
_14406_,62.9
_11012_,62.84
_04416_,62.68
_05190_,62.68
_13163_,62.66
_06374_,62.655
_12970_,62.64
_12740_,62.62
_07316_,62.6
_04049_,62.54
_03490_,62.52
_10441_,62.495
_05695_,62.46
_07462_,62.34
_11348_,62.34
_11786_,62.34
_14222_,62.26
_11687_,62.24
_02189_,62.22
_00512_,62.15
_01295_,62.14
_04751_,62.13
_13759_,62.06
_14192_,62
_10033_,61.92
_14293_,61.9
_02267_,61.78
_04861_,61.74
_01510_,61.72
_03426_,61.72
_10042_,61.72
_13754_,61.72
_11231_,61.6
clknet_leaf_36_clk,61.56
_03738_,61.48
_04417_,61.48
_02695_,61.46
_08617_,61.46
_11078_,61.46
_11197_,61.46
_07695_,61.455
_08775_,61.44
_02549_,61.42
_07624_,61.42
_10846_,61.42
_03272_,61.4
_14360_,61.4
_07198_,61.38
_01860_,61.34
_08255_,61.34
_14307_,61.3
_07697_,61.28
_07542_,61.26
_01175_,61.24
_14456_,61.22
_10458_,61.2
_12778_,61.18
_02752_,61.14
_11218_,61.14
_05104_,61.12
_01361_,61.095
_09002_,61.04
_08752_,61
_11486_,60.99
_05484_,60.98
_14266_,60.96
_02037_,60.94
clknet_leaf_12_clk,60.88
_12663_,60.82
_07612_,60.78
_10294_,60.78
_13550_,60.78
_01370_,60.74
_07611_,60.72
_10844_,60.72
_12793_,60.715
_03854_,60.7
_12741_,60.7
_09589_,60.66
_10890_,60.58
_01286_,60.56
_05666_,60.56
_07360_,60.45
_03108_,60.42
_03337_,60.34
_01545_,60.26
_01226_,60.24
_09286_,60.24
_03532_,60.16
_01112_,60.11
_01205_,60.08
_01539_,60.04
_07363_,60
_04275_,59.98
_12832_,59.98
_01272_,59.96
_00570_,59.88
_08757_,59.88
_13908_,59.88
_07876_,59.84
_05326_,59.78
_04046_,59.72
_11175_,59.68
_03591_,59.66
_09123_,59.54
_10408_,59.48
_01844_,59.46
clknet_leaf_75_clk,59.4
_02892_,59.36
_03875_,59.36
_02796_,59.35
_03293_,59.28
_13600_,59.22
_14379_,59.12
_12485_,59.1
_07421_,59.06
_09783_,59.04
_14316_,59.04
_08583_,59.01
_04160_,59
_05283_,59
clknet_leaf_43_clk,59
_03703_,58.92
_07375_,58.9
_13105_,58.84
_01851_,58.82
_08180_,58.82
_05023_,58.78
_07854_,58.78
_03526_,58.775
_01506_,58.7
_07572_,58.7
_03847_,58.66
_12841_,58.66
_02550_,58.62
_07266_,58.58
_05248_,58.46
_08849_,58.45
_07219_,58.42
_01954_,58.4
_08505_,58.34
_10469_,58.34
_00501_,58.32
_08812_,58.32
_11054_,58.32
_11152_,58.32
_03735_,58.315
_06608_,58.28
_13049_,58.28
_05565_,58.24
_04367_,58.18
_02528_,58.16
_07236_,58.14
_07778_,58.08
_07233_,58.02
_12909_,58.015
_10208_,58
_10852_,58
_13594_,58
_09473_,57.96
_04624_,57.9
_01061_,57.88
_09359_,57.86
_01114_,57.84
_03214_,57.82
_09130_,57.8
_01988_,57.735
_03670_,57.72
_07207_,57.72
_09454_,57.72
_14352_,57.66
_01692_,57.64
_12360_,57.62
_07623_,57.6
_14227_,57.58
clknet_leaf_44_clk,57.58
_08230_,57.54
_01691_,57.495
_12472_,57.455
_07315_,57.42
_07879_,57.4
_12686_,57.38
_04934_,57.34
_09411_,57.32
_02119_,57.305
_07493_,57.3
_05349_,57.28
_12123_,57.28
_05394_,57.26
_09815_,57.24
_14462_,57.225
_12213_,57.2
_08240_,57.18
_13760_,57.18
_06992_,57.16
_14262_,57.16
_11646_,57.14
_02202_,57.1
_10355_,57.02
_13264_,57
_02403_,56.98
_07817_,56.94
_04158_,56.93
_08869_,56.86
_00727_,56.84
_07389_,56.82
_13829_,56.78
clknet_leaf_5_clk,56.76
_05218_,56.74
_06420_,56.68
_11855_,56.68
_05308_,56.66
_14411_,56.64
_08565_,56.63
_10086_,56.62
_06307_,56.6
_04433_,56.58
_05200_,56.55
_02813_,56.52
_12091_,56.5
_11206_,56.48
_11035_,56.46
_14372_,56.44
_13111_,56.43
_11481_,56.42
_14194_,56.315
_06733_,56.28
_10955_,56.28
_09320_,56.26
_01858_,56.22
_02232_,56.18
_08329_,56.16
_13284_,56.1
_03187_,56.08
_09635_,56.08
_03450_,56
_05671_,55.99
_01184_,55.98
_13483_,55.96
_10744_,55.88
_07170_,55.875
_13525_,55.86
_05133_,55.82
_07578_,55.8
_09105_,55.8
_14505_,55.78
_04896_,55.76
_14464_,55.76
_01116_,55.71
_07610_,55.695
_12674_,55.66
_08989_,55.64
_09029_,55.59
_04024_,55.58
_01550_,55.55
_07304_,55.52
_11145_,55.52
_13521_,55.52
_01254_,55.5
_03222_,55.46
clknet_leaf_7_clk,55.46
_02175_,55.44
_12128_,55.42
_12930_,55.4
_04497_,55.36
_07981_,55.34
_05676_,55.3
_07893_,55.26
_07500_,55.22
_09959_,55.22
_01230_,55.16
_07467_,55.16
_12215_,55.16
clknet_leaf_38_clk,55.16
_07398_,55.14
_11100_,55.14
_13640_,55.14
_09672_,55.13
_01645_,55.06
_09626_,54.9
_02502_,54.8
_04265_,54.8
_12057_,54.8
_13161_,54.76
_00631_,54.755
_02030_,54.74
_07483_,54.74
_10701_,54.72
clknet_leaf_16_clk,54.7
_13183_,54.68
_06549_,54.66
_13048_,54.66
_09323_,54.64
_03245_,54.62
_01517_,54.54
_07145_,54.54
_09031_,54.52
_14205_,54.52
_11127_,54.48
_12250_,54.46
_07378_,54.445
_09247_,54.44
_12473_,54.44
_03230_,54.42
_05122_,54.42
_08198_,54.4
_02369_,54.38
_12797_,54.38
_11775_,54.36
_04592_,54.34
_07355_,54.32
_01172_,54.3
_13287_,54.3
_01990_,54.26
_10221_,54.26
_12646_,54.26
_06981_,54.22
_10927_,54.21
_03013_,54.18
_11111_,54.16
_04638_,54.115
_08250_,54.06
_08478_,54.04
_03718_,54.02
_11629_,54.02
_04752_,53.92
clknet_leaf_0_clk,53.92
_13067_,53.9
_01137_,53.88
_04627_,53.87
_07787_,53.87
_12296_,53.86
_13666_,53.86
_11676_,53.8
_07970_,53.775
_11210_,53.77
_00635_,53.76
_12512_,53.7
_09133_,53.68
_12287_,53.64
_13050_,53.6
_12259_,53.52
_00773_,53.5
_02763_,53.46
_07980_,53.44
_13823_,53.42
_14364_,53.395
u_s1.delay_line_im\[6\]\[1\],53.38
_02089_,53.375
_06651_,53.34
_13434_,53.28
clknet_leaf_9_clk,53.26
_03977_,53.24
_07666_,53.24
_09381_,53.22
_07297_,53.19
_12979_,53.14
_00975_,53.135
_12564_,53.1
_09089_,53.06
_05033_,53.02
_09794_,53.02
_09938_,53
_11196_,53
_04360_,52.97
_12315_,52.96
_02531_,52.94
_05591_,52.92
_10923_,52.92
_01231_,52.84
_14477_,52.82
_03967_,52.74
_01359_,52.7
_10953_,52.68
_12482_,52.66
_02188_,52.64
_04396_,52.62
_07159_,52.62
_07569_,52.62
_11937_,52.6
_03966_,52.5
_09585_,52.5
_01338_,52.48
_02213_,52.44
_13331_,52.43
_01346_,52.42
_10773_,52.395
_01253_,52.34
_03395_,52.34
_09308_,52.31
_12038_,52.295
_11073_,52.26
_00675_,52.24
_03568_,52.24
_09479_,52.24
_05322_,52.22
_03216_,52.2
_07580_,52.18
_10373_,52.18
_13905_,52.16
_02622_,52.14
_13538_,52.135
_07455_,52.11
_01234_,52.04
_05110_,52.03
_11148_,52.02
u_s1.delay_line_im\[4\]\[0\],52.02
_03265_,52
_12078_,52
_00918_,51.96
_07326_,51.92
_12546_,51.92
_04464_,51.905
_04541_,51.9
_04575_,51.82
_07543_,51.76
clknet_leaf_45_clk,51.76
_01328_,51.74
_01978_,51.74
_08799_,51.74
_08108_,51.66
_08810_,51.64
_04125_,51.6
_00994_,51.58
_01354_,51.5
_02532_,51.5
_12794_,51.5
_08006_,51.48
_08963_,51.42
_13090_,51.4
_02340_,51.34
_03005_,51.34
clknet_leaf_27_clk,51.34
_00877_,51.3
_10564_,51.3
_10692_,51.26
_02192_,51.22
_05210_,51.22
_11070_,51.18
_06503_,51.16
_09017_,51.16
_09752_,51.16
_08800_,51.13
_05487_,51.08
_11214_,51.08
_03456_,51.06
_09624_,51.04
_11203_,51.04
_01443_,51.02
_04456_,51.01
_08456_,51
_12826_,50.99
_01031_,50.98
_06405_,50.98
_13907_,50.94
_02862_,50.92
_01624_,50.9
_04717_,50.9
_07402_,50.9
_10091_,50.88
_00887_,50.86
_01657_,50.86
_05068_,50.86
_12131_,50.74
_12800_,50.74
u_s1.delay_line_im\[6\]\[2\],50.74
_07717_,50.72
_08115_,50.72
_10115_,50.72
_10594_,50.72
_02807_,50.7
_02519_,50.68
_05204_,50.68
_11475_,50.66
_00591_,50.64
_02757_,50.64
_01746_,50.62
_07088_,50.62
_12312_,50.62
_05065_,50.595
_12724_,50.56
_10606_,50.54
_12739_,50.54
_13854_,50.5
_10346_,50.48
_08065_,50.46
_08866_,50.44
_01323_,50.42
_09958_,50.42
_13110_,50.4
_06225_,50.38
_08926_,50.34
_13724_,50.34
_11144_,50.28
_02979_,50.26
_00713_,50.22
_10107_,50.22
_07861_,50.18
_02167_,50.16
_04622_,50.16
_12911_,50.12
_01947_,50.1
_03049_,50.1
_01710_,50.095
_01166_,50.07
_07670_,50.04
_10657_,50.01
_13811_,50
_01822_,49.96
_01406_,49.94
_13934_,49.9
_00840_,49.88
_03983_,49.84
_01332_,49.8
_03160_,49.78
_04697_,49.78
_08457_,49.78
_10801_,49.76
_12374_,49.75
_07128_,49.74
_13403_,49.68
clknet_leaf_1_clk,49.68
_08298_,49.56
_03521_,49.5
_11893_,49.5
u_s1.delay_line_re\[7\]\[6\],49.5
_01555_,49.48
_03159_,49.48
_08178_,49.48
_10422_,49.44
_00920_,49.42
_09170_,49.4
_11396_,49.38
_03530_,49.36
_07443_,49.36
_13052_,49.36
_13174_,49.34
_05482_,49.32
_02815_,49.28
_05325_,49.28
_02125_,49.22
u_s1.delay_line_im\[6\]\[0\],49.22
_09517_,49.18
_08774_,49.16
_14202_,49.12
_11860_,49.08
_12975_,49.06
_13539_,49.06
_03133_,49.04
_13167_,49.02
_02321_,49.01
_14417_,49.01
_09814_,49
clknet_leaf_48_clk,48.98
_14203_,48.94
_01339_,48.92
_05054_,48.92
_10398_,48.92
_07786_,48.9
_08907_,48.9
_13308_,48.86
_12414_,48.82
_05580_,48.79
_08863_,48.78
_12405_,48.78
_03476_,48.74
_03576_,48.72
_07961_,48.72
_12689_,48.72
_10436_,48.68
_08338_,48.66
_12307_,48.66
_06960_,48.615
u_s1.delay_line_im\[3\]\[1\],48.6
_07240_,48.52
_01113_,48.445
_07211_,48.44
_09402_,48.44
_08631_,48.43
_02548_,48.38
_09784_,48.38
_10545_,48.35
_13810_,48.35
_00607_,48.34
_00904_,48.28
_13145_,48.26
_10526_,48.24
_05171_,48.22
_05542_,48.22
_04292_,48.2
_02416_,48.16
_04761_,48.14
_12092_,48.14
_02014_,48.12
_01819_,48.045
_08388_,48.04
_06805_,48
_09279_,48
_12132_,47.98
_08308_,47.975
_05393_,47.88
_11103_,47.88
_09668_,47.86
_06633_,47.805
_01587_,47.77
_07634_,47.74
_05380_,47.72
_09245_,47.72
_03746_,47.7
_10721_,47.7
_01021_,47.68
_09116_,47.66
_03310_,47.62
_10591_,47.62
_12617_,47.62
_07663_,47.56
_13159_,47.54
_02386_,47.52
_06552_,47.52
_08335_,47.52
_11750_,47.52
_12359_,47.52
_09510_,47.46
_13541_,47.44
_05419_,47.42
_07892_,47.42
_04447_,47.41
_10216_,47.4
_11317_,47.4
_14289_,47.38
_03480_,47.36
_10462_,47.36
_13919_,47.31
_01993_,47.295
_07574_,47.28
clknet_leaf_25_clk,47.24
_12477_,47.18
_04660_,47.14
_05942_,47.12
_02846_,47.1
_13298_,47.1
_07090_,47.04
_13438_,46.9
_03447_,46.84
_01519_,46.82
_13194_,46.82
_04792_,46.74
_07346_,46.74
_04696_,46.735
_12440_,46.72
_13646_,46.72
_14442_,46.68
_05725_,46.62
_07615_,46.62
_09264_,46.6
_10133_,46.6
_11233_,46.56
_08754_,46.52
_10126_,46.52
_03177_,46.5
_09931_,46.48
_04034_,46.44
_03001_,46.42
_03569_,46.42
_08865_,46.4
net129,46.38
_13069_,46.36
_14275_,46.36
_07197_,46.34
_01402_,46.32
_00945_,46.3
_00816_,46.22
_05421_,46.2
_02209_,46.18
_04201_,46.18
_13761_,46.16
_04695_,46.14
_07295_,46.14
_08177_,46.14
_08688_,46.14
_09126_,46.14
_09137_,46.14
_10547_,46.14
_06583_,46.1
_08922_,46.1
_06451_,46.06
_09824_,46.04
_13103_,46.04
_09022_,46
_13815_,45.98
_13864_,45.96
_07691_,45.94
_00556_,45.92
_00726_,45.92
_02573_,45.895
_06535_,45.87
_01725_,45.86
_04045_,45.85
_02681_,45.84
_04040_,45.82
u_s2.delay_ptr\[1\],45.8
_13074_,45.76
_03374_,45.74
_12361_,45.74
_07633_,45.72
_02252_,45.69
_12973_,45.68
_02558_,45.67
_05382_,45.64
_00610_,45.62
_13458_,45.6
_12203_,45.58
_08563_,45.56
_08721_,45.52
_12694_,45.48
_03512_,45.42
_09845_,45.42
_10280_,45.4
_07982_,45.36
_13271_,45.34
_01170_,45.32
_07743_,45.3
_13524_,45.3
u_s1.delay_line_im\[3\]\[2\],45.26
_01796_,45.24
_03652_,45.24
_05415_,45.24
_07512_,45.24
_05553_,45.22
_06165_,45.22
_07499_,45.2
_01261_,45.18
_10471_,45.16
_01252_,45.06
_02303_,45.04
_04047_,45.04
_09310_,45.03
_03646_,45
_02029_,44.94
_08662_,44.94
u_s4.delay_line_im\[0\]\[4\],44.92
_14235_,44.9
_14255_,44.88
_03435_,44.84
_11717_,44.84
_13079_,44.84
_09231_,44.8
_09318_,44.8
_11928_,44.8
_13104_,44.8
_04998_,44.76
_01997_,44.74
_04317_,44.72
_07142_,44.72
_09235_,44.7
_01942_,44.68
_07839_,44.64
_06158_,44.6
_09646_,44.6
_12371_,44.6
_06447_,44.58
_06936_,44.56
_11432_,44.54
_14269_,44.54
u_s1.delay_line_re\[2\]\[1\],44.5
clknet_leaf_22_clk,44.5
_02015_,44.48
_04108_,44.465
_02762_,44.46
_05642_,44.46
_02382_,44.44
_14187_,44.38
_08403_,44.36
_12881_,44.36
_07081_,44.34
_11202_,44.34
_04287_,44.32
_04632_,44.32
_12286_,44.32
_02819_,44.3
_01130_,44.28
_06801_,44.28
_00841_,44.26
_07379_,44.26
_13268_,44.26
_08293_,44.24
_12608_,44.24
_11765_,44.22
_10614_,44.2
_11336_,44.2
_12304_,44.2
_13310_,44.2
_04054_,44.18
_01538_,44.16
_04421_,44.14
_08075_,44.12
_12152_,44.12
_04698_,44.1
clknet_leaf_10_clk,44.1
_01546_,44.09
_04904_,44.08
_11333_,44.08
_08806_,44.075
_04889_,44.06
_07166_,44.06
_10021_,44.06
_10931_,44.02
u_s1.delay_line_re\[4\]\[7\],44.02
_03813_,44
_05637_,44
_06221_,43.98
_09418_,43.92
u_s4.delay_line_im\[0\]\[13\],43.92
_02909_,43.9
_07536_,43.9
_04902_,43.8
_04050_,43.78
_09220_,43.76
_03720_,43.74
_03828_,43.7
_05348_,43.68
_06143_,43.68
_11342_,43.66
_03523_,43.655
_07404_,43.64
_02131_,43.6
_01228_,43.54
_03428_,43.54
_02143_,43.52
_03326_,43.48
_11450_,43.48
_01849_,43.46
u_s3.phase_counter\[1\],43.46
_12984_,43.42
_00893_,43.36
_01968_,43.36
_02158_,43.35
_13528_,43.34
_04729_,43.32
_04772_,43.32
_01282_,43.3
_08580_,43.3
_06854_,43.28
_03747_,43.26
_07884_,43.26
_11595_,43.26
_13577_,43.25
_08859_,43.22
_00927_,43.16
_12524_,43.16
_13208_,43.14
_13904_,43.14
_07181_,43.1
_08674_,43.1
_10734_,43.1
_13053_,43.1
_07962_,43.04
_13478_,43
_08499_,42.98
_08771_,42.98
_04582_,42.94
_13635_,42.92
_14429_,42.92
_07173_,42.9
_12729_,42.88
_13777_,42.86
_00884_,42.84
_14325_,42.84
u_s1.delay_line_im\[4\]\[1\],42.82
_04598_,42.8
_10958_,42.78
_01855_,42.76
_02334_,42.76
_09112_,42.75
_07144_,42.74
_01732_,42.72
_07651_,42.72
_09314_,42.66
_03715_,42.62
_10580_,42.62
_11380_,42.6
_04028_,42.58
_11216_,42.58
_11158_,42.56
_03462_,42.54
_05996_,42.54
u_s1.delay_line_re\[4\]\[6\],42.52
_03973_,42.5
_04185_,42.46
_12685_,42.44
_05333_,42.42
_04454_,42.38
_01563_,42.36
_01678_,42.35
_05569_,42.32
_05014_,42.3
_08627_,42.3
_11638_,42.3
_13169_,42.24
_12643_,42.22
_04995_,42.18
_10534_,42.18
_11886_,42.14
_08018_,42.12
_08139_,42.08
_10035_,42.08
_12249_,42.08
_08858_,42.06
_12478_,42.06
_01677_,42.04
_07696_,42.04
_12023_,42.04
_12863_,42.04
_13266_,42.02
_08732_,41.995
_09322_,41.98
_07141_,41.96
_09297_,41.955
_03439_,41.94
_04372_,41.9
_04466_,41.88
_07971_,41.82
_02454_,41.8
_05618_,41.8
_08537_,41.8
_11263_,41.76
_07628_,41.72
_01494_,41.68
_01700_,41.68
_09478_,41.68
_13602_,41.68
_11414_,41.635
_03494_,41.62
_11356_,41.6
_01198_,41.56
_06047_,41.56
_04100_,41.54
_04107_,41.54
_07353_,41.52
_04282_,41.5
_09204_,41.5
_11551_,41.5
u_s1.delay_line_im\[6\]\[15\],41.5
_09224_,41.48
_13054_,41.46
_14223_,41.45
_00906_,41.42
_06194_,41.42
_10482_,41.4
_09679_,41.38
_12461_,41.38
_01467_,41.32
_11888_,41.3
_13357_,41.3
u_s1.delay_line_im\[0\]\[0\],41.3
_05177_,41.22
_02764_,41.2
_08078_,41.2
_12368_,41.18
_09579_,41.16
_06834_,41.14
_08125_,41.14
_06514_,41.1
_01644_,41.04
_14448_,41.04
_10628_,41
u_s1.delay_line_im\[6\]\[4\],41
_00599_,40.96
_11722_,40.96
_11818_,40.96
_12634_,40.96
_14226_,40.96
_05125_,40.94
_12769_,40.9
_04618_,40.87
_02419_,40.86
_05954_,40.86
_02595_,40.82
_04397_,40.82
_09742_,40.8
_04413_,40.74
_00563_,40.71
_01667_,40.7
_04359_,40.7
_13658_,40.7
_13170_,40.67
_12934_,40.66
_09817_,40.62
_08453_,40.585
_04932_,40.58
_02556_,40.57
_11832_,40.56
_01522_,40.54
_06567_,40.54
_10384_,40.5
_11425_,40.5
_07480_,40.48
_09414_,40.48
_10583_,40.48
_05191_,40.46
_14180_,40.46
_00592_,40.42
_11149_,40.4
_02104_,40.38
_05009_,40.37
_03757_,40.36
_04911_,40.36
_05558_,40.36
_05606_,40.32
_08671_,40.32
_08689_,40.32
_12675_,40.32
_13303_,40.32
_06515_,40.3
_13749_,40.29
_02384_,40.28
_06201_,40.28
_12923_,40.28
_05731_,40.26
_09961_,40.26
_01715_,40.24
_02259_,40.22
_03224_,40.22
_06208_,40.2
_07730_,40.2
_03285_,40.18
_05072_,40.18
_13209_,40.18
_05254_,40.14
_05670_,40.14
_06863_,40.14
u_s1.delay_line_im\[0\]\[2\],40.14
_11328_,40.135
_03460_,40.12
_05227_,40.12
_01155_,40.08
_12072_,40.08
_14421_,40.08
_07364_,40.06
_13560_,40.04
_00560_,40
_05152_,39.98
_00888_,39.96
_01008_,39.96
_03519_,39.96
_13410_,39.95
_11582_,39.94
_07888_,39.92
_02074_,39.91
_04179_,39.9
_04619_,39.9
_04574_,39.88
_10095_,39.88
_08024_,39.86
_09265_,39.86
_02451_,39.85
_09736_,39.84
_03073_,39.82
clknet_leaf_41_clk,39.82
_02174_,39.76
_03722_,39.76
_08516_,39.76
_10664_,39.74
_13229_,39.74
_03457_,39.72
_04432_,39.72
_06895_,39.72
_06930_,39.7
_06059_,39.68
_10888_,39.66
_14177_,39.64
_02122_,39.62
_06849_,39.62
_10693_,39.62
_11653_,39.615
_04662_,39.61
_10275_,39.56
_14303_,39.56
_01917_,39.54
_06708_,39.52
_11431_,39.505
_05897_,39.5
_07291_,39.5
_00632_,39.48
_04612_,39.48
_13337_,39.48
_09117_,39.46
_04756_,39.45
_09164_,39.4
_00554_,39.385
u_s1.delay_line_re\[4\]\[8\],39.38
_02103_,39.36
_01153_,39.34
_02589_,39.34
_04805_,39.34
_10950_,39.32
_12516_,39.32
_05071_,39.3
_08377_,39.3
_03368_,39.28
_05328_,39.28
_08974_,39.26
_11516_,39.26
_08972_,39.2
_07673_,39.18
_08043_,39.18
_02588_,39.16
_05245_,39.16
_07953_,39.16
_03140_,39.14
_07394_,39.115
_09438_,39.1
_11101_,39.1
_05519_,39.08
_11020_,39.08
_12517_,39.06
_05278_,39.04
_08173_,39.04
_09851_,38.98
_13341_,38.98
_06979_,38.96
_03773_,38.92
_04104_,38.91
_03396_,38.9
_01696_,38.87
_03427_,38.86
_12968_,38.85
_08121_,38.84
_00936_,38.78
_06135_,38.78
_13423_,38.78
u_s4.delay_line_im\[0\]\[8\],38.78
_01222_,38.77
_02141_,38.72
_03874_,38.7
_11693_,38.7
u_s1.delay_line_re\[5\]\[6\],38.7
_07873_,38.68
_13253_,38.68
_00555_,38.67
_02700_,38.66
_03350_,38.66
_04693_,38.66
_06717_,38.66
_07689_,38.66
_11165_,38.66
_04785_,38.64
_08990_,38.62
_13791_,38.6
_07535_,38.58
_07540_,38.58
_07665_,38.54
_01666_,38.505
_00871_,38.5
_07593_,38.5
_08300_,38.5
_08761_,38.5
_02940_,38.48
_05721_,38.48
_02431_,38.46
_09352_,38.46
_01448_,38.445
_04020_,38.42
_04579_,38.42
_13019_,38.36
_08261_,38.34
_04299_,38.31
_12803_,38.3
_07815_,38.28
_01381_,38.275
_05346_,38.26
_07422_,38.26
_03225_,38.24
_03316_,38.22
_09952_,38.22
_12412_,38.22
_03338_,38.16
_14179_,38.16
_14296_,38.16
_12085_,38.12
_11563_,38.095
_06582_,38.04
_07731_,38.04
_08014_,38.04
_11018_,38.04
_00761_,38.02
_02418_,38.02
_03721_,38
_08092_,38
_07862_,37.96
_13283_,37.96
_01878_,37.9
_03070_,37.9
_07762_,37.9
_09975_,37.9
_12195_,37.9
_06009_,37.88
_02536_,37.86
_08194_,37.855
_07608_,37.84
_07147_,37.82
_00576_,37.8
_01967_,37.8
_05880_,37.8
_08086_,37.78
_02759_,37.755
_05019_,37.75
_02052_,37.72
_03787_,37.72
_10770_,37.72
_13021_,37.72
_08277_,37.7
_11657_,37.7
_11997_,37.7
_07068_,37.65
_04672_,37.64
_05627_,37.64
_08060_,37.64
_05002_,37.6
_11543_,37.6
_10533_,37.59
_02530_,37.57
_03723_,37.52
_05379_,37.52
_04868_,37.49
_08290_,37.49
_02633_,37.48
_07698_,37.48
_12785_,37.48
_12819_,37.48
_06943_,37.46
_07303_,37.46
_01683_,37.435
_02329_,37.42
_11531_,37.42
_14423_,37.4
u_s1.delay_line_re\[5\]\[8\],37.38
_13387_,37.36
_08134_,37.34
_01689_,37.32
_00722_,37.3
_07212_,37.28
_05105_,37.24
_09849_,37.24
_00548_,37.22
_11340_,37.21
_08739_,37.2
_08819_,37.2
_13752_,37.19
_13819_,37.16
_01649_,37.14
_10349_,37.14
_13313_,37.14
_05339_,37.1
_13292_,37.1
u_s4.delay_line_im\[0\]\[12\],37.1
_01379_,37.06
_10630_,37.06
_03654_,37.03
_04070_,37.02
_04887_,37.02
_08841_,37.02
_11522_,37.02
_13642_,37.02
_02992_,37
_06528_,36.98
_08553_,36.98
_09034_,36.98
_14308_,36.96
_11405_,36.94
_12106_,36.92
_08556_,36.9
_09275_,36.9
_03358_,36.88
_01469_,36.86
_08667_,36.86
_02850_,36.84
_07619_,36.84
_13027_,36.84
_07674_,36.8
_11417_,36.8
_11868_,36.8
_05136_,36.795
_05921_,36.78
_06703_,36.78
_08998_,36.78
_12267_,36.78
_12303_,36.78
_10776_,36.76
_10940_,36.76
_10954_,36.76
_02572_,36.74
_10420_,36.74
_03274_,36.73
_05977_,36.66
u_s1.delay_line_im\[5\]\[15\],36.66
_04336_,36.64
_06569_,36.64
_07411_,36.64
_01423_,36.62
_07341_,36.62
_07434_,36.6
_08715_,36.6
_14473_,36.6
_04352_,36.52
_06181_,36.52
_09785_,36.52
_13363_,36.52
_08047_,36.5
_11600_,36.5
_05769_,36.48
_11534_,36.48
_06448_,36.45
_04434_,36.44
_08301_,36.41
_08639_,36.4
_09778_,36.4
_01422_,36.38
_04027_,36.38
_13323_,36.34
_06718_,36.32
_02181_,36.3
_07722_,36.28
_13153_,36.28
_13152_,36.26
_06298_,36.24
u_s1.delay_line_re\[6\]\[6\],36.24
_07456_,36.22
_12439_,36.22
_13667_,36.22
_12323_,36.19
_02247_,36.18
_05091_,36.18
_08164_,36.18
_09897_,36.14
_08687_,36.12
_01396_,36.1
_01107_,36.06
_01955_,36.02
_02282_,35.98
_02663_,35.98
_08385_,35.98
_11368_,35.98
_01969_,35.96
_14461_,35.96
_13848_,35.94
_09910_,35.92
_12974_,35.92
_02872_,35.9
_03493_,35.9
_13775_,35.9
_14333_,35.86
_03339_,35.82
_03834_,35.82
_05924_,35.82
_06908_,35.8
u_s1.delay_line_re\[6\]\[1\],35.78
_05435_,35.74
_10759_,35.74
_01724_,35.73
_01520_,35.72
_04004_,35.7
_07408_,35.69
_04289_,35.68
_07094_,35.68
_13302_,35.68
_10009_,35.66
_03053_,35.64
_14368_,35.64
_00982_,35.62
_02878_,35.62
_06045_,35.62
u_s4.delay_line_re\[0\]\[3\],35.62
_07464_,35.6
_12433_,35.6
_10984_,35.58
_00603_,35.52
_01653_,35.52
_08321_,35.52
_05490_,35.51
_07293_,35.51
_01664_,35.5
_00785_,35.48
_03299_,35.48
_04381_,35.48
_08386_,35.48
_11040_,35.48
u_s1.delay_line_re\[7\]\[8\],35.48
_03801_,35.46
_13817_,35.46
_12848_,35.44
_01586_,35.43
_02944_,35.425
_11015_,35.38
_07647_,35.36
_06241_,35.32
_02510_,35.3
_04807_,35.3
_07832_,35.28
u_s1.delay_line_re\[7\]\[7\],35.28
_01212_,35.26
_01403_,35.26
_06570_,35.26
_12547_,35.26
_04175_,35.24
_04665_,35.24
_08116_,35.22
_11404_,35.22
_11827_,35.22
_10516_,35.21
_02428_,35.18
_10675_,35.18
_06026_,35.16
_12843_,35.14
_08136_,35.12
_13503_,35.06
_14270_,35.06
_00524_,35.04
_02673_,35.04
_06269_,35.04
_07205_,35.04
_08517_,35.04
_04509_,35.02
_12563_,35.02
_11738_,35
_06768_,34.98
_11133_,34.98
_03878_,34.96
_12191_,34.96
clknet_leaf_57_clk,34.96
_04429_,34.94
_10754_,34.92
_08266_,34.9
_10919_,34.88
net111,34.88
_02457_,34.86
_03074_,34.86
_06713_,34.86
_00898_,34.84
u_s1.delay_line_re\[2\]\[0\],34.84
_02576_,34.82
_04154_,34.82
_02456_,34.8
_05536_,34.76
_08253_,34.76
_12423_,34.76
_13873_,34.72
_08117_,34.68
_09720_,34.68
_09805_,34.68
_14438_,34.68
_06409_,34.64
_11851_,34.64
_01173_,34.6
_14452_,34.58
_07936_,34.56
u_s1.delay_line_im\[1\]\[5\],34.56
_06627_,34.54
_10261_,34.52
_11105_,34.52
_13841_,34.52
_01708_,34.5
_07638_,34.48
_08670_,34.48
_06815_,34.46
_01791_,34.44
_13935_,34.44
_03317_,34.42
_10252_,34.42
_12747_,34.42
_02642_,34.4
_06128_,34.38
_12719_,34.38
_05321_,34.36
_13028_,34.34
_13555_,34.34
_13767_,34.34
_06402_,34.3
_03333_,34.26
_07466_,34.26
_10238_,34.24
_11383_,34.22
_12090_,34.22
_10102_,34.18
_04376_,34.17
_02201_,34.165
_13432_,34.16
_11898_,34.14
_13435_,34.14
_04583_,34.1
_11400_,34.1
_06052_,34.08
_13420_,34.08
_01345_,34.06
_03041_,34.02
_05108_,34
_14338_,34
_01410_,33.98
_05668_,33.98
u_s1.delay_line_re\[0\]\[6\],33.98
_10249_,33.96
_10303_,33.96
_10929_,33.94
_08029_,33.92
_09015_,33.92
_12823_,33.92
_13683_,33.92
_09186_,33.88
_04840_,33.84
_14273_,33.84
_11723_,33.82
_02535_,33.78
_04354_,33.78
u_s1.delay_line_im\[1\]\[1\],33.78
_03089_,33.76
_03515_,33.72
_04529_,33.72
_10224_,33.72
_14175_,33.7
_09527_,33.68
_02271_,33.66
_00933_,33.64
_01890_,33.64
_04058_,33.64
_05315_,33.64
_14413_,33.62
_01369_,33.6
_04213_,33.6
_11850_,33.6
_01316_,33.58
_03815_,33.56
_04076_,33.54
_05154_,33.54
_08165_,33.54
u_s1.delay_line_im\[1\]\[9\],33.54
_07305_,33.51
_07206_,33.5
_07765_,33.5
_12908_,33.5
_07715_,33.49
_06231_,33.48
_05220_,33.46
_08844_,33.46
_09249_,33.46
_12324_,33.46
_07664_,33.42
_09422_,33.42
_01591_,33.38
_04248_,33.38
_08207_,33.38
_01912_,33.36
_03298_,33.36
_03290_,33.34
_04147_,33.34
_09835_,33.305
_02640_,33.3
_05240_,33.28
_08913_,33.28
_12768_,33.28
_09657_,33.26
_12825_,33.26
_12833_,33.26
_02366_,33.22
_08384_,33.22
_14422_,33.22
_05486_,33.2
_11131_,33.2
u_s1.delay_line_re\[2\]\[2\],33.2
_06512_,33.18
_08394_,33.18
_11164_,33.18
_06034_,33.16
_05878_,33.12
_06023_,33.12
_02903_,33.11
_05989_,33.1
_02191_,33.08
_08917_,33.08
_12496_,33.07
_01071_,33.06
_10299_,33.06
_07654_,33.04
_08054_,33.04
_09009_,33.04
_09542_,33.04
_12238_,33.02
_13426_,33.02
_13740_,33.02
_04337_,33
_04683_,33
_05771_,32.98
_00755_,32.96
_03516_,32.96
_03876_,32.96
_04835_,32.96
_05027_,32.94
_09142_,32.94
_08110_,32.93
_07390_,32.925
_10400_,32.92
_09511_,32.91
_11180_,32.88
_13398_,32.88
_05748_,32.86
_00798_,32.855
_01424_,32.84
_01963_,32.84
_04187_,32.82
_05650_,32.82
_02427_,32.8
_03544_,32.78
_10116_,32.78
_12015_,32.76
_07560_,32.74
_08404_,32.74
_00602_,32.72
_06203_,32.72
_10519_,32.71
_01663_,32.7
_09158_,32.7
_00694_,32.68
_08452_,32.68
_01099_,32.66
_07604_,32.66
_11530_,32.62
_14467_,32.62
_02880_,32.6
_08363_,32.6
_08655_,32.6
_01336_,32.58
_08559_,32.58
_03381_,32.56
_03409_,32.56
_11896_,32.56
_13417_,32.56
_13826_,32.56
_05041_,32.54
_10129_,32.54
_08848_,32.52
_00885_,32.5
_06214_,32.5
_07070_,32.48
_09063_,32.48
_04151_,32.46
_09515_,32.46
_11762_,32.46
_12804_,32.46
_05673_,32.44
_08540_,32.44
_07713_,32.42
_09577_,32.42
clknet_leaf_26_clk,32.4
_06866_,32.39
_01886_,32.38
_01075_,32.34
_02960_,32.34
_02575_,32.32
u_s1.delay_line_re\[3\]\[2\],32.32
_13556_,32.31
_12898_,32.3
_11074_,32.295
_04855_,32.28
_13325_,32.275
_00782_,32.27
_07814_,32.26
_09472_,32.26
_10492_,32.26
_03932_,32.24
_08206_,32.24
_10059_,32.22
_03890_,32.2
_04977_,32.2
_05070_,32.2
_11797_,32.2
_13650_,32.18
_08091_,32.17
_10983_,32.16
_10247_,32.14
_13037_,32.12
_13293_,32.1
_04921_,32.08
_11575_,32.08
_12290_,32.08
_07130_,32.06
_08978_,32.06
_01360_,32.04
_06784_,32.04
_10410_,32
_13032_,32
_13327_,32
_14070_,32
u_s4.delay_line_im\[0\]\[7\],32
_06411_,31.98
_02441_,31.96
_05093_,31.94
_13317_,31.94
_04996_,31.92
_08465_,31.92
_13335_,31.92
_04171_,31.9
_12471_,31.88
_10250_,31.86
_01060_,31.84
_14489_,31.84
_10108_,31.81
_14206_,31.78
_04678_,31.76
_09970_,31.76
_13124_,31.76
_04817_,31.74
_05225_,31.72
_10405_,31.7
_13516_,31.7
_05474_,31.68
_03347_,31.66
_11553_,31.66
_12027_,31.65
_10241_,31.64
_10866_,31.64
_01470_,31.62
_01943_,31.62
_05749_,31.62
_07035_,31.62
_09405_,31.62
_02179_,31.58
_11349_,31.58
_10674_,31.54
_11635_,31.54
_00609_,31.5
_06102_,31.5
_11554_,31.5
_06138_,31.48
_08378_,31.48
_12752_,31.48
u_s1.delay_line_re\[5\]\[5\],31.465
_01595_,31.46
_04166_,31.46
_09050_,31.46
_12346_,31.46
_12972_,31.44
_09828_,31.42
_12014_,31.42
_06714_,31.4
_07155_,31.4
_00759_,31.38
_13179_,31.38
_06393_,31.36
_14228_,31.35
_06554_,31.34
_02429_,31.32
_02577_,31.32
_08084_,31.32
u_s1.delay_line_re\[2\]\[12\],31.32
u_s1.delay_line_re\[7\]\[1\],31.32
_06965_,31.3
_04003_,31.28
u_s2.phase_counter\[2\],31.28
_11029_,31.26
_14225_,31.26
_07228_,31.25
_03891_,31.24
_04243_,31.24
_01199_,31.22
_03708_,31.2
_04410_,31.2
_05739_,31.2
_05963_,31.2
_07746_,31.2
_08629_,31.2
_06623_,31.18
_08392_,31.18
u_s1.delay_line_im\[0\]\[4\],31.18
_09911_,31.175
_02090_,31.16
_02810_,31.16
_11732_,31.16
_01833_,31.14
_03777_,31.11
_13329_,31.11
_13543_,31.1
_02204_,31.08
_04797_,31.08
_06954_,31.06
_11654_,31.04
_14292_,31.04
_07812_,31.03
_03382_,31
_09311_,31
u_s1.delay_line_re\[1\]\[2\],31
_07515_,30.995
_10489_,30.99
_01863_,30.98
_08399_,30.96
_04844_,30.92
_05962_,30.92
_08802_,30.92
_07549_,30.9
_11556_,30.9
_12129_,30.9
_02097_,30.88
_02561_,30.88
_03425_,30.88
_05684_,30.88
_06830_,30.88
_04814_,30.86
_03191_,30.84
_05929_,30.84
_05628_,30.82
_10586_,30.82
_14186_,30.82
_01327_,30.78
_03705_,30.78
_08100_,30.78
_11181_,30.78
_11272_,30.78
_12548_,30.78
_12657_,30.78
_13814_,30.78
_14210_,30.78
_14268_,30.78
u_s4.delay_line_re\[0\]\[1\],30.78
_01531_,30.76
_02665_,30.76
_08826_,30.76
_07074_,30.74
_08120_,30.74
_02497_,30.72
_14244_,30.72
_04338_,30.7
_10259_,30.7
_14387_,30.7
_04105_,30.67
_04596_,30.66
_07912_,30.66
_08597_,30.66
_08941_,30.66
_11325_,30.66
_12920_,30.66
_05201_,30.62
_10225_,30.62
_11651_,30.62
_12510_,30.62
_02426_,30.58
_10568_,30.58
_10481_,30.56
_01525_,30.54
_02404_,30.54
_05436_,30.54
_11764_,30.54
_01751_,30.52
_03122_,30.46
_06012_,30.46
_08921_,30.46
_09506_,30.46
_12491_,30.46
_11433_,30.44
_12084_,30.44
_14378_,30.44
_14389_,30.44
_04029_,30.42
_06670_,30.42
_07793_,30.42
_07866_,30.4
_11508_,30.4
_07490_,30.36
_11806_,30.355
_08080_,30.35
_01867_,30.34
_08306_,30.34
net139,30.34
_01976_,30.32
_02686_,30.32
_10141_,30.32
_10330_,30.3
_05992_,30.28
_01956_,30.27
_01900_,30.26
_02395_,30.26
_10386_,30.26
u_s4.delay_line_re\[0\]\[13\],30.26
_10749_,30.24
_01305_,30.2
_02038_,30.2
_09630_,30.18
_04888_,30.17
_04412_,30.16
_04765_,30.16
_06337_,30.16
_07318_,30.16
_13305_,30.16
u_s1.delay_line_re\[6\]\[8\],30.16
_03648_,30.14
_11297_,30.14
u_s4.delay_line_re\[0\]\[12\],30.14
_01278_,30.12
_07867_,30.12
_11502_,30.12
_02868_,30.1
_09702_,30.1
_11174_,30.1
_12613_,30.1
_00584_,30.08
_02784_,30.08
_08487_,30.08
_07015_,30.06
_14476_,30.02
u_s1.delay_line_im\[4\]\[10\],30.02
_08699_,30
_11279_,29.98
_13223_,29.98
_02998_,29.96
_11634_,29.95
_11889_,29.92
_06001_,29.9
_08228_,29.9
_08369_,29.9
_03083_,29.88
_07660_,29.88
_07929_,29.87
_04511_,29.86
_04981_,29.86
_11156_,29.86
_13809_,29.86
_01511_,29.84
_08090_,29.84
_09483_,29.82
_02746_,29.8
_06150_,29.78
_12348_,29.78
_00924_,29.76
_12574_,29.76
_14107_,29.76
_03871_,29.74
_07412_,29.74
_12673_,29.74
_13299_,29.74
_02336_,29.72
_01559_,29.7
_04095_,29.68
_06611_,29.68
u_s4.delay_line_re\[0\]\[8\],29.68
_03098_,29.66
_11904_,29.66
_04993_,29.64
_07686_,29.64
_13867_,29.62
_14400_,29.62
u_s4.delay_line_re\[0\]\[4\],29.62
_02203_,29.6
_04469_,29.58
_07782_,29.58
_09735_,29.58
_09981_,29.58
_12442_,29.58
_13649_,29.58
_07756_,29.54
_08131_,29.54
_08184_,29.52
_10264_,29.52
_08213_,29.5
_13350_,29.5
_03138_,29.49
_03819_,29.48
u_s1.delay_line_re\[1\]\[1\],29.48
_01936_,29.46
u_s1.delay_line_re\[6\]\[7\],29.46
_00525_,29.42
_03889_,29.42
_06441_,29.42
_12536_,29.42
_02417_,29.4
_08343_,29.4
_13651_,29.4
_08089_,29.38
_09564_,29.36
_10556_,29.36
_12985_,29.34
_01798_,29.32
_06318_,29.32
_11422_,29.3
u_s1.delay_line_im\[7\]\[0\],29.3
_13422_,29.285
_00743_,29.28
_00787_,29.28
_10715_,29.28
u_s4.delay_line_re\[0\]\[2\],29.28
_13442_,29.26
_14295_,29.26
_02671_,29.24
_11537_,29.24
_06839_,29.22
_07988_,29.21
_02069_,29.2
_02569_,29.2
_04232_,29.2
_06131_,29.195
_13010_,29.18
_13574_,29.18
_00702_,29.16
_00907_,29.16
_11974_,29.16
_12915_,29.16
_11593_,29.15
_03961_,29.14
_03445_,29.12
_09919_,29.1
_04280_,29.08
_02500_,29.06
_11879_,29.06
_01030_,29.04
_05663_,29.04
_06835_,29.04
_08483_,29.04
_13042_,29.04
_07294_,29.02
_09162_,29
_10799_,29
_10956_,29
u_s1.delay_line_im\[2\]\[5\],29
_11503_,28.96
_11680_,28.96
_12111_,28.96
_04849_,28.94
_05424_,28.94
_08504_,28.92
_11578_,28.915
u_s1.delay_line_re\[3\]\[0\],28.915
_05111_,28.895
_01744_,28.86
_03361_,28.86
_03578_,28.86
_05076_,28.86
_13704_,28.86
_06933_,28.84
_03641_,28.82
_09775_,28.82
_03141_,28.8
_05129_,28.8
_08785_,28.8
_10123_,28.8
_03042_,28.78
_04763_,28.78
_04486_,28.76
_10599_,28.76
_00932_,28.74
_01042_,28.72
_06036_,28.72
_07904_,28.72
_01825_,28.7
_10523_,28.7
_01378_,28.68
_08459_,28.66
_13825_,28.65
_02957_,28.64
_04710_,28.64
_11232_,28.625
_01866_,28.62
_01152_,28.6
_12229_,28.6
_12963_,28.6
_06213_,28.58
_09383_,28.58
_12039_,28.57
_03979_,28.56
_07648_,28.56
u_s1.delay_line_re\[5\]\[7\],28.56
u_s4.delay_line_im\[0\]\[1\],28.54
_03560_,28.52
_13523_,28.52
_06306_,28.48
_08268_,28.48
_12810_,28.48
_00649_,28.46
_01593_,28.46
_10995_,28.46
_05952_,28.44
u_s1.delay_line_im\[7\]\[1\],28.44
_07132_,28.42
_08780_,28.42
_02861_,28.4
u_s1.delay_line_re\[7\]\[5\],28.4
_07231_,28.38
_09345_,28.34
_00652_,28.33
_00665_,28.32
_06820_,28.32
_01577_,28.315
_11468_,28.3
_08141_,28.28
_09289_,28.28
_00642_,28.24
_02606_,28.24
_04568_,28.24
_11240_,28.24
_13412_,28.24
_14377_,28.24
_05784_,28.23
_02972_,28.225
_01420_,28.2
_04327_,28.2
u_s4.delay_line_im\[0\]\[2\],28.2
_04912_,28.18
_04362_,28.16
_04514_,28.16
_05449_,28.16
_08538_,28.16
_11926_,28.16
u_s1.delay_line_im\[5\]\[0\],28.16
u_s4.phase_counter\[0\],28.16
_01101_,28.14
_03204_,28.14
_04991_,28.14
_05979_,28.14
_10321_,28.115
_09677_,28.08
_06878_,28.06
_04351_,28.04
_08389_,28.02
_11099_,28.02
_14359_,28.02
_03869_,28
_12805_,28
_06179_,27.98
_12149_,27.98
_01195_,27.97
_00567_,27.96
_02826_,27.94
_06499_,27.94
_07410_,27.94
u_s1.delay_line_re\[7\]\[14\],27.94
u_s4.delay_line_re\[0\]\[0\],27.94
_08853_,27.92
u_s1.delay_line_re\[2\]\[6\],27.92
_05689_,27.9
_06980_,27.9
_09124_,27.9
_03619_,27.88
_06177_,27.88
_12425_,27.88
_12447_,27.88
_10948_,27.86
_09216_,27.855
_07618_,27.85
_05980_,27.84
_11434_,27.84
_13168_,27.84
_00794_,27.8
_13914_,27.8
_05030_,27.79
_02164_,27.78
_08079_,27.78
_14426_,27.78
_00731_,27.76
u_s1.delay_line_re\[0\]\[8\],27.76
_05603_,27.74
_11293_,27.7
_00804_,27.68
_03822_,27.68
_08702_,27.66
_13397_,27.66
_03680_,27.65
_00656_,27.62
_11946_,27.62
_03780_,27.615
_07169_,27.61
u_s1.delay_line_im\[1\]\[10\],27.58
_07338_,27.575
_02406_,27.56
clknet_leaf_46_clk,27.56
_03541_,27.555
_03539_,27.54
u_s1.delay_line_im\[2\]\[11\],27.54
_02291_,27.52
_03575_,27.52
_04451_,27.52
_05265_,27.52
_05947_,27.52
_12492_,27.52
_03546_,27.5
_02945_,27.49
_03749_,27.48
_10924_,27.46
_11448_,27.46
_13784_,27.46
_01080_,27.44
_09135_,27.44
_01578_,27.42
_04073_,27.42
_07116_,27.42
_08241_,27.42
clknet_leaf_42_clk,27.4
_02931_,27.38
_12395_,27.38
_14200_,27.38
_12943_,27.36
_02703_,27.35
_03498_,27.34
_03488_,27.32
_07558_,27.32
_01149_,27.28
_03896_,27.28
_06732_,27.28
_11863_,27.28
_12148_,27.28
_12758_,27.28
_01650_,27.26
_02859_,27.26
_07182_,27.26
_11311_,27.26
_10144_,27.25
_01761_,27.24
_11725_,27.24
_00993_,27.22
_06495_,27.22
_08140_,27.22
_13081_,27.22
_03059_,27.2
_12864_,27.2
_03879_,27.18
_05388_,27.18
_11836_,27.16
_05598_,27.15
_05140_,27.14
_03612_,27.12
_06378_,27.12
_06566_,27.12
_12028_,27.12
_06389_,27.1
u_s1.delay_line_re\[1\]\[6\],27.1
_05022_,27.08
_04974_,27.065
_01964_,27.06
_02280_,27.06
_08539_,27.06
u_s1.delay_ptr\[0\],27.06
_04495_,27.05
_02420_,27.04
_04641_,27.04
_12692_,27.025
_02709_,27.02
_03320_,27.02
_05166_,27.02
_10187_,27.02
_12599_,27.02
_03864_,27
_08097_,27
_09522_,27
_09686_,26.98
_11848_,26.98
_04870_,26.94
_09386_,26.94
_10679_,26.94
_08420_,26.92
_04701_,26.9
_04832_,26.86
_06049_,26.86
_07725_,26.86
u_s4.delay_line_im\[0\]\[11\],26.84
_09641_,26.82
_13228_,26.82
_02969_,26.78
_12158_,26.76
_09991_,26.75
_01181_,26.74
_02643_,26.74
_04556_,26.74
_05162_,26.74
_09351_,26.74
_03023_,26.72
_10969_,26.72
_12958_,26.72
_00946_,26.7
_04477_,26.7
_07659_,26.7
_11573_,26.7
_08632_,26.68
_02039_,26.66
_03392_,26.64
_11089_,26.64
_13795_,26.64
u_s1.delay_line_re\[1\]\[9\],26.64
_10404_,26.62
_11546_,26.62
_11798_,26.62
u_s1.delay_line_im\[0\]\[11\],26.62
u_s1.delay_line_im\[7\]\[2\],26.62
_00742_,26.615
_01091_,26.615
_06490_,26.6
_12445_,26.6
_04759_,26.58
_02140_,26.56
_05522_,26.56
_09055_,26.56
_14213_,26.56
_14457_,26.56
_08613_,26.54
_06642_,26.52
_09145_,26.52
_10100_,26.52
_10282_,26.52
_12621_,26.52
_00639_,26.5
u_s1.delay_line_im\[3\]\[4\],26.5
u_s4.delay_line_im\[0\]\[15\],26.5
_06033_,26.48
_10194_,26.48
_12161_,26.46
_13409_,26.46
_04664_,26.44
_08007_,26.44
_13467_,26.44
u_s2.delay_line_im\[0\]\[10\],26.44
_03190_,26.42
_11082_,26.42
_13595_,26.42
u_s2.delay_line_im\[0\]\[5\],26.42
_12398_,26.415
_10124_,26.4
_14328_,26.4
u_s1.delay_line_re\[1\]\[11\],26.4
_01300_,26.38
_01324_,26.38
_02438_,26.38
_03389_,26.38
_03763_,26.38
_06746_,26.38
_08833_,26.38
_09929_,26.38
_01427_,26.36
_02739_,26.36
_06281_,26.36
_07642_,26.36
_11391_,26.36
_12777_,26.36
_11112_,26.355
_02852_,26.34
u_s1.delay_line_re\[3\]\[6\],26.325
_08262_,26.32
_09504_,26.32
_12209_,26.32
_01757_,26.3
_11268_,26.28
_11985_,26.28
_11828_,26.27
_00531_,26.26
_02630_,26.26
_11643_,26.26
_13840_,26.26
_03391_,26.24
_10001_,26.24
_10364_,26.24
_13255_,26.22
_14492_,26.22
_11712_,26.2
_07351_,26.18
_01733_,26.16
_04217_,26.16
_08101_,26.16
_08242_,26.16
_03466_,26.14
_06275_,26.14
_08196_,26.14
_10394_,26.14
_11461_,26.14
_11703_,26.14
_14381_,26.14
_00527_,26.12
_01869_,26.12
_07237_,26.12
_09933_,26.12
_05234_,26.1
_08573_,26.1
_07135_,26.095
_01337_,26.06
_13748_,26.06
_05546_,26.04
_11289_,26.04
_05905_,26.02
_08801_,26.02
_09665_,26.02
_10447_,26.02
_13070_,26.02
u_s2.delay_line_im\[0\]\[3\],26.02
_11476_,25.99
_06665_,25.98
_11120_,25.98
_10465_,25.96
_12362_,25.96
_08183_,25.94
_10650_,25.94
u_s1.delay_line_re\[3\]\[13\],25.94
_08510_,25.93
_01868_,25.92
_11704_,25.92
_12578_,25.92
_13058_,25.92
_03288_,25.9
_00672_,25.88
u_s1.delay_line_re\[4\]\[14\],25.88
_06538_,25.87
_07927_,25.86
_10629_,25.84
_12813_,25.84
_01704_,25.8
_02513_,25.8
_11916_,25.8
_00658_,25.76
_09498_,25.76
_11701_,25.76
_12196_,25.76
u_s1.delay_line_re\[0\]\[7\],25.76
_00837_,25.74
_07902_,25.74
_01647_,25.72
_01961_,25.72
_09319_,25.72
_11821_,25.72
_12265_,25.72
_08222_,25.7
_10248_,25.7
_12344_,25.7
_04519_,25.68
_07469_,25.68
_08482_,25.68
_01543_,25.665
_01219_,25.655
_03116_,25.64
_05123_,25.64
_05549_,25.64
_06262_,25.64
_06914_,25.64
_07751_,25.64
_09803_,25.64
_04253_,25.62
_12965_,25.62
_03698_,25.605
_02289_,25.6
_05359_,25.6
_08271_,25.6
_13668_,25.6
_08224_,25.58
_09449_,25.575
_02729_,25.56
_03296_,25.56
_08437_,25.56
_02817_,25.54
_03297_,25.54
_07852_,25.52
_12615_,25.5
_14341_,25.5
_02149_,25.48
_08209_,25.48
_10638_,25.48
_12431_,25.48
_03032_,25.44
_05314_,25.44
_11568_,25.44
_03938_,25.42
_06655_,25.42
_12713_,25.4
u_s1.delay_line_im\[2\]\[12\],25.4
_02396_,25.38
_02518_,25.38
_10377_,25.38
_10499_,25.38
_02956_,25.36
_03139_,25.36
_06975_,25.36
_03545_,25.34
_04008_,25.32
_00532_,25.3
_03775_,25.3
_05316_,25.3
_06377_,25.3
_11016_,25.3
_11511_,25.28
u_s1.delay_line_im\[7\]\[15\],25.28
_05145_,25.26
_09228_,25.26
_09634_,25.26
_10618_,25.26
_12120_,25.25
_04043_,25.24
_06153_,25.24
_06184_,25.22
_06369_,25.22
_06371_,25.22
_01210_,25.2
_10419_,25.19
_08852_,25.18
_09857_,25.18
_11620_,25.18
_13588_,25.17
_05545_,25.16
_06343_,25.16
_09580_,25.16
_13677_,25.16
_03443_,25.14
_03793_,25.14
_05459_,25.14
_09519_,25.14
_11835_,25.14
_01027_,25.13
_10658_,25.12
_14416_,25.12
_00814_,25.1
_02648_,25.1
_06683_,25.1
_11284_,25.1
_07911_,25.06
_08145_,25.06
u_s1.delay_line_im\[2\]\[15\],25.04
_02619_,25.025
_04918_,25.02
_05698_,25.02
_01441_,25
_01570_,24.98
_02241_,24.98
_03623_,24.96
_11829_,24.96
_13910_,24.96
_11004_,24.93
_01873_,24.92
_02110_,24.92
_02777_,24.92
_06787_,24.91
_04091_,24.9
_05961_,24.9
_07811_,24.9
_10561_,24.9
_13617_,24.9
_04285_,24.88
u_s1.delay_line_im\[0\]\[1\],24.88
_10068_,24.87
_00691_,24.86
_09728_,24.86
_08576_,24.84
_13537_,24.84
_03067_,24.82
_04914_,24.82
_05883_,24.82
_10486_,24.82
_12314_,24.82
_05389_,24.8
_08226_,24.8
_07956_,24.78
_06759_,24.76
_11807_,24.76
_11912_,24.76
_11949_,24.76
_05472_,24.745
_10156_,24.74
_08521_,24.72
_04927_,24.7
_05060_,24.7
_08292_,24.7
_10278_,24.7
_11841_,24.7
_01652_,24.68
_01673_,24.68
_14149_,24.68
_04135_,24.67
_06984_,24.67
_02362_,24.655
_02786_,24.64
_05461_,24.64
_11176_,24.64
_12679_,24.63
_02655_,24.62
_05752_,24.62
_08315_,24.62
u_s1.delay_line_re\[0\]\[5\],24.62
_03839_,24.6
_03666_,24.59
_09701_,24.58
u_s1.delay_line_re\[4\]\[5\],24.58
u_s2.delay_line_re\[3\]\[2\],24.58
_01433_,24.555
_01098_,24.54
_07167_,24.54
_01728_,24.52
_06011_,24.52
_12629_,24.52
_02316_,24.5
_05658_,24.5
_06911_,24.5
_08995_,24.5
_09841_,24.5
_12556_,24.5
_00572_,24.48
_05581_,24.48
_13086_,24.47
_13233_,24.46
_13622_,24.46
u_s1.delay_line_im\[7\]\[7\],24.46
_07951_,24.44
_06875_,24.42
_11288_,24.415
_05690_,24.38
_06507_,24.38
_09364_,24.38
_02834_,24.36
_03922_,24.36
_06542_,24.36
_05428_,24.35
_00899_,24.34
_03573_,24.34
_04742_,24.34
_05724_,24.34
_11604_,24.335
_13578_,24.32
_12626_,24.31
_01902_,24.3
_04247_,24.3
_09656_,24.3
_10466_,24.3
_11343_,24.3
net83,24.3
_02466_,24.26
_06592_,24.26
_11507_,24.26
_12927_,24.26
_01800_,24.24
_06745_,24.24
_13262_,24.24
_14301_,24.23
_00938_,24.22
_04069_,24.22
_04581_,24.22
_13457_,24.22
u_s2.delay_line_im\[2\]\[5\],24.22
_04110_,24.2
_11375_,24.2
_04256_,24.16
u_s1.delay_line_im\[5\]\[2\],24.16
_04845_,24.15
_09152_,24.13
_00633_,24.12
_11064_,24.12
_09482_,24.11
_03423_,24.1
_03547_,24.1
_08885_,24.1
_13433_,24.09
_02787_,24.08
_12231_,24.08
_13065_,24.08
_00577_,24.06
_05276_,24.06
_06678_,24.06
_06782_,24.06
_11795_,24.06
_00647_,24.055
_08550_,24.04
_07002_,24.02
_07737_,24.02
_11866_,24.02
u_s1.delay_line_re\[2\]\[13\],24.015
_04295_,24
_12677_,24
_12902_,24
_03380_,23.98
_06510_,23.98
_06749_,23.98
_10445_,23.98
_03037_,23.96
_06953_,23.94
_04018_,23.92
_14446_,23.92
net90,23.92
_03759_,23.9
_06846_,23.9
_08406_,23.9
_02546_,23.88
_05937_,23.88
_11008_,23.88
_11819_,23.88
_07505_,23.84
_13130_,23.84
_14330_,23.84
_02857_,23.82
_08645_,23.82
_01437_,23.8
_04733_,23.8
_09661_,23.8
_06738_,23.785
_07728_,23.785
_02831_,23.78
_06615_,23.76
_00740_,23.74
_02388_,23.74
_12962_,23.74
_04824_,23.72
_00766_,23.7
_01220_,23.7
_02214_,23.7
_06871_,23.7
_06907_,23.68
_08562_,23.68
_10985_,23.68
u_s2.delay_line_im\[0\]\[14\],23.68
_10961_,23.66
_12197_,23.66
u_s1.delay_line_im\[7\]\[12\],23.66
_00522_,23.64
_04553_,23.64
_05440_,23.64
_07687_,23.64
_11962_,23.64
_01356_,23.62
_03797_,23.62
_12145_,23.62
u_s4.delay_line_im\[0\]\[3\],23.62
_05369_,23.6
_05527_,23.6
_05933_,23.6
_07017_,23.6
_07767_,23.6
_13351_,23.6
u_s1.delay_line_re\[3\]\[1\],23.6
_09202_,23.58
_12876_,23.58
_13455_,23.58
_05442_,23.575
_00505_,23.56
_04129_,23.56
_04680_,23.56
_01736_,23.54
_02442_,23.52
_05653_,23.52
_07606_,23.52
_10725_,23.52
_02000_,23.5
_08227_,23.5
_13112_,23.48
_02144_,23.46
_08548_,23.46
_01014_,23.44
_03995_,23.44
_02594_,23.42
_07082_,23.42
_07727_,23.42
_09769_,23.42
_10382_,23.42
_10592_,23.42
u_s1.delay_ptr\[2\],23.42
_02387_,23.4
_02789_,23.4
_01556_,23.38
_06171_,23.38
_07523_,23.38
_10673_,23.38
_12176_,23.38
_06423_,23.34
_06643_,23.34
_12690_,23.34
clknet_leaf_11_clk,23.34
_02950_,23.32
_12198_,23.32
_02823_,23.31
_13141_,23.3
_01707_,23.28
_03589_,23.28
_04205_,23.28
_12382_,23.28
_07790_,23.275
_01748_,23.26
_03393_,23.24
_02455_,23.22
_01500_,23.2
_11644_,23.2
_11715_,23.2
_03311_,23.18
_09462_,23.18
_11660_,23.18
_12316_,23.16
_04321_,23.12
_06640_,23.12
_08286_,23.12
_05434_,23.1
_06689_,23.1
_10724_,23.1
_08939_,23.08
_12616_,23.08
u_s1.delay_line_im\[1\]\[15\],23.08
_00815_,23.06
_03028_,23.06
_03868_,23.06
_04863_,23.06
_05757_,23.06
_12232_,23.06
_10147_,23.04
_13216_,23.04
_01196_,23.035
_11211_,23.02
_02605_,23
_08443_,23
_12112_,23
_00528_,22.98
_05344_,22.98
_11451_,22.98
_13198_,22.98
_09636_,22.96
_09963_,22.96
_09985_,22.96
_14403_,22.96
_05151_,22.94
_08171_,22.94
_09043_,22.94
_11839_,22.94
_13057_,22.94
_13471_,22.92
_05950_,22.9
_12583_,22.9
_02295_,22.88
_04811_,22.88
_11902_,22.88
_03417_,22.86
u_s1.delay_line_im\[5\]\[8\],22.86
u_s1.delay_ptr\[1\],22.86
_03988_,22.84
_07955_,22.84
_08471_,22.84
_14253_,22.84
_00811_,22.82
_05175_,22.82
_07824_,22.82
_01156_,22.8
_02797_,22.8
_04755_,22.8
_11092_,22.8
_11838_,22.78
_13701_,22.78
_02380_,22.76
_04858_,22.76
_05156_,22.76
_06870_,22.76
_07934_,22.76
_10921_,22.76
_10337_,22.74
_13461_,22.74
_03595_,22.72
_04462_,22.72
_05195_,22.72
_06064_,22.72
_06559_,22.72
_09833_,22.72
_02379_,22.7
_09343_,22.7
_11245_,22.68
_13508_,22.68
_02070_,22.66
_04749_,22.66
_09355_,22.66
_09829_,22.66
_07040_,22.64
_11168_,22.64
_11369_,22.64
_03952_,22.62
_05172_,22.62
_08910_,22.62
_09924_,22.62
_11243_,22.62
_12500_,22.62
u_s1.delay_line_re\[2\]\[9\],22.605
_01204_,22.6
_14356_,22.6
_02855_,22.58
_06710_,22.58
_07993_,22.58
_08087_,22.58
_08591_,22.58
_01068_,22.56
_01625_,22.56
_04942_,22.56
_05893_,22.56
_07120_,22.56
_12223_,22.56
_04077_,22.54
_13031_,22.54
_14198_,22.54
u_s1.delay_line_im\[2\]\[8\],22.54
_01600_,22.52
_04060_,22.52
_07712_,22.5
_08113_,22.5
_13096_,22.5
_13113_,22.5
_11141_,22.48
_09761_,22.47
_01237_,22.46
_06363_,22.46
_06553_,22.46
_11230_,22.46
_12874_,22.46
_12408_,22.44
_11307_,22.435
_02330_,22.4
_04801_,22.4
_05907_,22.4
_09488_,22.4
_08157_,22.39
_02034_,22.38
_02049_,22.38
_02702_,22.38
_02980_,22.38
_06428_,22.38
_09395_,22.38
_13660_,22.38
_08450_,22.36
_13346_,22.36
_11979_,22.34
_12781_,22.34
_01549_,22.32
_12164_,22.32
_00543_,22.3
_03774_,22.3
_04237_,22.3
_06940_,22.3
_05035_,22.28
_11341_,22.28
u_s4.delay_line_im\[0\]\[0\],22.28
_01493_,22.26
_01821_,22.26
_02820_,22.26
_06167_,22.26
_07915_,22.26
_09061_,22.26
u_s1.delay_line_im\[0\]\[15\],22.26
_01718_,22.24
_05269_,22.24
_07446_,22.24
_11033_,22.24
_03947_,22.235
_09362_,22.22
_12552_,22.22
u_s1.delay_line_im\[2\]\[7\],22.22
_01315_,22.21
_00504_,22.2
_01048_,22.2
_07021_,22.2
_13017_,22.2
_11683_,22.19
_01497_,22.18
_01380_,22.16
_11322_,22.16
_12097_,22.16
u_s1.delay_line_re\[3\]\[12\],22.16
_04613_,22.14
_06810_,22.14
_13339_,22.14
u_s2.delay_line_re\[0\]\[14\],22.1
_03856_,22.08
_05494_,22.08
_05425_,22.06
_10974_,22.06
_03058_,22.04
_03845_,22.04
_05871_,22.04
_10142_,22.04
_03318_,22.02
_05362_,22.02
_06876_,22.02
_03921_,22.015
_02731_,22
_11256_,22
_11590_,21.995
_03742_,21.98
_05906_,21.98
_05879_,21.96
_12991_,21.96
_10065_,21.94
_12971_,21.94
_00998_,21.92
_03040_,21.92
_10181_,21.92
_11361_,21.92
_04452_,21.9
_05182_,21.9
_11438_,21.9
_14326_,21.9
_02839_,21.89
_05169_,21.88
_10645_,21.88
_01928_,21.86
_02194_,21.86
_08112_,21.86
_12299_,21.86
_12309_,21.86
_01686_,21.855
_07650_,21.845
_13781_,21.84
u_s1.delay_line_im\[7\]\[8\],21.84
_03639_,21.83
_02335_,21.82
_04649_,21.82
_09283_,21.82
_03208_,21.8
_06370_,21.8
_07726_,21.8
_08753_,21.8
_11998_,21.79
_12042_,21.78
_04770_,21.77
_02707_,21.76
_03760_,21.76
_06443_,21.76
_10981_,21.76
_13753_,21.74
_06536_,21.72
_07061_,21.72
_04938_,21.7
_05496_,21.7
_05535_,21.7
_13561_,21.7
u_s1.delay_line_re\[1\]\[4\],21.7
_03872_,21.68
_13071_,21.675
_01675_,21.66
_01712_,21.66
_05258_,21.66
_07806_,21.64
_12961_,21.64
_03694_,21.62
_07050_,21.62
_03750_,21.6
_08284_,21.6
_08838_,21.6
_00692_,21.58
_00860_,21.58
_05473_,21.58
_06189_,21.57
_03256_,21.56
_06004_,21.56
_12728_,21.56
_03713_,21.54
_08652_,21.54
_10500_,21.54
_11549_,21.54
_03104_,21.52
_12648_,21.51
_08492_,21.5
_08584_,21.5
_06211_,21.49
_05560_,21.48
net114,21.48
_01366_,21.46
_01541_,21.46
_09036_,21.46
_09847_,21.46
_14127_,21.46
_14191_,21.46
_01803_,21.42
_03695_,21.42
_03748_,21.42
_03955_,21.42
_05700_,21.42
_07643_,21.42
u_s1.delay_line_re\[1\]\[3\],21.42
_01768_,21.4
_03354_,21.4
_06944_,21.4
_09978_,21.4
_13015_,21.4
_01571_,21.38
_06672_,21.38
net86,21.38
_04847_,21.36
_08633_,21.36
_04715_,21.34
_03885_,21.33
_02332_,21.32
_02539_,21.32
_13226_,21.32
_01765_,21.3
_06737_,21.3
_11117_,21.3
_11794_,21.28
_01557_,21.26
_07998_,21.26
_01330_,21.24
_03543_,21.24
_03671_,21.24
_04731_,21.24
_06324_,21.24
_09127_,21.24
_11932_,21.24
_12660_,21.24
_12856_,21.24
_02010_,21.225
_00507_,21.22
_03500_,21.22
_11597_,21.22
_12858_,21.22
_00503_,21.2
_01194_,21.2
_01896_,21.2
_09197_,21.2
_13778_,21.2
u_s1.delay_line_re\[0\]\[0\],21.2
u_s2.delay_line_re\[1\]\[9\],21.2
_02436_,21.18
_04210_,21.18
_07805_,21.18
_12992_,21.16
_01598_,21.14
_02091_,21.14
_03200_,21.14
u_s2.delay_line_re\[2\]\[1\],21.14
_02816_,21.12
_05430_,21.12
_06774_,21.12
_10735_,21.12
_14252_,21.12
_01676_,21.1
_02246_,21.1
_10113_,21.1
_10442_,21.1
_12102_,21.1
_09789_,21.09
_05852_,21.08
_00712_,21.06
_00719_,21.06
_03940_,21.06
_09843_,21.06
_08002_,21.02
_13396_,21.01
_05444_,21
_08767_,21
_11464_,21
_11859_,21
u_s2.delay_line_re\[2\]\[3\],21
_03898_,20.98
_05037_,20.98
_05896_,20.98
_07840_,20.98
_11160_,20.98
_11321_,20.98
_02974_,20.96
_03651_,20.96
_07821_,20.96
_09326_,20.96
_09988_,20.96
_11609_,20.96
_08874_,20.955
_03677_,20.94
u_s2.delay_line_re\[2\]\[14\],20.94
_02503_,20.92
_03468_,20.92
_05920_,20.92
_06574_,20.92
_06720_,20.92
_07256_,20.9
_09219_,20.9
_11518_,20.9
_11682_,20.9
_05273_,20.89
_04006_,20.88
_06609_,20.88
_10243_,20.88
_11931_,20.88
_12434_,20.88
_13204_,20.88
_12933_,20.875
_03371_,20.86
_03453_,20.86
_13006_,20.86
u_s1.delay_line_re\[0\]\[4\],20.86
u_s3.delay_line_re\[0\]\[4\],20.86
_07276_,20.84
_09196_,20.84
_12372_,20.84
_12787_,20.84
_03816_,20.83
_04533_,20.82
_05934_,20.82
_12687_,20.82
_05231_,20.81
_05057_,20.8
_12529_,20.8
_04347_,20.78
_07899_,20.78
_10553_,20.78
_12416_,20.78
_13192_,20.78
_13716_,20.78
_03549_,20.76
_05164_,20.76
_06040_,20.76
_14463_,20.76
_03610_,20.74
_04481_,20.74
_04723_,20.74
_08324_,20.74
_04189_,20.72
_13098_,20.72
_00985_,20.7
_01495_,20.7
_06786_,20.7
_10369_,20.7
_02659_,20.68
_13820_,20.68
_02564_,20.66
_03213_,20.66
_04124_,20.66
_04356_,20.66
_05575_,20.66
_12515_,20.66
_12891_,20.66
_03766_,20.65
_01631_,20.64
_08096_,20.64
_10613_,20.64
_02011_,20.635
_03642_,20.62
_03994_,20.62
_11186_,20.62
_12708_,20.62
_12981_,20.62
_13714_,20.62
_03980_,20.58
_08216_,20.58
_00684_,20.56
_02607_,20.56
_04019_,20.56
_06456_,20.56
_14193_,20.555
_01248_,20.54
_01449_,20.54
_02154_,20.54
_07041_,20.54
_11491_,20.54
_12824_,20.535
_01073_,20.52
_02437_,20.52
_02983_,20.52
_12717_,20.52
_04001_,20.5
_07062_,20.5
_11122_,20.5
_13414_,20.5
_02294_,20.48
_11023_,20.48
_11874_,20.48
_02157_,20.46
_03413_,20.46
_08726_,20.46
_10587_,20.46
_13220_,20.46
_12104_,20.44
_03870_,20.43
_00950_,20.42
_01367_,20.42
_02522_,20.42
_09595_,20.42
_08668_,20.415
_00725_,20.4
_07769_,20.4
_09852_,20.4
_13080_,20.4
_05073_,20.38
_05984_,20.38
_08831_,20.38
_01244_,20.36
_03025_,20.36
_05272_,20.36
_04400_,20.35
_12989_,20.35
_03982_,20.34
_05533_,20.34
_02245_,20.32
_08968_,20.32
_09698_,20.32
_13603_,20.32
_10558_,20.31
_03692_,20.3
_07987_,20.3
_09642_,20.3
_10178_,20.3
_12154_,20.285
_06386_,20.28
_09341_,20.28
_14073_,20.28
_04480_,20.26
_10338_,20.26
_04000_,20.24
_06029_,20.24
_07077_,20.24
_09079_,20.24
_12996_,20.24
_13629_,20.24
u_s1.delay_line_im\[5\]\[5\],20.24
_02851_,20.22
_11269_,20.22
_00628_,20.2
_03044_,20.2
_07148_,20.2
_07428_,20.2
_10738_,20.2
_11415_,20.2
_01775_,20.18
_02197_,20.18
_11286_,20.18
_11399_,20.18
_01970_,20.17
_03294_,20.17
_01143_,20.16
_02812_,20.16
_04876_,20.16
_12100_,20.16
_13729_,20.16
u_s2.delay_line_im\[1\]\[10\],20.16
_07174_,20.14
_06172_,20.12
_08423_,20.12
_11113_,20.12
_02478_,20.1
_11837_,20.1
_02475_,20.09
_02155_,20.08
_03753_,20.08
_04540_,20.08
_05311_,20.08
_08531_,20.08
u_s1.delay_line_re\[4\]\[15\],20.08
_02187_,20.04
_04044_,20.04
_08129_,20.04
_09949_,20.04
_10432_,20.04
u_s1.delay_line_im\[5\]\[1\],20.04
_09256_,20.02
_02285_,20
_02698_,20
_03287_,20
_01180_,19.98
_11964_,19.98
_01723_,19.96
_02463_,19.96
_02918_,19.96
_03820_,19.96
_04195_,19.96
_04704_,19.96
_05229_,19.96
_05754_,19.96
_06109_,19.96
_06360_,19.96
_09071_,19.96
_04249_,19.94
_11365_,19.94
_12045_,19.94
_01393_,19.925
_06161_,19.92
_12709_,19.915
_05525_,19.9
_04315_,19.88
_11861_,19.88
_13093_,19.88
_00730_,19.875
_10989_,19.87
_01852_,19.86
_06053_,19.86
_09796_,19.86
_12061_,19.86
_12610_,19.86
_12655_,19.86
_05213_,19.85
_01899_,19.84
_03653_,19.84
_04380_,19.84
_06288_,19.84
_01318_,19.82
_02242_,19.82
_02313_,19.82
_11538_,19.82
_11826_,19.82
_11492_,19.81
_04300_,19.8
_05431_,19.8
_11991_,19.8
_12776_,19.8
_13003_,19.8
_14497_,19.8
_02160_,19.78
_08546_,19.78
_10323_,19.76
_01454_,19.74
_02734_,19.74
_02740_,19.74
_04670_,19.74
_05518_,19.74
_08770_,19.74
_13885_,19.74
_03924_,19.72
_12096_,19.72
_06551_,19.7
_06719_,19.7
_08393_,19.7
_10573_,19.7
_09955_,19.69
_04059_,19.68
_00874_,19.67
_03405_,19.66
_13839_,19.66
_02994_,19.64
_04199_,19.64
_14118_,19.64
_06219_,19.62
_08372_,19.62
_11007_,19.62
_11740_,19.62
_12680_,19.62
_13585_,19.62
_03950_,19.61
_05910_,19.6
u_s2.delay_line_im\[2\]\[2\],19.6
_08223_,19.58
_11060_,19.58
_11954_,19.58
_12603_,19.56
_08189_,19.54
_05715_,19.52
_08004_,19.52
_10437_,19.52
_10718_,19.52
_12751_,19.52
_01326_,19.5
_13257_,19.5
_02009_,19.495
_04255_,19.49
u_s1.delay_line_im\[2\]\[13\],19.485
_05126_,19.48
_05567_,19.48
_08236_,19.48
_10493_,19.48
_01461_,19.46
_03719_,19.46
_05433_,19.46
_06934_,19.46
_11782_,19.46
_13137_,19.46
_04506_,19.44
_05212_,19.44
_11452_,19.44
_11780_,19.44
_12736_,19.44
_14142_,19.44
_14189_,19.44
_00957_,19.42
_10575_,19.42
_13699_,19.42
_02240_,19.4
_03152_,19.4
_03286_,19.4
_08085_,19.4
_09874_,19.4
_11720_,19.4
_12651_,19.4
_13888_,19.4
u_s1.delay_line_re\[1\]\[12\],19.4
_04538_,19.39
_01033_,19.38
_01063_,19.38
_04200_,19.38
_05501_,19.38
_07445_,19.38
_08102_,19.38
_10046_,19.38
_11157_,19.38
_11695_,19.38
_11956_,19.38
_12178_,19.38
_04554_,19.36
_08436_,19.36
_08747_,19.36
_09747_,19.36
_10511_,19.36
_11072_,19.36
_11664_,19.36
_12969_,19.36
u_s2.delay_line_im\[3\]\[5\],19.36
_02574_,19.34
_02917_,19.34
_04227_,19.34
_12844_,19.34
u_s2.delay_line_im\[2\]\[1\],19.34
_09989_,19.33
_08867_,19.32
_09068_,19.32
_11897_,19.32
_12569_,19.32
_07838_,19.3
_11334_,19.3
_03313_,19.28
_04116_,19.28
_05040_,19.28
_06771_,19.28
_08124_,19.28
_09118_,19.28
_10625_,19.28
_12211_,19.28
_08609_,19.26
u_s1.delay_line_re\[7\]\[0\],19.26
_01188_,19.245
_02811_,19.24
_06446_,19.24
_08380_,19.24
_08489_,19.24
_09502_,19.24
_11121_,19.24
_11129_,19.24
_12227_,19.24
_13259_,19.24
u_s1.delay_line_re\[4\]\[4\],19.24
u_s2.delay_line_im\[3\]\[1\],19.24
_00663_,19.22
_04491_,19.22
_05677_,19.22
_12693_,19.22
_06894_,19.215
_04056_,19.2
_05919_,19.2
_00580_,19.18
_00650_,19.18
_02041_,19.18
_13230_,19.18
u_s1.delay_line_re\[6\]\[0\],19.18
_01298_,19.16
_05661_,19.16
_12526_,19.15
_02353_,19.14
_07776_,19.14
_12459_,19.14
_00533_,19.12
_02251_,19.12
_05235_,19.12
_10399_,19.12
_11006_,19.12
_14436_,19.12
_13184_,19.115
_09605_,19.1
_13024_,19.1
u_s1.delay_line_im\[1\]\[14\],19.1
_02166_,19.08
_04687_,19.08
_06422_,19.08
_06671_,19.08
_09868_,19.08
_10050_,19.08
_12944_,19.08
_03849_,19.07
_10641_,19.07
_01679_,19.06
_02584_,19.06
_06014_,19.06
_06808_,19.06
_13746_,19.06
u_s3.delay_line_re\[1\]\[0\],19.06
_09813_,19.04
_11280_,19.04
_11358_,19.04
u_s1.delay_line_re\[5\]\[3\],19.04
u_s1.delay_line_re\[7\]\[2\],19.04
_03483_,19.02
_08351_,19.02
_01201_,19
_02975_,19
_03832_,19
_05345_,19
_10620_,19
u_s2.delay_line_re\[3\]\[6\],19
_01789_,18.99
_01269_,18.98
_04922_,18.98
_06408_,18.98
_08415_,18.98
_13330_,18.98
_13421_,18.98
_13156_,18.965
_01749_,18.96
_04516_,18.96
_06709_,18.96
_05330_,18.94
_09962_,18.94
_10755_,18.94
u_s3.delay_line_im\[1\]\[2\],18.94
_06469_,18.935
_05375_,18.92
_05706_,18.92
_11558_,18.92
_03962_,18.9
_07905_,18.9
_09226_,18.9
_05763_,18.88
_08486_,18.88
_08976_,18.88
_10267_,18.88
u_s1.delay_line_im\[2\]\[14\],18.865
_02150_,18.86
_04031_,18.86
_04906_,18.86
_08458_,18.86
_11731_,18.86
_13128_,18.86
_04096_,18.84
_02679_,18.82
_04093_,18.82
_09266_,18.82
_03999_,18.8
net85,18.8
_03570_,18.78
_04384_,18.78
_07537_,18.78
_07883_,18.78
_09732_,18.78
_11106_,18.78
clknet_leaf_13_clk,18.78
_04014_,18.76
_11741_,18.76
_12233_,18.75
_07254_,18.74
_12941_,18.74
_01626_,18.7
_06840_,18.7
_09441_,18.7
_09695_,18.7
_03810_,18.68
_11229_,18.68
_10528_,18.675
_00908_,18.67
_00518_,18.66
_08730_,18.66
_10417_,18.66
_13599_,18.66
_03471_,18.64
_03725_,18.64
_11517_,18.64
_11953_,18.64
_08864_,18.63
_03862_,18.625
_03538_,18.62
_12219_,18.62
_13094_,18.62
_01792_,18.6
_02896_,18.6
_03802_,18.6
_06096_,18.6
_00854_,18.58
_01684_,18.58
_02984_,18.58
_11945_,18.58
_08323_,18.575
u_s1.delay_line_re\[2\]\[11\],18.565
_01287_,18.56
_01483_,18.56
_03057_,18.56
_09512_,18.56
_12052_,18.56
u_s1.delay_line_im\[5\]\[4\],18.56
_09475_,18.54
_11625_,18.54
_03583_,18.52
_04900_,18.52
_05319_,18.52
_13624_,18.52
_02928_,18.5
_10218_,18.5
_11728_,18.5
_11847_,18.5
_03697_,18.48
_04878_,18.48
_05160_,18.48
_10601_,18.48
_11088_,18.48
_13510_,18.48
_13895_,18.48
_14329_,18.48
_03553_,18.46
_07732_,18.46
_08462_,18.46
_09941_,18.46
_01371_,18.44
_03584_,18.44
_04182_,18.44
_05365_,18.44
_07322_,18.44
_11036_,18.44
_13673_,18.44
_05012_,18.42
_07775_,18.42
_12099_,18.42
_04398_,18.415
_08986_,18.4
_09444_,18.4
u_s1.delay_line_im\[4\]\[15\],18.4
u_s3.delay_line_im\[1\]\[14\],18.4
_05318_,18.38
_08951_,18.38
_12919_,18.38
_13472_,18.38
u_s1.delay_line_re\[2\]\[3\],18.38
u_s2.delay_line_re\[0\]\[1\],18.38
_03166_,18.36
_04936_,18.36
_05531_,18.36
_09487_,18.36
_11421_,18.36
_03161_,18.35
_04920_,18.35
_00962_,18.34
_02885_,18.34
_12212_,18.34
_06889_,18.335
_00558_,18.32
_01428_,18.32
_03674_,18.32
_12926_,18.32
_13244_,18.32
_02724_,18.3
_05418_,18.3
_05922_,18.3
_06178_,18.3
_08899_,18.3
_11596_,18.3
_14384_,18.3
_01957_,18.27
_04231_,18.26
_10938_,18.26
_12498_,18.26
_13418_,18.26
_13571_,18.26
_00721_,18.24
_03327_,18.24
_03593_,18.24
_08314_,18.24
_12224_,18.24
_12318_,18.24
_01119_,18.23
_01317_,18.22
_04673_,18.22
_05373_,18.22
_07005_,18.22
u_s1.delay_line_im\[7\]\[5\],18.22
_04183_,18.2
_04860_,18.2
_07495_,18.2
_08646_,18.2
_00670_,18.18
_04940_,18.18
_05139_,18.18
_10677_,18.18
_03097_,18.16
_05513_,18.16
_11416_,18.16
_12221_,18.16
_13584_,18.16
_02058_,18.14
_02501_,18.14
_06885_,18.14
_08325_,18.14
_12727_,18.14
u_s1.delay_line_im\[1\]\[2\],18.125
_01605_,18.12
_01971_,18.12
_04214_,18.12
_06256_,18.12
_13140_,18.12
_13294_,18.12
_09059_,18.11
_06462_,18.1
_09602_,18.1
_13573_,18.1
_14310_,18.1
_00696_,18.08
_02177_,18.08
_04853_,18.08
_07247_,18.08
_09554_,18.08
_02357_,18.07
_03679_,18.06
_03851_,18.06
_07735_,18.06
_08062_,18.04
_08678_,18.04
_11550_,18.04
_13082_,18.04
_05301_,18.02
_08276_,18.02
_10117_,18.02
_11028_,18.02
_12056_,18.02
_12159_,18.02
_00977_,18
_04569_,18
_04669_,18
_08280_,18
_08289_,18
_08318_,18
_10966_,18
u_s2.delay_line_re\[3\]\[9\],18
_02672_,17.98
_04965_,17.98
_05616_,17.98
_06764_,17.98
_10096_,17.98
u_s1.delay_line_im\[1\]\[6\],17.98
_01223_,17.96
_05599_,17.96
_10488_,17.96
_10585_,17.96
u_s1.delay_line_im\[2\]\[9\],17.96
u_s2.delay_line_im\[3\]\[10\],17.96
u_s2.delay_line_re\[3\]\[4\],17.96
_09999_,17.955
_07302_,17.94
_10739_,17.94
_11760_,17.94
u_s1.delay_line_re\[3\]\[5\],17.94
_04551_,17.93
_01774_,17.92
_05074_,17.92
_08073_,17.92
_12925_,17.92
_03743_,17.91
_00653_,17.9
_01312_,17.9
_06376_,17.9
_07101_,17.9
_08072_,17.9
_10840_,17.9
_11235_,17.9
_12103_,17.9
u_s1.delay_line_im\[7\]\[4\],17.9
_03377_,17.895
_02376_,17.88
_02958_,17.88
_04748_,17.88
_11428_,17.88
_03481_,17.86
_06750_,17.86
_12737_,17.86
u_s1.delay_line_re\[1\]\[10\],17.86
_13837_,17.855
_06198_,17.84
_13107_,17.84
u_s2.delay_line_re\[3\]\[11\],17.84
u_s3.delay_line_im\[0\]\[0\],17.84
_02884_,17.82
_04389_,17.82
_07261_,17.82
_07591_,17.82
_10154_,17.82
_13733_,17.82
u_s4.delay_line_re\[0\]\[15\],17.82
_07910_,17.8
_08179_,17.8
_04969_,17.78
_12065_,17.78
u_s1.delay_line_im\[4\]\[3\],17.78
_08099_,17.76
_11276_,17.76
_00565_,17.74
_07199_,17.74
_13180_,17.74
_13429_,17.74
u_s1.delay_line_im\[2\]\[3\],17.74
u_s1.delay_line_im\[7\]\[14\],17.74
_11647_,17.73
_00660_,17.7
_08425_,17.7
_10318_,17.69
_12550_,17.68
_13347_,17.68
u_s3.delay_line_im\[0\]\[4\],17.68
_05088_,17.67
_12385_,17.665
_06226_,17.66
_06798_,17.66
_11965_,17.66
_01069_,17.64
_05342_,17.64
_05371_,17.64
_08547_,17.64
_12587_,17.64
u_s1.delay_line_im\[2\]\[10\],17.625
u_s1.delay_line_re\[2\]\[8\],17.625
_03809_,17.62
_07617_,17.62
_10980_,17.615
_00654_,17.6
_04402_,17.6
_06022_,17.6
u_s1.delay_line_im\[0\]\[7\],17.6
_10051_,17.595
_04573_,17.58
_06648_,17.58
_10716_,17.58
_03989_,17.56
_04827_,17.56
_06293_,17.56
_07974_,17.56
_09578_,17.56
_11971_,17.56
_12618_,17.56
_13674_,17.56
_14083_,17.56
_04225_,17.54
_04968_,17.54
_12744_,17.54
u_s1.delay_line_re\[6\]\[15\],17.54
_03691_,17.52
_06561_,17.52
_11057_,17.52
_13374_,17.52
_14209_,17.52
u_s2.delay_line_im\[3\]\[11\],17.52
u_s2.delay_line_re\[0\]\[7\],17.51
_02602_,17.5
_05759_,17.5
_13564_,17.5
_06039_,17.48
_09674_,17.48
_13416_,17.48
u_s1.delay_line_im\[7\]\[13\],17.48
_12454_,17.47
_05615_,17.46
_14095_,17.46
_01865_,17.44
_08845_,17.44
_12807_,17.44
_13165_,17.44
net105,17.44
_08883_,17.435
_01045_,17.42
_01817_,17.42
_02721_,17.42
_03855_,17.42
_03985_,17.42
_09772_,17.42
_10004_,17.42
_10015_,17.42
_10037_,17.42
_13807_,17.42
_01243_,17.4
_01996_,17.4
_03804_,17.4
_08630_,17.4
_10134_,17.4
_08544_,17.38
_12877_,17.38
_10093_,17.375
_01674_,17.36
_07984_,17.36
_09165_,17.36
_09376_,17.36
u_s2.delay_line_re\[2\]\[8\],17.36
_09914_,17.35
_01465_,17.34
_06030_,17.34
_04072_,17.32
_08764_,17.32
_11260_,17.32
_05822_,17.3
_14137_,17.3
_02626_,17.295
_00762_,17.28
_06101_,17.28
_06175_,17.28
_07025_,17.28
_13382_,17.28
_13389_,17.28
_13399_,17.28
_02744_,17.26
_03899_,17.26
u_s2.delay_ptr\[0\],17.26
_01922_,17.24
_02458_,17.24
_05352_,17.24
_06778_,17.24
_13456_,17.24
_13915_,17.24
_14347_,17.24
_03586_,17.22
_07417_,17.22
_08373_,17.22
_08568_,17.22
_02520_,17.2
_02900_,17.2
_08391_,17.2
_11010_,17.2
_08003_,17.18
_08169_,17.18
_08310_,17.18
_13248_,17.18
_13544_,17.18
_13926_,17.18
u_s1.delay_line_re\[0\]\[3\],17.18
_06723_,17.16
_08496_,17.16
_10326_,17.16
u_s2.delay_line_im\[0\]\[13\],17.16
_01066_,17.14
_01805_,17.14
_03128_,17.14
_03853_,17.14
_04080_,17.14
_04639_,17.14
_05146_,17.14
_08103_,17.14
_13628_,17.135
_05841_,17.12
_08592_,17.12
_12153_,17.12
_02578_,17.1
_03203_,17.1
_11840_,17.1
_12012_,17.1
_12838_,17.1
u_s2.delay_line_im\[0\]\[2\],17.1
_04121_,17.08
_06966_,17.08
_08468_,17.08
_00618_,17.075
_08105_,17.06
_11309_,17.06
_13199_,17.06
u_s1.delay_line_re\[5\]\[10\],17.06
u_s1.delay_line_re\[6\]\[5\],17.06
_01929_,17.04
_05964_,17.04
_10472_,17.04
_10941_,17.03
_00797_,17.02
_00926_,17.02
_03496_,17.02
_03696_,17.02
_04910_,17.02
_08210_,17.02
_11621_,17.02
_13621_,17.02
u_s2.delay_line_im\[3\]\[8\],17.02
_03198_,17
_04872_,17
_08061_,17
_02205_,16.98
_08001_,16.98
_10022_,16.98
_10686_,16.98
_11155_,16.98
_13353_,16.98
_02047_,16.96
_03794_,16.96
_09703_,16.96
_09859_,16.96
_03137_,16.94
_04736_,16.94
_05998_,16.94
_06019_,16.94
_08434_,16.94
_13121_,16.94
_13176_,16.94
_03943_,16.92
_03564_,16.9
_14218_,16.9
_01862_,16.88
_09882_,16.88
_11565_,16.88
u_s2.delay_line_im\[3\]\[15\],16.88
_00630_,16.86
_02260_,16.86
_11980_,16.86
_12041_,16.86
_13563_,16.86
_08400_,16.85
_01763_,16.84
_01992_,16.84
_04705_,16.84
_05756_,16.84
_05900_,16.84
_09461_,16.84
_13845_,16.84
_13850_,16.84
u_s1.delay_line_im\[3\]\[5\],16.84
u_s2.delay_line_im\[3\]\[0\],16.825
_03335_,16.82
_07063_,16.82
_08212_,16.82
_10991_,16.82
_11382_,16.82
_10639_,16.8
_03903_,16.78
_13813_,16.78
u_s1.delay_line_im\[6\]\[13\],16.78
u_s3.delay_line_re\[0\]\[0\],16.78
_04155_,16.76
_12451_,16.76
_13000_,16.76
_13345_,16.755
_02864_,16.74
_03319_,16.74
_06501_,16.74
_08854_,16.74
_12842_,16.74
u_s2.delay_line_re\[2\]\[5\],16.74
_05259_,16.72
_05968_,16.72
_10209_,16.72
_13616_,16.72
u_s1.delay_line_im\[6\]\[14\],16.72
_02075_,16.7
_05520_,16.7
_09888_,16.7
_12606_,16.7
_03151_,16.69
_07095_,16.69
_06057_,16.68
_06146_,16.68
_10306_,16.68
_10555_,16.68
_06959_,16.66
_10260_,16.66
_10515_,16.66
_11302_,16.66
_11788_,16.66
_01309_,16.64
_01815_,16.64
_06072_,16.64
_06825_,16.64
_08481_,16.64
_09842_,16.64
_13300_,16.64
_14366_,16.64
u_s1.delay_line_re\[2\]\[4\],16.64
_05457_,16.635
_10118_,16.62
_10367_,16.62
_13801_,16.62
u_s1.delay_line_re\[4\]\[0\],16.62
u_s1.delay_line_re\[2\]\[14\],16.605
_00911_,16.6
_03336_,16.6
_03520_,16.6
_05059_,16.6
_09213_,16.6
_13158_,16.6
u_s1.delay_line_re\[5\]\[11\],16.6
_01607_,16.58
_06392_,16.58
_07457_,16.58
_11743_,16.58
_12243_,16.58
_12588_,16.58
_08166_,16.565
_02996_,16.56
_03833_,16.56
_04097_,16.56
_06436_,16.56
_12349_,16.56
_13372_,16.56
_13877_,16.56
_01279_,16.54
_03281_,16.54
_05395_,16.54
_13547_,16.54
_03795_,16.53
_02778_,16.52
_05983_,16.52
_06463_,16.52
_10071_,16.52
_10287_,16.52
_11605_,16.52
u_s1.delay_line_im\[4\]\[13\],16.52
u_s2.delay_line_im\[1\]\[9\],16.52
_05103_,16.515
_07581_,16.51
_08593_,16.5
_13008_,16.5
_08532_,16.48
u_s1.delay_line_re\[1\]\[0\],16.48
u_s2.delay_line_re\[3\]\[15\],16.48
_02580_,16.46
_05938_,16.46
_06544_,16.46
_03114_,16.44
_04658_,16.44
clknet_leaf_15_clk,16.44
_13662_,16.43
_00587_,16.42
_04068_,16.42
_05199_,16.42
_05988_,16.42
_08769_,16.42
_10654_,16.42
_12202_,16.42
_14415_,16.42
_04720_,16.415
_05632_,16.41
_01980_,16.4
_08172_,16.4
_09596_,16.4
_11014_,16.4
_12765_,16.4
u_s1.delay_line_re\[3\]\[11\],16.4
_04226_,16.395
_04184_,16.39
_01835_,16.38
_05730_,16.38
_08215_,16.37
_05915_,16.36
_08376_,16.36
_09155_,16.36
_09950_,16.36
_13520_,16.34
_13449_,16.33
_00846_,16.32
_05317_,16.32
_05354_,16.32
_06496_,16.32
_08326_,16.32
_09057_,16.32
_09756_,16.32
_12188_,16.32
_01142_,16.3
_04947_,16.3
_06286_,16.3
_07057_,16.3
_07645_,16.3
_11423_,16.3
_13692_,16.3
_00789_,16.28
_11226_,16.28
_11951_,16.28
_00697_,16.26
_04600_,16.26
_05572_,16.26
_11041_,16.26
u_s2.delay_line_im\[1\]\[4\],16.26
_08265_,16.24
_10356_,16.24
_13286_,16.24
_07990_,16.235
_07707_,16.22
_10415_,16.22
_11095_,16.22
_12619_,16.22
_10952_,16.21
_04405_,16.2
_09693_,16.2
_12274_,16.2
_13275_,16.2
_13430_,16.2
_14104_,16.2
_03370_,16.18
_03620_,16.18
_05697_,16.18
_06743_,16.18
_10175_,16.18
_11831_,16.18
_12404_,16.18
_13581_,16.18
_02514_,16.16
_02981_,16.16
_03939_,16.16
_03951_,16.16
_06505_,16.16
_13678_,16.16
_14424_,16.16
u_s1.delay_line_im\[3\]\[14\],16.16
u_s2.delay_line_re\[0\]\[2\],16.16
_01499_,16.14
_04174_,16.14
_04204_,16.14
_06410_,16.14
_06973_,16.14
_08525_,16.14
u_s1.delay_line_re\[0\]\[2\],16.14
_01081_,16.135
_09077_,16.12
_02985_,16.11
_01056_,16.1
_01301_,16.1
_02848_,16.1
_04136_,16.1
_11098_,16.1
_11323_,16.1
_11875_,16.1
_01864_,16.08
_05446_,16.08
u_s1.delay_line_im\[7\]\[9\],16.08
_00919_,16.06
_03412_,16.06
_03594_,16.06
_05303_,16.06
_05946_,16.06
_09866_,16.06
_10473_,16.06
_11009_,16.06
_12594_,16.06
_13200_,16.06
_08470_,16.04
_13102_,16.04
u_s1.delay_line_im\[7\]\[6\],16.04
_00519_,16.02
_01579_,16.02
_02147_,16.02
_12809_,16.02
u_s1.delay_line_im\[3\]\[11\],16.02
u_s3.delay_line_re\[1\]\[7\],16.02
_01714_,16
_05025_,16
_06664_,16
_01197_,15.98
_04306_,15.98
_06652_,15.98
_08805_,15.98
_10234_,15.98
_11996_,15.98
_14353_,15.98
_03789_,15.96
_05621_,15.96
_05736_,15.96
_06706_,15.96
_06949_,15.96
_08149_,15.96
_00806_,15.94
_03069_,15.94
_04653_,15.94
_05141_,15.94
_05336_,15.94
_05399_,15.94
_05506_,15.94
_05886_,15.94
_07003_,15.94
_08585_,15.94
_09448_,15.94
_09838_,15.94
_10968_,15.94
_11957_,15.94
_12816_,15.94
_13115_,15.94
_11803_,15.935
u_s1.delay_line_im\[3\]\[0\],15.925
_01719_,15.92
_03704_,15.92
_04487_,15.92
_05077_,15.92
_07996_,15.92
_09328_,15.92
_10699_,15.92
_13203_,15.92
_10171_,15.9
_10375_,15.9
_10817_,15.9
_11163_,15.9
_12600_,15.9
u_s2.delay_line_im\[0\]\[4\],15.9
_01772_,15.88
_03016_,15.88
_03628_,15.88
_05876_,15.88
_08945_,15.88
_09666_,15.88
_01054_,15.86
_08451_,15.86
_10979_,15.86
_12851_,15.86
_00553_,15.84
_01274_,15.84
_02390_,15.84
_13178_,15.84
_13468_,15.84
u_s1.delay_line_im\[1\]\[12\],15.84
_01466_,15.82
_03196_,15.82
_03946_,15.82
_05079_,15.82
_05230_,15.82
_06375_,15.82
_09507_,15.82
_13493_,15.82
_13866_,15.82
_02484_,15.8
_04181_,15.8
_07662_,15.8
_08379_,15.8
_09940_,15.8
_11809_,15.8
_12831_,15.8
u_s1.delay_line_im\[1\]\[11\],15.8
_03755_,15.78
_04820_,15.78
_06042_,15.78
_06842_,15.78
_06902_,15.78
_08508_,15.78
_12185_,15.78
_06395_,15.76
_07639_,15.76
_10728_,15.76
_10916_,15.76
_04825_,15.74
_03585_,15.72
_04793_,15.72
_04897_,15.72
_05664_,15.72
_06586_,15.72
_07816_,15.72
_08119_,15.72
_11150_,15.72
_13108_,15.72
u_s1.delay_line_im\[1\]\[0\],15.72
u_s2.delay_line_im\[3\]\[9\],15.72
u_s2.delay_line_re\[1\]\[5\],15.72
_00822_,15.7
_02443_,15.7
_02891_,15.7
_04427_,15.7
_06639_,15.7
_07012_,15.7
_09424_,15.7
_09537_,15.7
_12834_,15.7
u_s1.delay_line_re\[5\]\[0\],15.7
_01127_,15.68
_04512_,15.68
_04587_,15.68
_04957_,15.68
_05655_,15.68
_08193_,15.68
_09583_,15.68
_10000_,15.68
_12326_,15.68
_13036_,15.68
u_s1.delay_line_im\[6\]\[9\],15.68
_04142_,15.66
_08561_,15.66
_13133_,15.65
_01939_,15.64
_02080_,15.64
_07004_,15.64
_10727_,15.64
_12184_,15.64
_12892_,15.64
u_s2.delay_line_im\[1\]\[2\],15.64
_03011_,15.62
_04392_,15.62
_12846_,15.62
_01320_,15.6
_01891_,15.6
_03712_,15.6
_06817_,15.6
_10388_,15.6
_11721_,15.6
u_s2.delay_line_im\[1\]\[8\],15.6
_03165_,15.58
_13126_,15.58
_14485_,15.58
_01093_,15.575
_00973_,15.56
_02100_,15.56
_03690_,15.56
_11199_,15.56
_11300_,15.56
_11618_,15.56
_03164_,15.555
_05458_,15.54
_07431_,15.54
_02447_,15.52
_01108_,15.5
_02277_,15.5
_03731_,15.5
_08229_,15.5
_10205_,15.5
_01432_,15.49
_10161_,15.49
_03808_,15.48
_05958_,15.48
_08985_,15.48
u_s1.delay_line_re\[1\]\[13\],15.48
_02534_,15.46
_05514_,15.46
_10611_,15.46
_11259_,15.46
u_s3.delay_line_re\[1\]\[1\],15.46
_00958_,15.44
_03838_,15.44
_04123_,15.44
_04769_,15.44
_05515_,15.44
_05828_,15.44
_11198_,15.44
u_s1.delay_line_im\[4\]\[7\],15.44
_06628_,15.42
_06987_,15.42
_10296_,15.42
u_s2.delay_line_im\[3\]\[12\],15.42
_13014_,15.41
_02452_,15.4
_06467_,15.4
_07555_,15.4
_10402_,15.4
_11190_,15.4
_12336_,15.4
u_s1.delay_line_re\[7\]\[3\],15.4
u_s2.delay_line_im\[1\]\[7\],15.4
_08642_,15.395
_00690_,15.38
_00956_,15.38
_01501_,15.38
_02990_,15.38
_03307_,15.38
_05197_,15.38
_06058_,15.38
_06941_,15.38
_07042_,15.38
_07636_,15.38
_07637_,15.38
_09529_,15.38
_13726_,15.38
_00562_,15.36
_00621_,15.36
_04930_,15.36
_05357_,15.36
_05928_,15.36
_13076_,15.36
u_s1.delay_line_im\[5\]\[13\],15.36
u_s2.delay_line_re\[1\]\[3\],15.36
u_s3.delay_line_re\[1\]\[15\],15.36
_01165_,15.34
_01352_,15.34
_03357_,15.34
_03441_,15.34
_03733_,15.34
_04005_,15.34
_07960_,15.34
_12066_,15.34
u_s1.delay_line_re\[3\]\[10\],15.34
_12430_,15.33
_01536_,15.32
_02342_,15.32
_06426_,15.32
_06945_,15.32
_10088_,15.32
u_s3.delay_line_im\[1\]\[6\],15.32
_06693_,15.3
_11529_,15.3
_09160_,15.28
_11823_,15.28
_01637_,15.26
_02221_,15.26
_02347_,15.26
_03034_,15.26
_03882_,15.26
_05119_,15.26
_10119_,15.26
_10637_,15.26
_11025_,15.26
_11924_,15.26
_11986_,15.26
_12342_,15.26
u_s1.delay_line_re\[5\]\[15\],15.26
_03930_,15.24
_05144_,15.24
_10670_,15.24
_13633_,15.24
_01018_,15.235
_08088_,15.22
_08497_,15.22
_09032_,15.22
_09239_,15.22
_10425_,15.22
_13092_,15.22
u_s2.delay_line_im\[3\]\[7\],15.22
net121,15.22
_00644_,15.18
_01603_,15.18
_02469_,15.18
_03887_,15.18
_05585_,15.18
_09221_,15.18
_10933_,15.18
_12275_,15.18
_01307_,15.15
_13359_,15.15
_02063_,15.14
_03103_,15.14
_03404_,15.14
_03984_,15.14
_04780_,15.14
_05495_,15.14
_07827_,15.14
_08074_,15.14
_08143_,15.14
_08666_,15.14
_11283_,15.14
_13473_,15.14
u_s1.delay_line_re\[0\]\[13\],15.14
_04211_,15.12
_04485_,15.12
_02430_,15.1
_03334_,15.1
_04157_,15.1
_06692_,15.1
_09378_,15.1
_10906_,15.1
_11182_,15.1
_11781_,15.1
_13039_,15.1
_13882_,15.095
_05087_,15.09
_12982_,15.09
_08319_,15.08
_09174_,15.08
_04647_,15.07
_03897_,15.06
_07069_,15.06
_07138_,15.06
_12950_,15.06
_04088_,15.04
_05293_,15.04
_11567_,15.04
_13009_,15.04
u_s1.delay_line_re\[0\]\[15\],15.04
u_s2.delay_line_re\[1\]\[2\],15.04
_00681_,15.02
_00845_,15.02
_01191_,15.02
_02904_,15.02
_05048_,15.02
_06847_,15.02
_09214_,15.02
_09643_,15.02
_11191_,15.02
_12240_,15.02
u_s2.delay_line_re\[1\]\[13\],15.02
_00905_,15
_06770_,15
_07841_,15
_08357_,15
_12983_,15
u_s3.delay_line_re\[0\]\[14\],15
_02227_,14.98
_07965_,14.98
_08961_,14.98
_05884_,14.97
_04150_,14.96
_06433_,14.96
_13721_,14.96
_06758_,14.95
_13693_,14.95
_00615_,14.94
_01565_,14.94
_04332_,14.94
_12428_,14.94
_13652_,14.94
_11051_,14.935
_01582_,14.92
_03454_,14.92
_10350_,14.92
_10643_,14.92
_00720_,14.9
_03672_,14.9
_03901_,14.9
_06637_,14.9
_09237_,14.9
_13542_,14.895
_00243_,14.885
_00015_,14.88
_02207_,14.88
_07104_,14.88
_11484_,14.88
_12190_,14.88
_12647_,14.88
_12868_,14.88
_13154_,14.88
_13583_,14.88
_13742_,14.88
u_s1.delay_line_re\[3\]\[9\],14.88
_04115_,14.86
_06828_,14.86
_10707_,14.86
_12570_,14.86
u_s2.delay_line_re\[0\]\[0\],14.86
_12370_,14.85
_00863_,14.84
_01999_,14.84
_14418_,14.84
u_s1.delay_line_re\[6\]\[13\],14.84
_09138_,14.82
_02411_,14.8
_02654_,14.8
_02971_,14.8
_03844_,14.8
_04057_,14.8
_04349_,14.8
_06358_,14.8
_11153_,14.8
_12420_,14.8
_12799_,14.8
_13687_,14.8
_04071_,14.78
_08772_,14.78
_08911_,14.78
_10393_,14.78
_11766_,14.78
_02798_,14.76
_04026_,14.76
_06997_,14.76
_07217_,14.76
_07874_,14.76
_09839_,14.76
_11221_,14.76
_13792_,14.76
_13851_,14.76
u_s2.delay_line_im\[3\]\[6\],14.76
_00717_,14.755
_00741_,14.74
_02849_,14.74
_04016_,14.74
_04892_,14.74
u_s2.delay_line_re\[0\]\[5\],14.74
_01629_,14.72
_05206_,14.72
_05406_,14.72
_05498_,14.72
u_s2.delay_line_re\[3\]\[12\],14.72
u_s2.delay_line_re\[3\]\[1\],14.72
_01641_,14.7
_03150_,14.7
_03636_,14.7
_06007_,14.7
_01944_,14.68
_02082_,14.68
_05708_,14.68
_08433_,14.68
_09375_,14.68
_10025_,14.68
_10571_,14.68
clknet_leaf_14_clk,14.68
_10362_,14.66
_11771_,14.66
_11939_,14.66
_12339_,14.66
_00640_,14.64
_01479_,14.64
_01504_,14.64
_01895_,14.64
_04132_,14.64
_06618_,14.64
_08711_,14.64
u_s4.phase_counter\[1\],14.64
_09862_,14.62
u_s1.delay_line_im\[5\]\[9\],14.62
_01861_,14.6
_05477_,14.6
_07758_,14.6
_12234_,14.6
_13607_,14.6
_06148_,14.58
_06268_,14.58
_12134_,14.58
_00931_,14.56
_01940_,14.56
_04950_,14.56
_08251_,14.56
_13789_,14.56
u_s1.delay_line_im\[6\]\[10\],14.56
u_s2.delay_line_im\[3\]\[14\],14.56
_01634_,14.55
_03502_,14.55
_02288_,14.54
_02675_,14.54
_05016_,14.54
_05260_,14.54
_06921_,14.54
_12767_,14.54
_06860_,14.535
_11757_,14.535
_06142_,14.52
_07849_,14.52
_08148_,14.52
_09446_,14.52
_10474_,14.52
_13235_,14.52
_03934_,14.5
_04246_,14.5
_10502_,14.5
_12369_,14.5
_09190_,14.49
_02448_,14.48
_02460_,14.48
_02741_,14.48
_03348_,14.48
_03971_,14.48
_04490_,14.48
out_im[6],14.48
_00862_,14.46
_04604_,14.46
_05264_,14.46
_05281_,14.46
_08234_,14.46
_09119_,14.46
_11671_,14.46
_12773_,14.46
_12954_,14.46
_02060_,14.44
_02753_,14.44
_04526_,14.44
_05358_,14.44
_05685_,14.44
_08697_,14.44
_09837_,14.44
_12393_,14.44
_13489_,14.44
_02687_,14.42
_05367_,14.42
_06368_,14.42
_06728_,14.42
_09662_,14.42
_11672_,14.42
_02887_,14.4
_12031_,14.38
_12990_,14.38
_03304_,14.36
_08291_,14.36
_10110_,14.36
_14451_,14.36
_02328_,14.34
_06814_,14.34
_09166_,14.34
_09269_,14.34
_10669_,14.34
_11673_,14.34
_07942_,14.325
_02073_,14.32
u_s3.delay_line_re\[1\]\[2\],14.32
_00969_,14.31
_02476_,14.3
_02669_,14.3
_04048_,14.3
_06589_,14.3
_08150_,14.3
_08969_,14.3
_10272_,14.3
_10536_,14.3
_11454_,14.3
_12530_,14.3
_12806_,14.3
u_s2.delay_line_re\[2\]\[15\],14.3
_08381_,14.28
_12338_,14.28
_03841_,14.26
_04594_,14.26
_07703_,14.26
_10246_,14.26
_04478_,14.24
_05571_,14.24
_08407_,14.24
_00666_,14.22
_00955_,14.22
_02747_,14.22
_03614_,14.22
_03944_,14.22
_03970_,14.22
_07100_,14.22
_10148_,14.22
_13129_,14.22
u_s1.delay_line_re\[2\]\[10\],14.205
_01187_,14.2
_01771_,14.2
_05948_,14.2
_11677_,14.2
u_s2.delay_line_re\[3\]\[10\],14.2
_07585_,14.18
_08440_,14.18
_08575_,14.18
_13394_,14.18
_01104_,14.16
_01646_,14.16
_05010_,14.16
_08610_,14.16
_10935_,14.16
_11097_,14.16
_14215_,14.16
_04928_,14.15
u_s2.delay_line_im\[0\]\[1\],14.15
_02966_,14.14
_04445_,14.14
_04657_,14.14
_05491_,14.14
_08746_,14.14
_10255_,14.14
_11591_,14.14
_12535_,14.14
_03117_,14.12
_05404_,14.12
_11427_,14.12
_00867_,14.1
_00942_,14.1
_00980_,14.1
_01270_,14.1
_02790_,14.1
_03306_,14.1
_03959_,14.1
_04079_,14.1
_05055_,14.1
_06387_,14.1
_10577_,14.1
_11642_,14.1
_11834_,14.1
_03907_,14.08
_05184_,14.08
_10316_,14.08
_12387_,14.08
_12733_,14.08
_13123_,14.08
_00616_,14.06
_00680_,14.06
_04645_,14.06
_11505_,14.06
_07701_,14.05
_09509_,14.05
_11046_,14.04
_00700_,14.03
_03406_,14.02
_07918_,14.02
_11440_,14.02
u_s1.delay_line_im\[1\]\[8\],14.02
_05307_,14
_05524_,14
_06008_,14
_06312_,14
_06822_,14
_12853_,14
_13260_,14
_01830_,13.98
_04521_,13.98
_05448_,13.98
_13856_,13.98
_14318_,13.98
u_s2.delay_line_im\[1\]\[6\],13.98
u_s3.delay_line_re\[0\]\[5\],13.98
_03390_,13.96
_06857_,13.96
_09652_,13.96
_10689_,13.96
_11990_,13.96
_13860_,13.96
_01837_,13.94
_03031_,13.94
_11031_,13.94
_12073_,13.94
_00901_,13.92
_04959_,13.92
_07683_,13.92
_12167_,13.92
net140,13.92
in_im[15],13.91
_12230_,13.905
_00777_,13.9
_04776_,13.9
_06302_,13.9
_09629_,13.9
_12228_,13.9
_01386_,13.88
_02148_,13.88
_03814_,13.88
_04795_,13.88
_05242_,13.88
_07471_,13.88
_09360_,13.88
_09489_,13.88
_09873_,13.88
_10361_,13.88
_12062_,13.88
_12262_,13.88
_12514_,13.88
_12650_,13.88
u_s2.delay_line_im\[0\]\[9\],13.88
_01920_,13.86
_03085_,13.86
_03615_,13.86
_03805_,13.86
_04798_,13.86
_05262_,13.86
_08601_,13.86
_02020_,13.84
_02284_,13.84
_02402_,13.84
_04141_,13.84
_04585_,13.84
_06920_,13.84
_07374_,13.84
_09439_,13.84
_11050_,13.84
_11842_,13.84
_13289_,13.84
_13713_,13.84
_01838_,13.83
_05437_,13.82
_08707_,13.8
_11572_,13.8
_13125_,13.8
_13267_,13.8
_08658_,13.79
_01283_,13.78
_03340_,13.78
_04784_,13.78
_06084_,13.78
_08077_,13.78
_12775_,13.78
_13878_,13.78
u_s3.delay_line_im\[1\]\[0\],13.78
_11326_,13.775
_01062_,13.76
_05198_,13.76
_06439_,13.76
_08122_,13.76
_08691_,13.76
_10220_,13.76
_10572_,13.76
_11541_,13.76
_12947_,13.76
_13349_,13.76
_13769_,13.76
_13883_,13.76
_05046_,13.75
_07882_,13.75
_02156_,13.74
_10269_,13.74
_13439_,13.74
u_s2.delay_line_im\[0\]\[15\],13.74
_01164_,13.72
_02847_,13.72
_04545_,13.72
_05243_,13.72
_05608_,13.72
_08126_,13.72
_11426_,13.72
_03367_,13.7
_11403_,13.7
_09387_,13.69
_04608_,13.68
_07156_,13.68
_08724_,13.68
_09192_,13.68
_11981_,13.68
_03511_,13.66
_06741_,13.66
_09433_,13.66
_12458_,13.66
u_s2.delay_line_re\[2\]\[2\],13.66
u_s3.delay_line_re\[0\]\[8\],13.66
_11515_,13.655
_10615_,13.645
_04041_,13.64
_05890_,13.64
_06391_,13.64
_09621_,13.64
_09976_,13.64
_11381_,13.64
_12577_,13.64
_13763_,13.64
u_s3.delay_line_im\[0\]\[1\],13.64
u_s3.delay_line_im\[1\]\[4\],13.64
_01636_,13.62
_02858_,13.62
_04133_,13.62
_04220_,13.62
_13360_,13.62
_04979_,13.61
_01304_,13.6
_04668_,13.6
_04946_,13.6
_07850_,13.6
_08147_,13.6
_09294_,13.6
_10040_,13.6
_12071_,13.6
_13405_,13.6
_13719_,13.6
_00744_,13.58
_03399_,13.58
_10089_,13.58
_11355_,13.58
_11498_,13.58
_12283_,13.58
_04862_,13.56
_05611_,13.56
_07083_,13.56
_12748_,13.56
_01669_,13.54
_02016_,13.54
_02677_,13.54
_03094_,13.54
_04084_,13.54
_04140_,13.54
_09206_,13.54
_11707_,13.54
_13210_,13.54
u_s2.delay_line_re\[2\]\[11\],13.54
_00659_,13.52
_02641_,13.52
_05134_,13.52
_11547_,13.52
_14311_,13.52
_00872_,13.51
_00865_,13.5
_02830_,13.5
_03503_,13.5
_04984_,13.5
_11632_,13.5
_12280_,13.5
_12333_,13.5
_14294_,13.5
u_s3.delay_line_im\[0\]\[15\],13.5
_01154_,13.48
_08232_,13.48
_14157_,13.48
_00861_,13.475
_00941_,13.47
_00769_,13.46
_01348_,13.46
_04228_,13.46
_05271_,13.46
_11811_,13.46
u_s2.delay_line_im\[1\]\[14\],13.46
u_s2.delay_line_re\[2\]\[6\],13.46
_10626_,13.45
_02986_,13.44
_08360_,13.44
_09044_,13.44
_10333_,13.44
_11602_,13.44
_11970_,13.44
_13671_,13.44
_12075_,13.43
_00951_,13.42
_01189_,13.42
_02886_,13.42
u_s2.delay_line_re\[3\]\[8\],13.42
_01057_,13.4
_04856_,13.4
_09980_,13.4
_12605_,13.4
_00834_,13.38
_01926_,13.38
_02910_,13.38
_07795_,13.38
_08410_,13.38
_10308_,13.38
_11055_,13.38
_14265_,13.38
_00902_,13.36
_01975_,13.36
_03095_,13.36
_03933_,13.36
_07127_,13.36
_07216_,13.36
_01138_,13.34
_02306_,13.34
_02785_,13.32
_09006_,13.32
_12403_,13.32
_13087_,13.32
_13368_,13.32
_05644_,13.31
_02748_,13.3
_03115_,13.3
_03410_,13.3
_05413_,13.3
_06025_,13.3
_08598_,13.3
_09200_,13.3
_11208_,13.3
_01841_,13.28
_02170_,13.28
_05523_,13.28
_05592_,13.28
_05995_,13.28
_08168_,13.28
u_s2.delay_line_re\[1\]\[7\],13.28
u_s3.delay_line_im\[0\]\[7\],13.28
_00538_,13.26
_02769_,13.26
_05735_,13.26
_06636_,13.26
_07734_,13.26
_08220_,13.26
_11846_,13.26
_12142_,13.26
_14185_,13.26
_02689_,13.24
_09864_,13.24
u_s2.delay_line_im\[1\]\[11\],13.24
u_s2.delay_line_re\[3\]\[7\],13.24
_00378_,13.22
_05173_,13.22
_05256_,13.22
_07019_,13.22
_11525_,13.22
_11544_,13.22
net104,13.22
_00910_,13.2
_03638_,13.2
_06000_,13.2
_06772_,13.2
_00600_,13.18
_01351_,13.18
_02065_,13.18
_02439_,13.18
_03762_,13.18
_04122_,13.18
_05368_,13.18
_07733_,13.18
_07943_,13.18
_08107_,13.18
_09273_,13.18
_11519_,13.18
_11739_,13.18
_12003_,13.18
_12046_,13.18
_14102_,13.18
_11225_,13.16
_11669_,13.16
_12242_,13.16
_02087_,13.14
_03926_,13.14
_07241_,13.14
_07497_,13.14
_07791_,13.14
_08479_,13.14
_13494_,13.14
u_s2.delay_line_re\[1\]\[15\],13.14
_04215_,13.125
_03508_,13.12
_13669_,13.12
u_s1.delay_line_re\[5\]\[4\],13.12
_02007_,13.1
_03624_,13.1
_03883_,13.1
_07232_,13.1
_08460_,13.1
_10219_,13.1
_11497_,13.1
_12664_,13.1
_12749_,13.1
_12817_,13.1
u_s1.delay_line_im\[5\]\[6\],13.1
_12147_,13.095
_03693_,13.09
_01958_,13.08
_02337_,13.08
_02722_,13.08
_02934_,13.08
_03968_,13.08
_05282_,13.08
_05485_,13.08
_05613_,13.08
_09972_,13.08
_12555_,13.08
_13475_,13.08
u_s2.delay_line_im\[2\]\[15\],13.08
u_s2.delay_line_re\[3\]\[5\],13.08
u_s3.delay_line_re\[0\]\[9\],13.08
_06796_,13.06
_10329_,13.06
_11443_,13.06
_12151_,13.06
_12753_,13.06
_12995_,13.06
_00866_,13.04
_01727_,13.04
_04011_,13.04
_05453_,13.04
_06455_,13.04
_06740_,13.04
_08653_,13.04
_09500_,13.04
_10623_,13.04
_13552_,13.04
u_s1.delay_line_im\[6\]\[6\],13.04
_03963_,13.03
_02445_,13.02
_03765_,13.02
_10193_,13.02
_02307_,13
_02391_,13
_03183_,13
_03407_,13
_04025_,13
_04208_,13
_12522_,13
_13591_,13
_13923_,13
_05099_,12.98
_09508_,12.98
_09534_,12.98
_11736_,12.98
_00624_,12.96
_00786_,12.96
_01015_,12.96
_02893_,12.96
_04374_,12.96
_04999_,12.96
_05895_,12.96
_07407_,12.96
_09070_,12.96
_10273_,12.96
_10764_,12.96
_11665_,12.96
_11884_,12.96
_12419_,12.96
_13211_,12.96
_12059_,12.95
_06704_,12.94
_07938_,12.94
_10312_,12.94
_10765_,12.94
_02591_,12.92
_04309_,12.92
_04385_,12.92
_08914_,12.92
_11648_,12.92
_11681_,12.92
_12130_,12.9
_13046_,12.9
_14237_,12.9
_13162_,12.89
_02991_,12.88
_04063_,12.88
_05083_,12.88
_05295_,12.88
_11495_,12.88
_11727_,12.88
_13685_,12.88
_02688_,12.86
_02774_,12.86
_04457_,12.86
u_s2.delay_line_re\[0\]\[8\],12.86
_11075_,12.855
_00873_,12.84
_01192_,12.84
_03046_,12.84
_03894_,12.84
_05503_,12.84
_07000_,12.84
_08402_,12.84
_09156_,12.84
_11691_,12.84
_13136_,12.84
_04010_,12.82
_09193_,12.815
_07087_,12.8
_07747_,12.8
_12109_,12.8
u_s2.delay_line_re\[3\]\[13\],12.8
_04318_,12.795
_06185_,12.78
_08219_,12.78
_12347_,12.78
_13680_,12.78
u_s1.delay_line_re\[5\]\[13\],12.78
u_s2.delay_line_re\[0\]\[9\],12.78
u_s3.delay_line_im\[0\]\[9\],12.78
_03910_,12.77
_08461_,12.77
_02139_,12.76
_03935_,12.76
_08243_,12.76
_08490_,12.76
_12455_,12.76
_13056_,12.76
_13378_,12.76
_09750_,12.74
_02304_,12.73
_03826_,12.73
_01193_,12.72
_06361_,12.72
_06841_,12.72
_11308_,12.72
_11395_,12.72
_11444_,12.72
_12632_,12.72
_12701_,12.72
_13513_,12.72
in_re[7],12.72
_07792_,12.71
_00561_,12.7
_04320_,12.7
_04677_,12.7
_13250_,12.7
_13653_,12.7
_12584_,12.695
_02667_,12.68
_05100_,12.68
_08679_,12.68
_10470_,12.68
_12127_,12.68
_13709_,12.68
u_s1.delay_line_im\[6\]\[11\],12.68
_01755_,12.66
_02106_,12.66
_04314_,12.66
_05263_,12.66
_06575_,12.66
_09268_,12.66
_09660_,12.66
_10698_,12.66
_13758_,12.66
_04156_,12.64
_07562_,12.64
_07856_,12.64
_08187_,12.64
_11339_,12.64
_11527_,12.64
_11579_,12.64
_13708_,12.64
u_s1.delay_line_im\[6\]\[3\],12.64
_00995_,12.625
_02296_,12.62
_02587_,12.62
_05505_,12.62
_05726_,12.62
_06056_,12.62
_09312_,12.62
_09622_,12.62
_11746_,12.62
_11789_,12.62
_12558_,12.62
_12955_,12.62
_13002_,12.62
_11589_,12.615
_08991_,12.61
_00943_,12.6
_01456_,12.6
_09367_,12.6
_11038_,12.6
_12377_,12.6
_14141_,12.6
u_s2.delay_line_re\[1\]\[12\],12.6
_02017_,12.59
_03726_,12.59
_03135_,12.58
_03250_,12.58
_05004_,12.58
_06696_,12.58
_08132_,12.58
_09251_,12.58
_09262_,12.58
_10236_,12.58
_12591_,12.58
_13055_,12.58
_13063_,12.58
_13441_,12.58
u_s1.delay_line_re\[0\]\[12\],12.58
_04923_,12.575
_03676_,12.56
_06581_,12.56
_07114_,12.56
_10918_,12.56
_00788_,12.54
_02378_,12.54
_02467_,12.54
_02708_,12.54
_05038_,12.54
_07192_,12.54
_09926_,12.54
_12141_,12.54
_13072_,12.54
_13089_,12.54
_00515_,12.52
_08245_,12.52
_09171_,12.52
_00566_,12.5
_00965_,12.5
_01082_,12.5
_01747_,12.5
_03567_,12.5
_04407_,12.5
_04593_,12.5
_05901_,12.5
_06925_,12.5
_07259_,12.5
_08558_,12.5
_08618_,12.5
_08923_,12.5
_08943_,12.5
_09295_,12.5
_09307_,12.5
_10298_,12.5
_10429_,12.5
_12206_,12.5
_09097_,12.49
_00964_,12.48
_03992_,12.48
_04738_,12.48
_06676_,12.48
_07342_,12.48
_07897_,12.48
u_s1.delay_line_im\[0\]\[14\],12.48
_12392_,12.47
_00508_,12.46
_00693_,12.46
_06068_,12.46
_09604_,12.46
_11115_,12.46
_11249_,12.46
_11394_,12.46
_11662_,12.46
_12087_,12.46
_12380_,12.46
_12601_,12.46
_12828_,12.46
u_s1.delay_line_re\[5\]\[12\],12.455
_03902_,12.44
_12509_,12.44
u_s1.delay_line_re\[1\]\[5\],12.44
_03562_,12.42
_03687_,12.42
_03996_,12.42
_10146_,12.42
rst_n,12.41
_04799_,12.4
_08870_,12.4
_12429_,12.4
_12999_,12.4
_01211_,12.38
_04148_,12.38
_07944_,12.38
_09948_,12.38
_11856_,12.38
_13501_,12.38
_00791_,12.36
_03504_,12.36
_05680_,12.36
u_s2.delay_line_re\[2\]\[9\],12.36
_00783_,12.34
_01179_,12.34
_04081_,12.34
_08427_,12.34
_10378_,12.34
_11755_,12.34
_12035_,12.34
_14125_,12.34
_00792_,12.32
u_s1.delay_line_im\[7\]\[3\],12.32
_12186_,12.31
_01671_,12.3
_02159_,12.3
_03091_,12.3
_06043_,12.3
_06916_,12.3
_06931_,12.3
_08587_,12.3
_09344_,12.3
_12343_,12.3
_14440_,12.3
_00764_,12.28
_01632_,12.28
_03664_,12.28
_05135_,12.28
_07945_,12.28
_09721_,12.28
u_s1.delay_line_re\[7\]\[4\],12.28
_01190_,12.27
_02413_,12.26
_03038_,12.26
_04224_,12.26
_04440_,12.26
_07997_,12.26
_09699_,12.26
_13534_,12.26
_01915_,12.24
_02973_,12.24
_05398_,12.24
_07287_,12.24
_08488_,12.24
_09271_,12.24
_11146_,12.24
_12268_,12.24
_13038_,12.24
_13342_,12.24
_13486_,12.24
u_s3.delay_line_re\[1\]\[6\],12.24
_03727_,12.235
_12573_,12.23
_11030_,12.225
_00868_,12.22
_04222_,12.22
_05102_,12.22
_08094_,12.22
_12247_,12.22
_14470_,12.22
_03702_,12.21
_04830_,12.2
_05504_,12.2
_08560_,12.2
_09710_,12.2
_13609_,12.2
_00568_,12.18
_02876_,12.18
_02965_,12.18
_04172_,12.18
_06134_,12.18
_06607_,12.18
_08900_,12.18
_10936_,12.18
_13601_,12.18
_00537_,12.16
_03606_,12.16
_04206_,12.16
_04236_,12.16
_12427_,12.16
_12790_,12.16
_00620_,12.14
_01490_,12.14
_03113_,12.14
_05370_,12.14
_07857_,12.14
_08058_,12.14
_09317_,12.14
_00732_,12.12
_02523_,12.12
_02924_,12.12
_03065_,12.12
_03579_,12.12
_03785_,12.12
_11935_,12.12
_14238_,12.12
u_s2.delay_line_re\[0\]\[11\],12.12
_00858_,12.1
_01959_,12.1
_03295_,12.1
_04422_,12.1
_09109_,12.1
_09252_,12.1
_12452_,12.1
_00393_,12.085
_08589_,12.08
_09346_,12.08
_10008_,12.08
_10600_,12.08
_12373_,12.08
_12527_,12.08
_13512_,12.08
_09757_,12.06
_12187_,12.06
_12668_,12.06
_13151_,12.06
_02905_,12.04
_04865_,12.04
_04885_,12.04
_05994_,12.04
_06458_,12.04
_06901_,12.04
_07766_,12.04
_09594_,12.04
_09758_,12.04
_10383_,12.04
_11188_,12.04
_12801_,12.04
_13462_,12.04
_13589_,12.04
_14146_,12.04
u_s1.delay_line_im\[7\]\[10\],12.04
u_s3.delay_line_im\[0\]\[12\],12.04
_00550_,12.02
_01574_,12.02
_02035_,12.02
_02146_,12.02
_03060_,12.02
_10239_,12.02
_11748_,12.02
_12125_,12.02
_03942_,12.01
_00611_,12
_04985_,12
_09024_,12
_10003_,12
_10023_,12
_12121_,12
_12269_,12
_13437_,12
u_s1.delay_line_im\[4\]\[9\],12
_01827_,11.99
_02676_,11.98
_04017_,11.98
_10132_,11.98
_11313_,11.98
_14195_,11.98
_01484_,11.96
_02008_,11.96
_02691_,11.96
_06331_,11.96
_08820_,11.96
_09302_,11.96
_13694_,11.96
_04074_,11.955
_02914_,11.95
_01880_,11.94
_04302_,11.94
_07488_,11.94
_11899_,11.94
u_s2.delay_line_re\[0\]\[12\],11.94
_02899_,11.93
_04941_,11.93
_05566_,11.93
_01584_,11.92
_02270_,11.92
_03561_,11.92
_06649_,11.92
_07249_,11.92
_08233_,11.92
_11397_,11.92
_11972_,11.92
_12453_,11.92
_13407_,11.92
net78,11.92
_04145_,11.91
_00379_,11.9
_02121_,11.9
_08182_,11.9
_09018_,11.9
_11652_,11.9
u_s2.delay_line_re\[1\]\[10\],11.9
_01809_,11.88
_01941_,11.88
_03604_,11.88
_04161_,11.88
_10928_,11.88
_11251_,11.88
_11845_,11.88
u_s1.delay_line_re\[6\]\[10\],11.88
_02843_,11.86
_11978_,11.86
_00605_,11.84
_03458_,11.84
_05407_,11.84
_06319_,11.84
_06851_,11.84
_10668_,11.84
_12276_,11.84
_12678_,11.84
_02737_,11.82
_03022_,11.82
_04112_,11.82
_06035_,11.82
_07451_,11.82
u_s1.delay_line_re\[2\]\[7\],11.82
_02610_,11.815
_08405_,11.815
_02360_,11.8
_03124_,11.8
_03153_,11.8
_04130_,11.8
_04361_,11.8
_08413_,11.8
_08789_,11.8
_14502_,11.8
_04393_,11.78
_06396_,11.78
_06974_,11.78
_09008_,11.78
_09189_,11.78
_09260_,11.78
_10539_,11.78
_11039_,11.78
_11594_,11.78
_12998_,11.78
_13670_,11.78
_08408_,11.775
_01640_,11.76
_01948_,11.76
_02644_,11.76
_04085_,11.76
_07344_,11.76
_08480_,11.76
_10111_,11.76
net89,11.76
_03363_,11.74
_03557_,11.74
_03632_,11.74
_04283_,11.74
_08208_,11.74
_09400_,11.74
_11711_,11.74
_02901_,11.72
_03197_,11.72
_03600_,11.72
_04802_,11.72
_05469_,11.72
_09365_,11.72
_11418_,11.72
_11430_,11.72
_11718_,11.72
_14459_,11.72
_11215_,11.715
_11873_,11.71
_03917_,11.7
_04176_,11.7
_04794_,11.7
_06013_,11.7
_06969_,11.7
_10608_,11.7
_10977_,11.7
_12814_,11.7
_12857_,11.7
_12921_,11.7
_13548_,11.7
_13757_,11.7
_03099_,11.68
_03109_,11.68
_04212_,11.68
_05067_,11.68
_05634_,11.68
_10217_,11.68
_10328_,11.68
_14077_,11.68
_03369_,11.66
_04789_,11.66
_05114_,11.66
_06659_,11.66
_07447_,11.66
_08327_,11.66
_10153_,11.66
_10185_,11.66
_12146_,11.66
_12893_,11.66
_13453_,11.66
_13605_,11.66
u_s1.delay_line_re\[0\]\[10\],11.66
_08643_,11.64
_10016_,11.64
_10256_,11.64
_10722_,11.64
_12763_,11.635
_03732_,11.625
_02212_,11.62
_02711_,11.62
_03846_,11.62
_07043_,11.62
_07234_,11.62
_07835_,11.62
_09388_,11.62
_10517_,11.62
_11419_,11.62
_11424_,11.62
_12457_,11.62
_13443_,11.62
_14031_,11.62
_14099_,11.62
_12101_,11.61
_00598_,11.6
_00800_,11.6
_00803_,11.6
_01766_,11.6
_04591_,11.6
_06328_,11.6
_10793_,11.6
u_s2.delay_line_re\[2\]\[0\],11.6
_08264_,11.59
_03289_,11.58
_03308_,11.58
_03360_,11.58
_05095_,11.58
_05441_,11.58
_06606_,11.58
_06638_,11.58
_07075_,11.58
_07243_,11.58
_08225_,11.58
_08970_,11.58
_09608_,11.58
_11601_,11.58
_11941_,11.58
_12098_,11.58
_13604_,11.58
_13675_,11.58
u_s1.delay_line_re\[4\]\[3\],11.58
_08713_,11.56
_13428_,11.56
_01759_,11.54
_04149_,11.54
_04340_,11.54
_08818_,11.54
_09194_,11.54
_10690_,11.54
_11436_,11.54
_12002_,11.54
_13413_,11.54
u_s3.delay_line_im\[1\]\[3\],11.54
_00767_,11.53
_01904_,11.52
_07400_,11.52
_09051_,11.52
_11319_,11.52
_11814_,11.52
_13134_,11.52
_13868_,11.52
_12637_,11.51
_01931_,11.5
_02414_,11.5
_03075_,11.5
_03688_,11.5
_03707_,11.5
_06924_,11.5
_07253_,11.5
_11623_,11.5
_12220_,11.5
_12484_,11.5
_13367_,11.5
_09558_,11.48
_02713_,11.46
_04030_,11.46
_04467_,11.46
_05294_,11.46
_08362_,11.46
_09586_,11.46
_10244_,11.46
_10627_,11.46
_11656_,11.46
_01794_,11.44
_11854_,11.44
_12910_,11.44
u_s3.delay_line_re\[1\]\[10\],11.44
_01831_,11.43
_07414_,11.42
_07948_,11.42
_08218_,11.42
_08467_,11.42
_08763_,11.42
_10610_,11.42
_08625_,11.4
_10996_,11.4
_00812_,11.38
_02236_,11.38
_05570_,11.38
_05892_,11.38
_08535_,11.38
_09413_,11.38
_13500_,11.38
_14164_,11.38
_01521_,11.36
_04197_,11.36
_05538_,11.36
_06414_,11.36
_06882_,11.36
_07321_,11.36
_09603_,11.36
_09956_,11.36
_13655_,11.36
_08167_,11.355
_00689_,11.34
_01906_,11.34
_03148_,11.34
_06416_,11.34
_08526_,11.34
_08816_,11.34
_11162_,11.34
_11825_,11.34
_12802_,11.34
_13696_,11.34
_13787_,11.34
_02930_,11.32
_09154_,11.32
_09887_,11.32
_12822_,11.32
_01613_,11.3
_04580_,11.3
_06018_,11.3
_06600_,11.3
_10788_,11.3
_12922_,11.3
_14165_,11.3
net125,11.3
_01542_,11.28
_03226_,11.28
_09946_,11.28
_10032_,11.28
_10196_,11.28
_11627_,11.28
_12669_,11.28
_13427_,11.28
_13736_,11.28
_03744_,11.26
_04525_,11.26
_05341_,11.26
_07154_,11.26
_08649_,11.26
_09781_,11.26
_13463_,11.26
_13849_,11.26
_00031_,11.24
_00606_,11.24
_04032_,11.24
_05044_,11.24
_05767_,11.24
_07006_,11.24
_09609_,11.24
_10760_,11.24
_11000_,11.24
_11177_,11.24
_13756_,11.24
_01706_,11.22
_05237_,11.22
_06207_,11.22
_07369_,11.22
_07661_,11.22
_08851_,11.22
_08871_,11.22
_10713_,11.22
_12340_,11.22
_13776_,11.22
u_s1.delay_line_im\[4\]\[5\],11.22
_02507_,11.21
u_s2.delay_line_im\[0\]\[11\],11.205
_00535_,11.2
_02134_,11.2
_03345_,11.2
_03446_,11.2
_03650_,11.2
_03958_,11.2
_08252_,11.2
_08287_,11.2
_09435_,11.2
_11709_,11.2
_12580_,11.2
_12633_,11.2
u_s1.delay_line_re\[6\]\[2\],11.2
u_s2.delay_line_re\[1\]\[4\],11.2
u_s3.delay_line_re\[0\]\[6\],11.2
_02485_,11.19
_11922_,11.19
_10279_,11.18
_07161_,11.175
_04307_,11.16
_04724_,11.16
_06347_,11.16
_07011_,11.16
_07768_,11.16
_09401_,11.16
_11636_,11.16
_12364_,11.16
_13247_,11.16
_00820_,11.14
_06483_,11.14
_08792_,11.14
_08824_,11.14
_14071_,11.14
in_re[6],11.14
_02526_,11.13
_00237_,11.12
_01177_,11.12
_04819_,11.12
_04967_,11.12
_06357_,11.12
_06852_,11.12
_08035_,11.12
_10058_,11.12
_10237_,11.12
_10387_,11.12
_10986_,11.12
_11876_,11.12
_12354_,11.12
_13565_,11.12
u_s1.delay_line_im\[4\]\[12\],11.12
_02408_,11.115
_12319_,11.115
_12836_,11.115
_01431_,11.1
_04293_,11.1
_04610_,11.1
u_s2.delay_line_re\[0\]\[6\],11.1
_02775_,11.08
_02792_,11.08
_03247_,11.08
_04461_,11.08
_05955_,11.08
_08647_,11.08
_09521_,11.08
_09969_,11.08
_11354_,11.08
_11449_,11.08
_12252_,11.08
_13798_,11.08
u_s1.delay_line_re\[7\]\[9\],11.08
_00669_,11.04
_01049_,11.04
_04642_,11.04
_08949_,11.04
_11377_,11.04
_12698_,11.04
u_s1.delay_line_re\[6\]\[3\],11.04
_02517_,11.035
_00699_,11.02
_02281_,11.02
_02743_,11.02
_11373_,11.02
_12757_,11.02
u_s2.delay_line_re\[0\]\[10\],11.02
u_s1.delay_line_im\[2\]\[4\],11.005
u_s1.delay_line_re\[2\]\[15\],11.005
_00801_,11
_03134_,11
_03449_,11
_05688_,11
_12568_,11
_13743_,11
_14113_,11
u_s3.delay_line_re\[0\]\[13\],11
_00595_,10.98
_02171_,10.98
_10460_,10.98
u_s1.delay_line_im\[5\]\[12\],10.98
_00667_,10.96
_05463_,10.96
_07080_,10.96
_14369_,10.96
u_s1.delay_line_im\[1\]\[4\],10.96
_10177_,10.94
_01894_,10.92
_02338_,10.92
_03292_,10.92
_05705_,10.92
_09083_,10.92
_10496_,10.92
_13496_,10.92
_13830_,10.92
_06162_,10.9
u_s2.delay_line_re\[2\]\[4\],10.9
net115,10.9
_01178_,10.88
_01737_,10.88
_02947_,10.88
_03829_,10.88
_03928_,10.88
_05544_,10.88
_06881_,10.88
_09856_,10.88
_09907_,10.88
_12935_,10.88
_13734_,10.88
_14081_,10.88
in_re[4],10.88
_04286_,10.86
_07760_,10.86
_09261_,10.86
_10932_,10.86
_11778_,10.86
_12171_,10.86
_00757_,10.84
_01583_,10.84
_03142_,10.84
_03386_,10.84
_03627_,10.84
_05298_,10.84
_10291_,10.84
_10616_,10.84
_13702_,10.84
u_s1.delay_line_im\[3\]\[10\],10.84
u_s1.delay_line_re\[5\]\[14\],10.84
_13231_,10.83
_02021_,10.82
_02233_,10.82
_02977_,10.82
_03865_,10.82
_07122_,10.82
_09581_,10.82
_12204_,10.82
_12742_,10.82
u_s3.delay_line_re\[0\]\[12\],10.82
_02461_,10.8
_02970_,10.8
_03751_,10.8
_04039_,10.8
_06457_,10.8
_06729_,10.8
_08683_,10.8
_09338_,10.8
_12726_,10.8
_13045_,10.8
_10617_,10.79
u_s1.delay_line_re\[3\]\[7\],10.785
_01028_,10.78
_01934_,10.78
_02036_,10.78
_02323_,10.78
_04194_,10.78
_04527_,10.78
_05361_,10.78
_07118_,10.78
_08238_,10.78
_11282_,10.78
_12173_,10.78
_12960_,10.78
_13218_,10.78
_10507_,10.77
_03990_,10.76
_04449_,10.76
_08842_,10.76
_12277_,10.76
u_s2.delay_line_re\[2\]\[13\],10.76
_12074_,10.755
_00959_,10.74
_01962_,10.74
_03867_,10.74
_03974_,10.74
_07524_,10.74
_10277_,10.74
_10660_,10.74
_10887_,10.74
_11318_,10.74
_12596_,10.74
_13177_,10.74
_00724_,10.72
_03149_,10.72
_03533_,10.72
_06107_,10.72
_07048_,10.72
_07641_,10.72
_08144_,10.72
_10190_,10.72
_10959_,10.72
u_s1.delay_line_re\[0\]\[14\],10.72
u_s1.delay_line_re\[2\]\[5\],10.72
_03484_,10.71
_00818_,10.7
_01059_,10.7
_01981_,10.7
_02415_,10.7
_03119_,10.7
_04250_,10.7
_04419_,10.7
_05247_,10.7
_05497_,10.7
_06442_,10.7
_08888_,10.7
_08889_,10.7
_10905_,10.7
_11943_,10.7
_13381_,10.7
_13782_,10.7
_03542_,10.68
_04767_,10.68
_06585_,10.68
_10717_,10.68
_11134_,10.68
in_im[13],10.68
in_re[14],10.68
_07055_,10.675
_13309_,10.67
_00582_,10.66
_01235_,10.66
_03014_,10.66
_05270_,10.66
_05696_,10.66
_06988_,10.66
_07024_,10.66
_07589_,10.66
_08313_,10.66
_09419_,10.66
_09692_,10.66
_10203_,10.66
_12399_,10.66
_12691_,10.66
_13213_,10.66
_11666_,10.65
_00823_,10.64
_01186_,10.64
_03913_,10.64
_06698_,10.64
_11745_,10.64
_11787_,10.64
_12060_,10.64
_12235_,10.64
_01147_,10.62
_02656_,10.62
_02832_,10.62
_03035_,10.62
_04170_,10.62
_04929_,10.62
_07086_,10.62
_08201_,10.62
_08366_,10.62
_09445_,10.62
_10370_,10.62
_10504_,10.62
_10915_,10.62
_11613_,10.62
_11667_,10.62
_12053_,10.62
_12528_,10.62
_12640_,10.62
_12783_,10.62
u_s1.delay_line_im\[3\]\[13\],10.62
_01496_,10.6
_08305_,10.6
_10385_,10.6
_14134_,10.6
u_s2.delay_line_re\[1\]\[8\],10.6
u_s3.delay_line_re\[1\]\[3\],10.6
_04304_,10.59
_00310_,10.58
_03309_,10.58
_03767_,10.58
_04675_,10.58
_09705_,10.58
_10704_,10.58
_11246_,10.58
_11730_,10.58
u_s3.delay_line_im\[1\]\[5\],10.58
_02054_,10.56
_02583_,10.56
_08654_,10.56
_10055_,10.56
_11123_,10.56
_04403_,10.555
_04146_,10.54
_04301_,10.54
_04606_,10.54
_05186_,10.54
_06602_,10.54
_08000_,10.54
_08015_,10.54
_08311_,10.54
_08350_,10.54
_08581_,10.54
_09780_,10.54
_11058_,10.54
_12959_,10.54
_13041_,10.54
_13506_,10.54
_02040_,10.52
_08248_,10.52
_09258_,10.52
_01508_,10.5
_03076_,10.5
_03689_,10.5
_03798_,10.5
_05630_,10.5
_08146_,10.5
_08912_,10.5
_10090_,10.5
_10395_,10.5
_12410_,10.5
u_s2.delay_line_re\[0\]\[15\],10.5
_04303_,10.495
_01871_,10.48
_09215_,10.48
u_s1.delay_line_im\[4\]\[8\],10.48
_01058_,10.46
_01405_,10.46
_04102_,10.46
_04577_,10.46
_04804_,10.46
_06344_,10.46
_08528_,10.46
_09369_,10.46
_09764_,10.46
_09869_,10.46
_10971_,10.46
_11019_,10.46
_11756_,10.46
u_s1.delay_line_im\[2\]\[0\],10.445
_04177_,10.44
_07620_,10.44
_07939_,10.44
_11824_,10.44
_12506_,10.44
_05327_,10.43
_06913_,10.43
_01214_,10.42
_02123_,10.42
_02345_,10.42
_02509_,10.42
_03592_,10.42
_03866_,10.42
_05116_,10.42
_08127_,10.42
_08364_,10.42
_11482_,10.42
_12873_,10.42
in_im[4],10.42
in_im[8],10.42
in_re[11],10.42
in_re[5],10.42
u_s1.delay_line_im\[4\]\[14\],10.42
u_s1.delay_line_re\[0\]\[9\],10.42
u_s2.delay_line_im\[0\]\[6\],10.42
_08181_,10.41
_01183_,10.4
_01486_,10.4
_01979_,10.4
_02919_,10.4
_04235_,10.4
_06348_,10.4
_07459_,10.4
_08543_,10.4
_08680_,10.4
_09168_,10.4
_09404_,10.4
_09759_,10.4
_10434_,10.4
_10672_,10.4
_10783_,10.4
_12953_,10.4
_13613_,10.4
_04193_,10.395
_01182_,10.38
_02547_,10.38
_05078_,10.38
_09763_,10.38
_11784_,10.38
u_s1.delay_line_re\[1\]\[14\],10.38
_00900_,10.36
_01932_,10.36
_02883_,10.36
_03170_,10.36
_03709_,10.36
_04377_,10.36
_05728_,10.36
_09496_,10.36
_10028_,10.36
_10596_,10.36
_11467_,10.36
_12322_,10.36
_13246_,10.36
_04997_,10.34
_08626_,10.34
_10418_,10.34
_12539_,10.34
_13488_,10.34
_13741_,10.34
out_re[10],10.34
_01055_,10.32
_03062_,10.32
_04007_,10.32
_05959_,10.32
_07677_,10.32
_08069_,10.32
_11330_,10.32
_11988_,10.32
out_im[12],10.32
out_re[3],10.32
out_re[4],10.32
out_re[5],10.32
out_re[6],10.32
_02624_,10.3
_04131_,10.3
_04528_,10.3
_05554_,10.3
_09707_,10.3
_11091_,10.3
_11767_,10.3
_11901_,10.3
_12661_,10.3
_13290_,10.3
_00745_,10.28
_01770_,10.28
_02061_,10.28
_05405_,10.28
_06783_,10.28
_08446_,10.28
_08886_,10.28
_09096_,10.28
_09300_,10.28
_10070_,10.28
u_s2.delay_line_im\[3\]\[13\],10.28
_03433_,10.26
_04548_,10.26
_06421_,10.26
net76,10.26
_00768_,10.255
_04090_,10.255
_01834_,10.24
_03172_,10.24
_03273_,10.24
_03886_,10.24
_04532_,10.24
_04913_,10.24
_05292_,10.24
_05743_,10.24
_07600_,10.24
_09706_,10.24
_10723_,10.24
_11172_,10.24
_12386_,10.24
_13469_,10.24
u_s3.delay_line_im\[1\]\[15\],10.24
_03514_,10.22
_12379_,10.22
_12837_,10.22
_13319_,10.22
_13865_,10.22
_00594_,10.2
_01414_,10.2
_01802_,10.2
_02217_,10.2
_05000_,10.2
_05579_,10.2
_05584_,10.2
_05624_,10.2
_06779_,10.2
_06910_,10.2
_09501_,10.2
_09737_,10.2
_09799_,10.2
_11882_,10.2
_13155_,10.2
_13348_,10.2
u_s1.delay_line_re\[6\]\[4\],10.2
u_s2.delay_line_im\[2\]\[13\],10.2
_01341_,10.18
_01933_,10.18
_02693_,10.18
_03402_,10.18
_03929_,10.18
_03953_,10.18
_04002_,10.18
_05447_,10.18
_05517_,10.18
_06230_,10.18
_09149_,10.18
_10012_,10.18
_11661_,10.18
_12845_,10.18
_07785_,10.175
_00597_,10.16
_01035_,10.16
_01482_,10.16
_04617_,10.16
_10120_,10.16
_10682_,10.16
_11047_,10.16
_11124_,10.16
_11324_,10.16
_12124_,10.16
_14427_,10.16
u_s1.delay_line_re\[7\]\[15\],10.16
u_s3.delay_line_re\[1\]\[4\],10.16
_02099_,10.14
_05970_,10.14
_06070_,10.14
_11209_,10.14
_12245_,10.14
_12901_,10.14
u_s2.delay_line_im\[0\]\[7\],10.14
_03366_,10.12
_04383_,10.12
_05257_,10.12
_06757_,10.12
_10155_,10.12
_10607_,10.12
_11408_,10.12
_11496_,10.12
_11906_,10.12
_13131_,10.12
in_im[12],10.11
_01135_,10.1
_01611_,10.1
_04874_,10.1
_04893_,10.1
_05480_,10.1
_05916_,10.1
_05974_,10.1
_07435_,10.1
_10584_,10.1
_11615_,10.1
_12705_,10.1
_00477_,10.08
_00608_,10.08
_01310_,10.08
_01722_,10.08
_02349_,10.08
_02894_,10.08
_04098_,10.08
_05578_,10.08
_05797_,10.08
_06967_,10.08
_07403_,10.08
_07858_,10.08
_08244_,10.08
_08716_,10.08
_09474_,10.08
_10925_,10.08
_11641_,10.08
_12607_,10.08
_13408_,10.08
u_s1.delay_line_im\[0\]\[12\],10.08
u_s1.delay_line_re\[0\]\[11\],10.08
net138,10.08
_09067_,10.06
_10695_,10.06
_11606_,10.06
_12236_,10.06
_12335_,10.06
u_s1.delay_line_im\[5\]\[10\],10.06
_06962_,10.05
_04578_,10.04
_04882_,10.04
_05464_,10.04
_05493_,10.04
_05665_,10.04
_07255_,10.04
_08111_,10.04
_08790_,10.04
_09004_,10.04
_09180_,10.04
_04117_,10.02
_06055_,10.02
_09942_,10.02
u_s3.delay_line_re\[0\]\[1\],10.02
_13139_,10.01
_04762_,10
_04915_,10
_06858_,10
_07033_,10
_10112_,10
_10498_,10
_10687_,10
_11959_,10
_12489_,9.99
_00855_,9.98
_02211_,9.98
_02374_,9.98
_04015_,9.98
_05051_,9.98
_05061_,9.98
_08822_,9.98
_11219_,9.98
_13232_,9.98
_13728_,9.98
_00952_,9.96
_01408_,9.96
_02925_,9.96
_07973_,9.96
_10186_,9.96
_10942_,9.96
_11258_,9.96
_11294_,9.96
_11577_,9.96
_11708_,9.96
_12400_,9.96
_13033_,9.96
_13485_,9.96
u_s3.delay_line_im\[1\]\[11\],9.96
_00415_,9.94
_00704_,9.94
_01150_,9.94
_05839_,9.94
_06760_,9.94
_07020_,9.94
_07885_,9.94
_08221_,9.94
_08673_,9.94
_09073_,9.94
_09531_,9.94
_09921_,9.94
_11749_,9.94
_12865_,9.94
_01813_,9.92
_06020_,9.92
_08081_,9.92
_09788_,9.92
_10435_,9.92
_12394_,9.92
_13018_,9.92
_13295_,9.92
_13514_,9.92
_06899_,9.915
_02480_,9.91
_00843_,9.9
_00849_,9.9
_01334_,9.9
_03848_,9.9
_08322_,9.9
_08956_,9.9
_09021_,9.9
_11697_,9.9
_11710_,9.9
_12037_,9.9
_13647_,9.9
u_s1.delay_line_re\[1\]\[15\],9.9
_00808_,9.88
_00896_,9.88
_01236_,9.88
_02647_,9.88
_05124_,9.88
_06629_,9.88
_06985_,9.88
_08881_,9.88
_13091_,9.88
_13135_,9.88
u_s3.delay_line_re\[0\]\[2\],9.88
_01762_,9.86
_03039_,9.86
_03528_,9.86
_04239_,9.86
_04325_,9.86
_06287_,9.86
_06697_,9.86
_08448_,9.86
_09922_,9.86
_10363_,9.86
_10531_,9.86
_11298_,9.86
_11362_,9.86
_11494_,9.86
_11670_,9.86
_12284_,9.86
_13217_,9.86
_04345_,9.85
_00622_,9.84
_01756_,9.84
_02354_,9.84
_02897_,9.84
_06744_,9.84
_08628_,9.84
_10706_,9.84
_11069_,9.84
_11933_,9.84
_07957_,9.83
_00643_,9.825
_01159_,9.82
_03904_,9.82
_04442_,9.82
_04688_,9.82
_05113_,9.82
_09520_,9.82
_10357_,9.82
_10737_,9.82
_11359_,9.82
_12538_,9.82
_12770_,9.82
_13717_,9.82
_13785_,9.82
_05005_,9.8
_06403_,9.8
_06702_,9.8
_06793_,9.8
_09524_,9.8
_09768_,9.79
_00836_,9.78
_02779_,9.78
_02783_,9.78
_05426_,9.78
_05687_,9.78
_08523_,9.78
_09774_,9.78
_10732_,9.78
_11528_,9.78
u_s1.delay_line_im\[4\]\[11\],9.78
u_s1.delay_line_re\[5\]\[9\],9.78
_05387_,9.76
_08037_,9.76
_08049_,9.76
_08595_,9.76
_11353_,9.76
_12251_,9.76
_00935_,9.74
_02045_,9.74
_04816_,9.74
_04972_,9.74
_07030_,9.74
_08455_,9.74
_11248_,9.74
_13243_,9.74
_13497_,9.74
u_s1.delay_line_im\[0\]\[3\],9.74
_01729_,9.735
_02223_,9.72
_02664_,9.72
_02854_,9.72
_03144_,9.72
_03506_,9.72
_07834_,9.72
_08059_,9.72
_08375_,9.72
_08635_,9.72
_10138_,9.72
_11457_,9.72
_12670_,9.72
_13016_,9.72
_13718_,9.72
_04196_,9.715
_12040_,9.715
_09240_,9.71
_01599_,9.7
_02351_,9.7
_02440_,9.7
_02613_,9.7
_02954_,9.7
_03836_,9.7
_04483_,9.7
_08927_,9.7
_10200_,9.7
_11132_,9.7
_12867_,9.7
_13385_,9.7
_13731_,9.7
u_s1.delay_line_re\[0\]\[1\],9.7
_09612_,9.695
_00111_,9.68
_05867_,9.68
_07242_,9.68
_11523_,9.68
u_s2.delay_line_im\[1\]\[1\],9.68
u_s3.delay_line_im\[1\]\[8\],9.68
_00986_,9.66
_01417_,9.66
_02444_,9.66
_03657_,9.66
_10127_,9.66
_10757_,9.66
_12192_,9.66
_13117_,9.66
_14151_,9.66
_12067_,9.655
_12306_,9.655
_00805_,9.64
_01185_,9.64
_03047_,9.64
_03587_,9.64
_04023_,9.64
_06394_,9.64
_08475_,9.64
_11696_,9.64
_01589_,9.63
_02941_,9.62
_04758_,9.62
_05268_,9.62
_08825_,9.62
_09176_,9.62
_12437_,9.62
_13279_,9.62
_13306_,9.62
_13698_,9.62
_00909_,9.615
_02105_,9.6
_02129_,9.6
_03529_,9.6
_09723_,9.6
_12743_,9.6
_13862_,9.6
u_s1.delay_line_re\[4\]\[13\],9.6
_02162_,9.58
_03388_,9.58
_03861_,9.58
_07871_,9.58
_08600_,9.58
_09773_,9.58
_11413_,9.58
_11533_,9.58
_12043_,9.58
_13502_,9.58
_14482_,9.58
u_s2.delay_line_im\[2\]\[0\],9.58
_00949_,9.56
_01076_,9.56
u_s2.delay_line_im\[2\]\[3\],9.56
in_im[11],9.55
in_re[0],9.55
_02662_,9.54
_04484_,9.54
_05488_,9.54
_10794_,9.54
_10982_,9.54
_12699_,9.54
_12808_,9.54
_13452_,9.54
_13821_,9.54
_09151_,9.535
_14224_,9.53
_02543_,9.52
_03965_,9.52
_04708_,9.52
_06831_,9.52
_06891_,9.52
_08361_,9.52
_08930_,9.52
_09075_,9.52
_11446_,9.52
_12421_,9.52
_13859_,9.52
u_s2.delay_line_im\[0\]\[0\],9.52
_03877_,9.51
_05053_,9.51
_09471_,9.505
_01290_,9.5
_02657_,9.5
_03918_,9.5
_04620_,9.5
_05353_,9.5
_05412_,9.5
_06468_,9.5
_07208_,9.5
_08328_,9.5
_10604_,9.5
_11350_,9.5
_12812_,9.5
_13332_,9.5
_13383_,9.5
_13474_,9.5
u_s3.delay_line_re\[1\]\[12\],9.5
_00930_,9.48
_02266_,9.48
_03209_,9.48
_04262_,9.48
_04470_,9.48
_04643_,9.48
_05794_,9.48
_09987_,9.48
_11940_,9.48
_12270_,9.48
_13691_,9.48
_13805_,9.48
_13831_,9.48
_14027_,9.48
_14145_,9.48
_01807_,9.46
_03054_,9.46
_04948_,9.46
_07387_,9.46
_07545_,9.46
_08557_,9.46
_10005_,9.46
_12086_,9.46
u_s1.delay_line_im\[5\]\[3\],9.46
_02006_,9.455
_03916_,9.45
_12047_,9.445
_04418_,9.44
_04925_,9.44
_05312_,9.44
_06824_,9.44
_07365_,9.44
_07999_,9.44
_09382_,9.44
_09875_,9.44
_13012_,9.44
u_s2.delay_line_im\[1\]\[13\],9.44
u_s3.delay_line_re\[0\]\[7\],9.44
_02533_,9.42
_05420_,9.42
_05475_,9.42
_05701_,9.42
_06630_,9.42
_09000_,9.42
_11948_,9.42
_13355_,9.42
_13686_,9.42
_13688_,9.42
_11501_,9.415
_00193_,9.4
_00960_,9.4
_03477_,9.4
_03655_,9.4
_03830_,9.4
_04106_,9.4
_04242_,9.4
_04702_,9.4
_05363_,9.4
_05669_,9.4
_07350_,9.4
_09680_,9.4
_10049_,9.4
_10311_,9.4
_12256_,9.4
out_im[13],9.4
out_im[1],9.4
out_im[3],9.4
out_im[4],9.4
out_im[8],9.4
out_re[11],9.4
net113,9.4
_01580_,9.38
_02128_,9.38
_02603_,9.38
_03678_,9.38
_05423_,9.38
_09427_,9.38
_09836_,9.38
_12024_,9.38
_13227_,9.38
_13612_,9.38
u_s2.delay_line_re\[3\]\[0\],9.38
_00687_,9.36
_00889_,9.36
_01594_,9.36
_01648_,9.36
_01870_,9.36
_02511_,9.36
_03253_,9.36
_03420_,9.36
_04690_,9.36
_05872_,9.36
_07115_,9.36
_07566_,9.36
_08708_,9.36
_10204_,9.36
_10530_,9.36
_11135_,9.36
_11688_,9.36
_12554_,9.36
_14458_,9.36
u_s2.delay_line_im\[2\]\[4\],9.36
_02492_,9.34
_02623_,9.34
_03850_,9.34
_12559_,9.34
_00413_,9.32
_03634_,9.32
_05540_,9.32
_10130_,9.32
_11447_,9.32
_12712_,9.32
_13132_,9.32
_13215_,9.32
_13916_,9.32
u_s4.delay_line_re\[0\]\[10\],9.32
_04083_,9.3
_08296_,9.3
_13630_,9.3
_01343_,9.29
_10998_,9.29
_02287_,9.28
_03101_,9.28
_04791_,9.28
_04841_,9.28
_04842_,9.28
_06398_,9.28
_07573_,9.28
_08093_,9.28
_11908_,9.28
_13643_,9.28
_14156_,9.28
u_s3.delay_line_im\[0\]\[3\],9.28
_13553_,9.27
_01050_,9.26
_01064_,9.26
_01430_,9.26
_01982_,9.26
_02219_,9.26
_08511_,9.26
_09056_,9.26
_09743_,9.26
_10999_,9.26
_11236_,9.26
_00205_,9.24
_01527_,9.24
_01986_,9.24
_02929_,9.24
_03551_,9.24
_03911_,9.24
_04368_,9.24
_06316_,9.24
_06923_,9.24
_07214_,9.24
_07658_,9.24
_08304_,9.24
_09740_,9.24
_09762_,9.24
_10029_,9.24
_10379_,9.24
_12967_,9.24
_13803_,9.24
u_s1.delay_line_re\[4\]\[1\],9.24
u_s3.delay_line_im\[1\]\[7\],9.24
_02617_,9.22
_02853_,9.22
_05874_,9.22
_12917_,9.22
u_s3.delay_line_re\[1\]\[13\],9.22
_00246_,9.2
_05672_,9.2
_11184_,9.2
_13207_,9.2
_07272_,9.18
_07401_,9.18
_08982_,9.18
_10443_,9.18
_10702_,9.18
_12044_,9.18
_09161_,9.17
_00847_,9.16
_01394_,9.16
_01529_,9.16
_01661_,9.16
_02772_,9.16
_04111_,9.16
_05228_,9.16
_08365_,9.16
_10430_,9.16
_10678_,9.16
_11976_,9.16
_12409_,9.16
_12300_,9.155
_10491_,9.15
_02449_,9.14
_08793_,9.14
_08960_,9.14
_09238_,9.14
_09385_,9.14
_09547_,9.14
_09997_,9.14
_10505_,9.14
_13029_,9.14
_14428_,9.14
_01528_,9.13
_03102_,9.12
_03617_,9.12
_04388_,9.12
_04531_,9.12
_04711_,9.12
_05385_,9.12
_07018_,9.12
_07567_,9.12
_08070_,9.12
_08619_,9.12
_08890_,9.12
_10647_,9.12
_11506_,9.12
_11512_,9.12
u_s2.delay_line_re\[0\]\[4\],9.12
u_s3.delay_line_im\[0\]\[8\],9.12
u_s2.delay_line_im\[1\]\[12\],9.1
_02250_,9.09
_05629_,9.08
_06010_,9.08
_07700_,9.08
_09313_,9.08
_10173_,9.08
_13411_,9.08
_02567_,9.06
_03167_,9.06
_09523_,9.06
_09957_,9.06
_10080_,9.06
_11195_,9.06
_11761_,9.06
_12890_,9.06
_13062_,9.06
_13296_,9.06
net53,9.06
_04499_,9.05
_01401_,9.04
_01984_,9.04
_02319_,9.04
_03522_,9.04
_03667_,9.04
_05392_,9.04
_07546_,9.04
_07632_,9.04
_08449_,9.04
_09653_,9.04
_11555_,9.04
_12137_,9.04
u_s1.delay_line_im\[6\]\[12\],9.04
_02305_,9.02
_02566_,9.02
_03186_,9.02
_03513_,9.02
_03580_,9.02
_04706_,9.02
_05299_,9.02
_07201_,9.02
_07983_,9.02
_09025_,9.02
_09131_,9.02
_09172_,9.02
_09560_,9.02
_09766_,9.02
_11331_,9.02
_12201_,9.02
_12406_,9.02
u_s3.delay_line_re\[0\]\[3\],9.02
_01458_,9
_02292_,9
_04916_,9
_07496_,9
_08928_,9
_09876_,9
_10495_,9
_10666_,9
_13127_,9
u_s2.delay_line_im\[2\]\[8\],9
_01452_,8.98
_05148_,8.98
_05438_,8.98
_05601_,8.98
_08170_,8.98
_08217_,8.98
_09927_,8.98
_10546_,8.98
_12918_,8.98
_13843_,8.98
_00754_,8.96
_02590_,8.96
_02690_,8.96
_03608_,8.96
_10597_,8.96
_11742_,8.96
_12110_,8.96
out_im[5],8.96
out_im[9],8.96
out_re[14],8.96
out_re[2],8.96
out_re[7],8.96
_00756_,8.94
_01518_,8.94
_02320_,8.94
_03630_,8.94
_04308_,8.94
_05356_,8.94
_06983_,8.94
_09139_,8.94
_10477_,8.94
_11001_,8.94
_11022_,8.94
_11107_,8.94
_12872_,8.94
_13358_,8.94
_13391_,8.94
_13582_,8.94
_14503_,8.94
u_s1.delay_line_im\[0\]\[6\],8.94
u_s4.delay_line_im\[0\]\[6\],8.94
_12246_,8.93
_00636_,8.92
_02586_,8.92
_02978_,8.92
_06773_,8.92
_08067_,8.92
_09065_,8.92
_09270_,8.92
_09549_,8.92
_10978_,8.92
_11238_,8.92
_12222_,8.92
_12542_,8.92
_13206_,8.92
_01893_,8.9
_01924_,8.9
_02033_,8.9
_02308_,8.9
_02616_,8.9
_02670_,8.9
_03199_,8.9
_03255_,8.9
_03260_,8.9
_03626_,8.9
_03936_,8.9
_04375_,8.9
_04494_,8.9
_05161_,8.9
_08915_,8.9
_10159_,8.9
_10232_,8.9
_10391_,8.9
_10909_,8.9
_11880_,8.9
_12711_,8.9
_13390_,8.9
_13773_,8.9
_13974_,8.9
u_s1.delay_line_re\[3\]\[15\],8.9
_06557_,8.88
_06598_,8.88
_10758_,8.88
_13311_,8.88
_13973_,8.88
_03087_,8.86
_03975_,8.86
_04513_,8.86
_04530_,8.86
_06614_,8.86
_10018_,8.86
_10636_,8.86
_10972_,8.86
_13818_,8.86
_13990_,8.86
_01038_,8.84
_05026_,8.84
_05460_,8.84
_10251_,8.84
_10521_,8.84
_13190_,8.84
_13587_,8.84
_13738_,8.84
_14166_,8.84
_04363_,8.83
_00753_,8.82
_01288_,8.82
_04778_,8.82
_05417_,8.82
_06588_,8.82
_07522_,8.82
_08419_,8.82
_08875_,8.82
_10197_,8.82
_11253_,8.82
_11470_,8.82
_12860_,8.82
_14158_,8.82
_14481_,8.82
u_s1.delay_line_im\[6\]\[7\],8.82
net136,8.82
_02012_,8.8
_04101_,8.8
_09274_,8.8
_10052_,8.8
_11631_,8.8
_12932_,8.8
u_s2.delay_line_re\[1\]\[6\],8.8
net72,8.8
_00151_,8.78
_01232_,8.78
_02833_,8.78
_03596_,8.78
_03790_,8.78
_04741_,8.78
_08332_,8.78
_09689_,8.78
_09909_,8.78
_10158_,8.78
_10467_,8.78
_11768_,8.78
_12144_,8.78
_12490_,8.78
_13316_,8.78
_13596_,8.78
_13730_,8.78
u_s1.delay_line_re\[4\]\[2\],8.78
u_s2.delay_line_im\[2\]\[10\],8.78
u_s2.delay_line_re\[1\]\[14\],8.78
u_s3.delay_line_re\[0\]\[10\],8.78
_11108_,8.76
_11678_,8.76
_12540_,8.76
u_s3.delay_line_im\[0\]\[10\],8.76
_03842_,8.74
_04143_,8.74
_06002_,8.74
_08533_,8.74
_10730_,8.74
_14097_,8.74
_14152_,8.74
_02585_,8.72
_02680_,8.72
_07474_,8.72
_08755_,8.72
_09211_,8.72
_12308_,8.72
_13352_,8.72
in_im[2],8.72
in_re[10],8.72
in_re[2],8.72
u_s2.delay_line_im\[1\]\[3\],8.72
u_s2.delay_line_re\[3\]\[3\],8.72
_12281_,8.71
_00540_,8.7
_01816_,8.7
_02714_,8.7
_04298_,8.7
_05335_,8.7
_05543_,8.7
_06509_,8.7
_06739_,8.7
_06785_,8.7
_07009_,8.7
_08191_,8.7
_08317_,8.7
_10444_,8.7
_11864_,8.7
_12424_,8.7
_12436_,8.7
u_s4.delay_line_re\[0\]\[7\],8.7
_08924_,8.695
_02145_,8.68
_04188_,8.68
_05870_,8.68
_06961_,8.68
_10150_,8.68
_12293_,8.68
u_s1.delay_line_im\[4\]\[4\],8.68
u_s1.delay_line_im\[5\]\[11\],8.68
_00706_,8.66
_02108_,8.66
_03817_,8.66
_04113_,8.66
_04344_,8.66
_06635_,8.66
_09990_,8.66
_09992_,8.66
_10263_,8.66
_11037_,8.66
_13013_,8.66
_13586_,8.66
_14480_,8.66
u_s1.delay_line_im\[1\]\[13\],8.66
_01463_,8.62
_01681_,8.62
_02136_,8.62
_04656_,8.62
_10188_,8.62
_13614_,8.62
net135,8.62
_01067_,8.61
_10570_,8.61
en,8.61
in_im[1],8.61
in_im[9],8.61
_02056_,8.6
_02645_,8.6
_03007_,8.6
_04546_,8.6
_06349_,8.6
_06855_,8.6
_06994_,8.6
_08359_,8.6
_09684_,8.6
_10075_,8.6
_10746_,8.6
_10804_,8.6
_11166_,8.6
_11239_,8.6
_11619_,8.6
_11865_,8.6
_13147_,8.6
_13657_,8.6
_13689_,8.6
u_s1.delay_line_im\[6\]\[8\],8.6
u_s2.delay_line_im\[1\]\[5\],8.6
_04589_,8.59
_13872_,8.59
_00984_,8.58
_02133_,8.58
_02754_,8.58
_02795_,8.58
_03283_,8.58
_04560_,8.58
_05609_,8.58
_06747_,8.58
_07333_,8.58
_08237_,8.58
_08979_,8.58
_09611_,8.58
_10057_,8.58
_10904_,8.58
_11346_,8.58
_11407_,8.58
_11877_,8.58
_12305_,8.58
_14479_,8.58
_04880_,8.575
_00012_,8.56
_00044_,8.56
_00158_,8.56
_01760_,8.56
_02258_,8.56
_02393_,8.56
_02937_,8.56
_04203_,8.56
_06795_,8.56
_06918_,8.56
_06950_,8.56
_07968_,8.56
_08493_,8.56
_08634_,8.56
_09267_,8.56
_09456_,8.56
_10903_,8.56
_11581_,8.56
_12266_,8.56
_12475_,8.56
_13001_,8.56
_13533_,8.56
_14495_,8.56
_06726_,8.54
_07257_,8.54
_10646_,8.54
_10649_,8.54
_13844_,8.54
u_s3.delay_line_re\[0\]\[11\],8.54
_00040_,8.52
_03024_,8.52
_04012_,8.52
_04065_,8.52
_04537_,8.52
_06100_,8.52
_06353_,8.52
_08603_,8.52
_10820_,8.52
_11094_,8.52
_11624_,8.52
_11800_,8.52
_12900_,8.52
_13122_,8.52
_12244_,8.51
_02766_,8.5
_04022_,8.5
_06037_,8.5
_07635_,8.5
_08898_,8.5
_11389_,8.5
_13181_,8.5
_13804_,8.5
u_s2.delay_line_im\[0\]\[12\],8.5
_03711_,8.495
_11142_,8.49
_00852_,8.48
_02685_,8.48
_03084_,8.48
_03684_,8.48
_04334_,8.48
_06432_,8.48
_08887_,8.48
_09316_,8.48
_09681_,8.48
_10084_,8.48
_10468_,8.48
_10842_,8.48
_11045_,8.48
_12005_,8.48
_12586_,8.48
_13491_,8.48
_13793_,8.48
_13957_,8.48
_14084_,8.48
u_s1.delay_line_im\[0\]\[8\],8.48
net106,8.48
_02032_,8.46
_02238_,8.46
_02821_,8.46
_03660_,8.46
_04087_,8.46
_05049_,8.46
_06325_,8.46
_08330_,8.46
_08371_,8.46
_09525_,8.46
_09973_,8.46
_10683_,8.46
_11374_,8.46
_11471_,8.46
_11548_,8.46
_11783_,8.46
_13051_,8.46
_13886_,8.46
u_s3.delay_line_re\[1\]\[8\],8.46
_10317_,8.455
_01446_,8.44
_01672_,8.44
_02093_,8.44
_04013_,8.44
_04294_,8.44
_04406_,8.44
_04482_,8.44
_04682_,8.44
_04774_,8.44
_04859_,8.44
_05188_,8.44
_05820_,8.44
_05838_,8.44
_06912_,8.44
_08661_,8.44
_10648_,8.44
_10763_,8.44
_11130_,8.44
_11327_,8.44
_11411_,8.44
_11993_,8.44
_12337_,8.44
_13064_,8.44
_13095_,8.44
_13344_,8.44
_14002_,8.44
_14018_,8.44
net116,8.44
_04515_,8.42
_08657_,8.42
_10451_,8.42
_10644_,8.42
_11305_,8.42
_12345_,8.42
_01688_,8.4
_01910_,8.4
_02489_,8.4
_03278_,8.4
_04671_,8.4
_05788_,8.4
_06799_,8.4
_10497_,8.4
_13755_,8.4
_03540_,8.38
_03858_,8.38
_03987_,8.38
_04052_,8.38
_04139_,8.38
_08098_,8.38
_09977_,8.38
_11626_,8.38
_11659_,8.38
_12545_,8.38
in_re[3],8.38
u_s2.delay_line_im\[1\]\[15\],8.38
_09533_,8.37
_10557_,8.365
_05694_,8.36
_06888_,8.36
_08052_,8.36
_08383_,8.36
_09798_,8.36
_09986_,8.36
_10139_,8.36
_11398_,8.36
_11685_,8.36
_12936_,8.36
_13318_,8.36
u_s1.delay_line_re\[6\]\[14\],8.36
_11079_,8.355
_00824_,8.34
_05003_,8.34
_06452_,8.34
_08130_,8.34
_09080_,8.34
_09639_,8.34
_11194_,8.34
_11891_,8.34
_13252_,8.34
_13972_,8.34
_14285_,8.34
u_s2.delay_line_im\[3\]\[2\],8.34
u_s3.delay_line_im\[1\]\[1\],8.34
_03474_,8.33
_02318_,8.32
_03806_,8.32
_04544_,8.32
_04584_,8.32
_04836_,8.32
_08596_,8.32
_08897_,8.32
_08953_,8.32
_09337_,8.32
_09598_,8.32
_10320_,8.32
_13254_,8.32
_14087_,8.32
u_s1.delay_line_im\[2\]\[6\],8.32
u_s2.delay_line_re\[0\]\[13\],8.32
u_s3.delay_line_re\[1\]\[9\],8.32
net142,8.32
_00284_,8.305
_10431_,8.305
u_s3.delay_line_im\[0\]\[11\],8.3
_05729_,8.28
_07252_,8.28
_08731_,8.28
_09084_,8.28
_11406_,8.28
in_re[12],8.27
_03021_,8.26
_10529_,8.26
_10659_,8.26
_11329_,8.26
_12418_,8.26
_12671_,8.26
_14499_,8.26
_11587_,8.245
_00983_,8.24
_01019_,8.24
_01973_,8.24
_02579_,8.24
_03581_,8.24
_04655_,8.24
_04712_,8.24
_04962_,8.24
_08175_,8.24
_09136_,8.24
_09920_,8.24
_10406_,8.24
_10766_,8.24
_11370_,8.24
_11938_,8.24
_12216_,8.24
_12700_,8.24
_12913_,8.24
_13059_,8.24
_13393_,8.24
_14082_,8.24
_00029_,8.22
_00278_,8.22
_00784_,8.22
_03485_,8.22
_04652_,8.22
_05452_,8.22
u_s1.delay_line_im\[4\]\[6\],8.22
u_s2.delay_line_re\[2\]\[7\],8.22
_02866_,8.2
_03312_,8.2
_04722_,8.2
_05211_,8.2
_05645_,8.2
_07561_,8.2
_09649_,8.2
_09687_,8.2
_09968_,8.2
_12030_,8.2
_12566_,8.2
_12609_,8.2
_12766_,8.2
_04042_,8.16
_07260_,8.16
_12126_,8.16
_14153_,8.16
_00583_,8.14
_01319_,8.14
_02637_,8.14
_03096_,8.14
_05439_,8.14
_05612_,8.14
_06240_,8.14
_06339_,8.14
_09659_,8.14
_11299_,8.14
_12531_,8.14
_12906_,8.14
_01162_,8.12
_01453_,8.12
_03437_,8.12
_04064_,8.12
_04524_,8.12
_07426_,8.12
_07554_,8.12
_07694_,8.12
_08348_,8.12
_08827_,8.12
_09010_,8.12
_09072_,8.12
_09429_,8.12
_10412_,8.12
u_s1.delay_line_im\[6\]\[5\],8.12
_08704_,8.115
u_s3.delay_line_im\[1\]\[9\],8.11
_00060_,8.1
_00187_,8.1
_00987_,8.1
_01103_,8.1
_02498_,8.1
_02715_,8.1
_03835_,8.1
_03909_,8.1
_03978_,8.1
_04498_,8.1
_04535_,8.1
_04539_,8.1
_05069_,8.1
_05622_,8.1
_05869_,8.1
_06086_,8.1
_06222_,8.1
_06827_,8.1
_07975_,8.1
_09399_,8.1
_09806_,8.1
_10791_,8.1
_10900_,8.1
_10914_,8.1
_11689_,8.1
_12903_,8.1
_13648_,8.1
_04919_,8.08
_05163_,8.08
_06603_,8.08
_07502_,8.08
_13388_,8.08
u_s1.delay_line_im\[2\]\[1\],8.08
u_s2.delay_line_re\[2\]\[10\],8.08
_03146_,8.06
_06593_,8.06
_06721_,8.06
_10160_,8.06
_11480_,8.06
_12450_,8.06
u_s4.delay_line_re\[0\]\[11\],8.06
_01935_,8.04
_05456_,8.04
_05574_,8.04
_05875_,8.04
_07133_,8.04
_10535_,8.04
_11822_,8.04
out_im[0],8.04
out_im[11],8.04
out_re[13],8.04
out_re[15],8.04
_02327_,8.03
_12208_,8.03
_00758_,8.02
_01444_,8.02
_01627_,8.02
_02018_,8.02
_03030_,8.02
_03232_,8.02
_03912_,8.02
_04369_,8.02
_04409_,8.02
_04475_,8.02
_04648_,8.02
_05787_,8.02
_05792_,8.02
_05821_,8.02
_07991_,8.02
_08033_,8.02
_08211_,8.02
_08817_,8.02
_08836_,8.02
_09081_,8.02
_09546_,8.02
_09739_,8.02
_10064_,8.02
_10787_,8.02
_11871_,8.02
_12058_,8.02
_13068_,8.02
_13592_,8.02
_14132_,8.02
u_s4.delay_line_im\[0\]\[14\],8.02
_11960_,8.015
_11032_,8.01
_04099_,8
_05372_,8
_05534_,8
_09195_,8
_09853_,8
_09905_,8
_11843_,8
_00305_,7.98
_01131_,7.98
_01213_,7.98
_02019_,7.98
_02771_,7.98
_03472_,7.98
_03964_,7.98
_04357_,7.98
_04425_,7.98
_04602_,7.98
_04628_,7.98
_04691_,7.98
_06695_,7.98
_06900_,7.98
_06968_,7.98
_07251_,7.98
_07972_,7.98
_08522_,7.98
_08606_,7.98
_09125_,7.98
_09431_,7.98
_09650_,7.98
_09871_,7.98
_10067_,7.98
_11580_,7.98
_11628_,7.98
_11810_,7.98
_12383_,7.98
_12396_,7.98
_12401_,7.98
_12468_,7.98
_12854_,7.98
_12866_,7.98
_13272_,7.98
_13899_,7.98
_14383_,7.98
u_s2.delay_line_im\[2\]\[11\],7.98
_02738_,7.96
_02888_,7.96
_13237_,7.96
_03229_,7.94
_03482_,7.94
_04713_,7.94
_06437_,7.94
_10685_,7.94
_02184_,7.925
_01133_,7.92
_01259_,7.92
_02674_,7.92
_02782_,7.92
_03852_,7.92
_07935_,7.92
_08235_,7.92
_08690_,7.92
_09207_,7.92
_11193_,7.92
_11925_,7.92
_12886_,7.92
_13185_,7.92
_02902_,7.91
_07053_,7.91
_12119_,7.91
_00502_,7.9
_00890_,7.9
_01128_,7.9
_01566_,7.9
_01635_,7.9
_01945_,7.9
_02059_,7.9
_02333_,7.9
_02344_,7.9
_02348_,7.9
_02545_,7.9
_06887_,7.9
_07501_,7.9
_07880_,7.9
_08501_,7.9
_09203_,7.9
_09248_,7.9
_09384_,7.9
_10056_,7.9
_10510_,7.9
_10525_,7.9
_10621_,7.9
_11278_,7.9
_11608_,7.9
_11630_,7.9
_12108_,7.9
_12980_,7.9
_13498_,7.9
_13504_,7.9
_13625_,7.9
_13852_,7.9
u_s1.delay_line_re\[6\]\[12\],7.9
_01146_,7.88
_01314_,7.88
_07108_,7.88
_09007_,7.88
_09898_,7.88
_13637_,7.88
_13654_,7.88
_01560_,7.86
_01951_,7.86
_02405_,7.86
_03017_,7.86
_04190_,7.86
_04684_,7.86
_06867_,7.86
_07052_,7.86
_07837_,7.86
_08473_,7.86
_08751_,7.86
_10490_,7.86
_13768_,7.86
_14443_,7.86
u_s1.delay_line_im\[1\]\[3\],7.86
u_s2.delay_line_re\[2\]\[12\],7.86
net108,7.86
_03919_,7.855
_03112_,7.84
_11791_,7.84
in_im[10],7.83
_00294_,7.825
_13930_,7.82
_04586_,7.81
_00619_,7.8
_01703_,7.8
_03470_,7.8
_05386_,7.8
_08750_,7.8
_11918_,7.8
_13097_,7.8
_11983_,7.79
_01769_,7.78
_02767_,7.78
_02827_,7.78
_02962_,7.78
_03799_,7.78
_04571_,7.78
_04828_,7.78
_05422_,7.78
_05949_,7.78
_09374_,7.78
_10409_,7.78
_10652_,7.78
_11754_,7.78
_12474_,7.78
_13035_,7.78
_13507_,7.78
_14327_,7.78
_00108_,7.76
_06314_,7.76
_07940_,7.76
_08030_,7.76
_11096_,7.76
_14375_,7.76
_08955_,7.75
_00688_,7.74
_02253_,7.74
_03010_,7.74
_05020_,7.74
_09436_,7.74
_10576_,7.74
_11154_,7.74
_11514_,7.74
_11984_,7.74
_12298_,7.74
_13515_,7.74
_13682_,7.74
_14407_,7.74
_14430_,7.74
u_s2.delay_line_im\[0\]\[8\],7.735
_00612_,7.72
_12088_,7.71
_02235_,7.7
_02646_,7.7
_03945_,7.7
_05219_,7.7
_09212_,7.7
_10079_,7.7
_11566_,7.7
_12411_,7.7
u_s1.delay_line_re\[7\]\[12\],7.7
_08781_,7.695
_04699_,7.69
_00629_,7.68
_01265_,7.68
_02375_,7.68
_02521_,7.68
_03857_,7.68
_05647_,7.68
_06119_,7.68
_06590_,7.68
_08567_,7.68
_08693_,7.68
_09749_,7.68
_09863_,7.68
_09982_,7.68
_11301_,7.68
_13559_,7.68
_13937_,7.68
_01478_,7.66
_01832_,7.66
_02044_,7.66
_03143_,7.66
_04061_,7.66
_04576_,7.66
_05207_,7.66
_07373_,7.66
_07794_,7.66
_08063_,7.66
_08638_,7.66
_09315_,7.66
_09415_,7.66
_09434_,7.66
_10266_,7.66
_10341_,7.66
_10438_,7.66
_12652_,7.66
_13238_,7.66
_13314_,7.66
_13744_,7.66
u_s1.delay_line_im\[2\]\[2\],7.66
u_s1.delay_line_im\[5\]\[14\],7.66
_04459_,7.655
_00047_,7.64
_00106_,7.64
_00989_,7.64
_02913_,7.64
_03710_,7.64
_03976_,7.64
_04399_,7.64
_04550_,7.64
_04588_,7.64
_04597_,7.64
_04614_,7.64
_05537_,7.64
_05781_,7.64
_06634_,7.64
_07032_,7.64
_07468_,7.64
_07598_,7.64
_08174_,7.64
_08288_,7.64
_09468_,7.64
_09879_,7.64
_10191_,7.64
_10348_,7.64
_10397_,7.64
_10809_,7.64
_10884_,7.64
_11487_,7.64
_12272_,7.64
_12463_,7.64
_13326_,7.64
_13448_,7.64
_13470_,7.64
_13522_,7.64
_13989_,7.64
_14374_,7.64
u_s3.delay_line_im\[1\]\[10\],7.64
u_s3.delay_line_im\[1\]\[13\],7.64
_02732_,7.635
_05221_,7.62
_13171_,7.62
_01347_,7.61
_06780_,7.61
_13679_,7.61
_03206_,7.6
_03647_,7.6
_04119_,7.6
_05761_,7.6
_06884_,7.6
_07385_,7.6
_07484_,7.6
_09153_,7.6
_10824_,7.6
_01810_,7.58
_02275_,7.58
_03825_,7.58
_05445_,7.58
_05918_,7.58
_07571_,7.58
_07813_,7.58
_09551_,7.58
_10651_,7.58
_10934_,7.58
_11929_,7.58
_12034_,7.58
_13384_,7.58
_12544_,7.565
_00451_,7.56
_00970_,7.56
_01847_,7.56
_02524_,7.56
_02582_,7.56
_03771_,7.56
_05462_,7.56
_05898_,7.56
_06082_,7.56
_06120_,7.56
_06144_,7.56
_06823_,7.56
_07107_,7.56
_08395_,7.56
_08712_,7.56
_09904_,7.56
_10475_,7.56
_10671_,7.56
_10834_,7.56
_11090_,7.56
_11870_,7.56
_12170_,7.56
_13304_,7.56
_13476_,7.56
_13912_,7.56
_13940_,7.56
_12330_,7.555
_03154_,7.545
_00903_,7.54
_01145_,7.54
_01489_,7.54
_01731_,7.54
_02206_,7.54
_02276_,7.54
_02470_,7.54
_02628_,7.54
_03915_,7.54
_04109_,7.54
_08469_,7.54
_08872_,7.54
_09201_,7.54
_09725_,7.54
_10183_,7.54
_11545_,7.54
_11973_,7.54
_12049_,7.54
u_s1.delay_line_re\[7\]\[10\],7.54
_00953_,7.52
_01927_,7.52
_01974_,7.52
_02234_,7.52
_04279_,7.52
_04348_,7.52
_04654_,7.52
_04674_,7.52
_04851_,7.52
_05614_,7.52
_06299_,7.52
_06915_,7.52
_08068_,7.52
_09013_,7.52
_09495_,7.52
_09513_,7.52
_10380_,7.52
_10640_,7.52
_10885_,7.52
_11513_,7.52
_11583_,7.52
_11639_,7.52
_12363_,7.52
_12488_,7.52
_13085_,7.52
_13454_,7.52
_13711_,7.52
_13986_,7.52
_14086_,7.52
u_s1.delay_line_re\[4\]\[9\],7.52
u_s3.delay_line_im\[0\]\[6\],7.52
u_s3.delay_line_re\[1\]\[14\],7.52
net107,7.52
_02723_,7.5
_03782_,7.5
_03949_,7.5
_10711_,7.5
_11729_,7.5
_13751_,7.5
_04465_,7.49
_08118_,7.49
_11610_,7.49
_05745_,7.48
_06493_,7.48
_10688_,7.48
_10785_,7.48
_10865_,7.48
_00875_,7.46
_01498_,7.46
_05679_,7.46
_07076_,7.46
_07886_,7.46
_10180_,7.46
_11314_,7.46
_11509_,7.46
_11560_,7.46
_12076_,7.46
_13557_,7.46
_13684_,7.46
_12332_,7.45
_00648_,7.44
_00760_,7.44
_00809_,7.44
_01901_,7.44
_03080_,7.44
_03136_,7.44
_03403_,7.44
_04128_,7.44
_04438_,7.44
_05081_,7.44
_05539_,7.44
_07946_,7.44
_08944_,7.44
_09412_,7.44
_09428_,7.44
_09592_,7.44
_09884_,7.44
_10414_,7.44
_11599_,7.44
_12789_,7.44
_13146_,7.44
_13172_,7.44
_13386_,7.44
net143,7.44
_06809_,7.42
_09593_,7.42
_11376_,7.42
_12172_,7.42
_12435_,7.42
_12759_,7.42
_13762_,7.42
_00735_,7.4
_01966_,7.4
_02697_,7.4
_03129_,7.4
_03434_,7.4
_04707_,7.4
_04989_,7.4
_05255_,7.4
_08133_,7.4
_11273_,7.4
_11296_,7.4
_11815_,7.4
_12048_,7.4
_12113_,7.4
_12571_,7.4
_13705_,7.4
_14409_,7.4
_10286_,7.355
_09339_,7.35
_10293_,7.35
_03633_,7.34
_03954_,7.34
_08862_,7.34
_09420_,7.34
_12702_,7.34
_13881_,7.34
_14117_,7.34
u_s1.delay_line_im\[5\]\[7\],7.34
_11524_,7.335
_13665_,7.335
_00848_,7.32
_01040_,7.32
_01462_,7.32
_02496_,7.32
_02634_,7.32
_02923_,7.32
_02953_,7.32
_03582_,7.32
_04747_,7.32
_05351_,7.32
_07906_,7.32
_08396_,7.32
_09198_,7.32
_11306_,7.32
_11698_,7.32
_12001_,7.32
_13593_,7.32
_13626_,7.32
_13690_,7.32
_13871_,7.32
u_s1.delay_line_re\[7\]\[13\],7.32
_02527_,7.315
_00079_,7.3
_11603_,7.3
_01303_,7.28
_02225_,7.28
_04379_,7.28
_05031_,7.28
_08104_,7.28
_08880_,7.28
_10708_,7.28
_11645_,7.28
_11919_,7.28
_13160_,7.28
u_s1.delay_line_im\[3\]\[3\],7.28
_00381_,7.26
_01608_,7.25
_03843_,7.25
in_im[0],7.25
_01680_,7.24
_06267_,7.24
_06400_,7.24
_07016_,7.24
_07763_,7.24
_08424_,7.24
_08498_,7.24
_09035_,7.24
_11967_,7.24
_12560_,7.24
_13225_,7.24
_13558_,7.24
_13861_,7.24
_13920_,7.24
_13933_,7.24
_14323_,7.24
_14445_,7.24
_01592_,7.22
_02658_,7.22
_03006_,7.22
_03486_,7.22
_04552_,7.22
_05006_,7.22
_05296_,7.22
_05568_,7.22
_05582_,7.22
_05811_,7.22
_05813_,7.22
_06461_,7.22
_08368_,7.22
_09078_,7.22
_09354_,7.22
_09417_,7.22
_09536_,7.22
_10283_,7.22
_10574_,7.22
_10815_,7.22
_10879_,7.22
_10883_,7.22
_11869_,7.22
_12162_,7.22
_12852_,7.22
_13320_,7.22
_13797_,7.22
_13981_,7.22
_14105_,7.22
_14444_,7.22
_01296_,7.2
_03331_,7.2
_04609_,7.2
_04869_,7.2
_05377_,7.2
_05651_,7.2
_05691_,7.2
_06752_,7.2
_07022_,7.2
_08282_,7.2
_08454_,7.2
_08608_,7.2
_09717_,7.2
_10582_,7.2
_10816_,7.2
_11923_,7.2
_12355_,7.2
_12495_,7.2
_12720_,7.2
_12869_,7.2
_13356_,7.2
u_s1.delay_line_re\[7\]\[11\],7.2
_00141_,7.18
_00144_,7.18
_01485_,7.18
_02317_,7.18
_03071_,7.18
_04881_,7.18
_05868_,7.18
_05911_,7.18
_06291_,7.18
_06497_,7.18
_06656_,7.18
_07444_,7.18
_08620_,7.18
_09880_,7.18
_10351_,7.18
_11817_,7.18
_13576_,7.18
_13968_,7.18
u_s4.delay_line_im\[0\]\[9\],7.18
net74,7.18
_03064_,7.16
_03451_,7.16
_06982_,7.16
_08095_,7.16
_03776_,7.155
_05410_,7.15
_02620_,7.14
_04479_,7.14
_12715_,7.14
_14121_,7.14
_01808_,7.12
_02459_,7.12
_03131_,7.12
_04067_,7.12
_04118_,7.12
_05877_,7.12
_06050_,7.12
_06121_,7.12
_06748_,7.12
_06926_,7.12
_08013_,7.12
_08466_,7.12
_09900_,7.12
_12611_,7.12
_14039_,7.12
_00093_,7.1
_00614_,7.1
_00765_,7.1
_00795_,7.1
_00891_,7.1
_01447_,7.1
_02064_,7.1
_02102_,7.1
_02272_,7.1
_03100_,7.1
_05084_,7.1
_05106_,7.1
_05625_,7.1
_05793_,7.1
_05819_,7.1
_06038_,7.1
_06133_,7.1
_06251_,7.1
_06479_,7.1
_06580_,7.1
_06716_,7.1
_07685_,7.1
_08491_,7.1
_08612_,7.1
_09357_,7.1
_09398_,7.1
_10105_,7.1
_10121_,7.1
_10231_,7.1
_10392_,7.1
_10797_,7.1
_10832_,7.1
_10833_,7.1
_11151_,7.1
_11402_,7.1
_11640_,7.1
_11805_,7.1
_12784_,7.1
_13725_,7.1
_14021_,7.1
_14041_,7.1
_14469_,7.1
_00239_,7.08
_00601_,7.08
_01442_,7.08
_02570_,7.08
_07372_,7.08
_08530_,7.08
_08861_,7.08
_09410_,7.08
_01812_,7.06
_02269_,7.06
_02482_,7.06
_03497_,7.06
_03616_,7.06
_04240_,7.06
_04342_,7.06
_04607_,7.06
_04686_,7.06
_04971_,7.06
_05094_,7.06
_06027_,7.06
_06818_,7.06
_07477_,7.06
_07481_,7.06
_07870_,7.06
_08868_,7.06
_08925_,7.06
_09340_,7.06
_09587_,7.06
_10268_,7.06
_10403_,7.06
_10407_,7.06
_10780_,7.06
_10976_,7.06
_11716_,7.06
_13116_,7.06
_13794_,7.06
_13900_,7.06
_14042_,7.06
u_s1.delay_line_re\[6\]\[11\],7.06
_04754_,7.04
_03683_,7.035
_12422_,7.03
_11170_,7.02
_05682_,7
_06192_,7
_06333_,7
_06350_,7
_08412_,7
_11357_,7
_12054_,7
_12068_,7
_13334_,7
_14094_,7
u_s2.delay_line_im\[1\]\[0\],7
_02088_,6.98
_02372_,6.98
_02515_,6.98
_02869_,6.98
_03701_,6.98
_04153_,6.98
_04651_,6.98
_04730_,6.98
_04960_,6.98
_04988_,6.98
_06435_,6.98
_06502_,6.98
_06775_,6.98
_07010_,6.98
_07409_,6.98
_07472_,6.98
_08342_,6.98
_08390_,6.98
_08414_,6.98
_09541_,6.98
_10550_,6.98
_10967_,6.98
_11011_,6.98
_12006_,6.98
_12899_,6.98
_13078_,6.98
u_s2.delay_line_re\[1\]\[11\],6.98
net112,6.98
_01052_,6.96
_02481_,6.96
_05432_,6.96
_05588_,6.96
_05662_,6.96
_11994_,6.96
_12189_,6.955
_00307_,6.94
_00638_,6.94
_01391_,6.94
_01905_,6.94
_02450_,6.94
_03282_,6.94
_05411_,6.94
_06929_,6.94
_07190_,6.94
_08200_,6.94
_09671_,6.94
_09930_,6.94
_10549_,6.94
_12180_,6.94
_13234_,6.94
_14376_,6.94
net137,6.94
_00771_,6.92
_12725_,6.92
_00750_,6.91
_09891_,6.91
in_re[9],6.91
_01477_,6.9
_06264_,6.9
_13301_,6.9
_00482_,6.88
_03376_,6.88
_06993_,6.88
_10676_,6.88
_11360_,6.88
_11813_,6.88
u_s1.delay_line_re\[4\]\[10\],6.88
_10109_,6.87
_00308_,6.86
_00751_,6.86
_01262_,6.86
_01311_,6.86
_01342_,6.86
_01836_,6.86
_02331_,6.86
_03768_,6.86
_04055_,6.86
_05403_,6.86
_05443_,6.86
_05516_,6.86
_05532_,6.86
_06488_,6.86
_06632_,6.86
_07833_,6.86
_08057_,6.86
_08409_,6.86
_08791_,6.86
_09060_,6.86
_09244_,6.86
_09971_,6.86
_10569_,6.86
_11173_,6.86
_11504_,6.86
_11622_,6.86
_12168_,6.86
_12505_,6.86
_12738_,6.86
_12772_,6.86
_13532_,6.86
_13627_,6.86
_13676_,6.86
u_s3.delay_line_im\[0\]\[14\],6.86
_00954_,6.84
_01017_,6.84
_05181_,6.84
_12365_,6.84
_03781_,6.82
_09613_,6.82
_13499_,6.82
_13415_,6.795
_13750_,6.79
_01074_,6.78
_02922_,6.78
_03631_,6.78
_04168_,6.78
_04768_,6.78
_05138_,6.78
_05313_,6.78
_05654_,6.78
_06730_,6.78
_07109_,6.78
_08341_,6.78
_08358_,6.78
_08723_,6.78
_11213_,6.78
_11747_,6.78
_12069_,6.78
_13148_,6.78
_13638_,6.78
net93,6.78
net117,6.78
_00046_,6.76
_01321_,6.76
_01843_,6.76
_01872_,6.76
_01950_,6.76
_02882_,6.76
_03353_,6.76
_03414_,6.76
_03740_,6.76
_03837_,6.76
_04605_,6.76
_04629_,6.76
_04760_,6.76
_04871_,6.76
_05521_,6.76
_05815_,6.76
_05882_,6.76
_06129_,6.76
_06247_,6.76
_06282_,6.76
_07491_,6.76
_07538_,6.76
_08718_,6.76
_10537_,6.76
_10805_,6.76
_11138_,6.76
_11947_,6.76
_11989_,6.76
_12210_,6.76
_12525_,6.76
_12653_,6.76
_12704_,6.76
_12861_,6.76
_12914_,6.76
_13193_,6.76
_13955_,6.76
u_s1.delay_line_im\[3\]\[6\],6.76
u_s1.delay_line_re\[5\]\[1\],6.76
net120,6.76
_03050_,6.755
_03518_,6.74
_04138_,6.74
_04909_,6.74
_07280_,6.74
_07926_,6.74
_07928_,6.74
_08622_,6.74
_09726_,6.74
_09827_,6.74
_10413_,6.74
_13120_,6.74
_13166_,6.74
_13258_,6.74
_13846_,6.74
_05657_,6.735
_11287_,6.73
_01247_,6.72
_01610_,6.72
_01758_,6.72
_02310_,6.72
_02325_,6.72
_02423_,6.72
_02781_,6.72
_04180_,6.72
_04764_,6.72
_04777_,6.72
_04903_,6.72
_05799_,6.72
_05801_,6.72
_05807_,6.72
_06099_,6.72
_06106_,6.72
_06252_,6.72
_06289_,6.72
_07049_,6.72
_07729_,6.72
_08370_,6.72
_08474_,6.72
_08823_,6.72
_09499_,6.72
_09889_,6.72
_10258_,6.72
_10567_,6.72
_10831_,6.72
_10837_,6.72
_10881_,6.72
_11119_,6.72
_11420_,6.72
_12273_,6.72
_12407_,6.72
_12855_,6.72
_12859_,6.72
_13566_,6.72
_13618_,6.72
_13994_,6.72
_14043_,6.72
_14046_,6.72
_14085_,6.72
_14092_,6.72
_00142_,6.7
_04637_,6.7
_07640_,6.7
_09236_,6.7
_10907_,6.7
_09834_,6.695
_04983_,6.67
_08162_,6.67
_02255_,6.66
_02274_,6.66
_03048_,6.66
_03088_,6.66
_04796_,6.66
_05631_,6.66
_07213_,6.66
_07967_,6.66
_08336_,6.66
_08846_,6.66
_09538_,6.66
_10691_,6.66
_11178_,6.66
_11770_,6.66
_11958_,6.66
_12105_,6.66
_13191_,6.66
_13531_,6.66
_14022_,6.66
_14161_,6.66
_01651_,6.64
_02048_,6.64
_02631_,6.64
_02770_,6.64
_02911_,6.64
_03162_,6.64
_03341_,6.64
_04879_,6.64
_05001_,6.64
_05153_,6.64
_05479_,6.64
_05809_,6.64
_05889_,6.64
_06168_,6.64
_06187_,6.64
_06244_,6.64
_06843_,6.64
_07809_,6.64
_08773_,6.64
_09250_,6.64
_09557_,6.64
_09779_,6.64
_10365_,6.64
_10485_,6.64
_10731_,6.64
_11332_,6.64
_12557_,6.64
_13269_,6.64
_13598_,6.64
_14019_,6.64
_14331_,6.64
u_s1.delay_line_im\[0\]\[13\],6.64
_00869_,6.62
_01780_,6.62
_03507_,6.62
_04689_,6.62
_05137_,6.62
_05274_,6.62
_08316_,6.62
_08882_,6.62
_09069_,6.62
_12384_,6.62
_12520_,6.62
_00651_,6.61
_00057_,6.6
_00521_,6.6
_02341_,6.6
_03002_,6.6
_03118_,6.6
_03599_,6.6
_04274_,6.6
_04276_,6.6
_04291_,6.6
_04951_,6.6
_04952_,6.6
_05556_,6.6
_05619_,6.6
_05626_,6.6
_05957_,6.6
_06228_,6.6
_07506_,6.6
_08135_,6.6
_10253_,6.6
_10332_,6.6
_10396_,6.6
_10484_,6.6
_10605_,6.6
_10743_,6.6
_10854_,6.6
_10990_,6.6
_11169_,6.6
_11752_,6.6
_12033_,6.6
_12118_,6.6
_12391_,6.6
_13114_,6.6
_14013_,6.6
u_s2.delay_line_im\[2\]\[6\],6.6
_12622_,6.59
_03375_,6.58
_05478_,6.58
_07836_,6.58
u_s3.delay_line_re\[0\]\[15\],6.58
_13509_,6.57
_05024_,6.55
_01738_,6.54
_05602_,6.54
_05707_,6.54
_09442_,6.54
_10060_,6.54
_12051_,6.54
u_s2.delay_line_re\[0\]\[3\],6.54
_00778_,6.52
_00897_,6.52
_01151_,6.52
_01412_,6.52
_01526_,6.52
_01735_,6.52
_02412_,6.52
_03900_,6.52
_04221_,6.52
_04500_,6.52
_07475_,6.52
_08071_,6.52
_08786_,6.52
_09916_,6.52
_10162_,6.52
_10962_,6.52
_11034_,6.52
_11526_,6.52
_11592_,6.52
_12143_,6.52
_12417_,6.52
_12476_,6.52
_12912_,6.52
_13149_,6.52
_13436_,6.52
_13519_,6.52
_13695_,6.52
_13816_,6.52
_13824_,6.52
_14471_,6.52
u_s2.delay_line_im\[3\]\[4\],6.52
_02635_,6.5
_04324_,6.5
_05768_,6.5
_07539_,6.5
_07752_,6.5
_10310_,6.5
_12870_,6.5
_14160_,6.5
u_s2.delay_line_re\[1\]\[0\],6.5
_04994_,6.49
_00039_,6.48
_03737_,6.48
_04766_,6.48
_04976_,6.48
_07110_,6.48
_08564_,6.48
_09223_,6.48
_11159_,6.48
_13379_,6.48
_14431_,6.48
_11790_,6.475
_00071_,6.465
_02173_,6.45
_09242_,6.45
_01306_,6.44
_07479_,6.44
_13893_,6.44
_02803_,6.42
_02906_,6.42
_04570_,6.42
_04813_,6.42
_06715_,6.42
_07112_,6.42
u_s2.delay_line_im\[2\]\[12\],6.42
u_s2.delay_line_re\[1\]\[1\],6.42
net127,6.42
_00799_,6.415
_05302_,6.41
_02218_,6.4
_02343_,6.4
_03056_,6.4
_03254_,6.4
_03385_,6.4
_03788_,6.4
_04737_,6.4
_04980_,6.4
_05170_,6.4
_05176_,6.4
_05253_,6.4
_07172_,6.4
_07992_,6.4
_08513_,6.4
_08884_,6.4
_09633_,6.4
_10588_,6.4
_11242_,6.4
_11401_,6.4
_11679_,6.4
_11944_,6.4
_12780_,6.4
_12997_,6.4
_13606_,6.4
_13772_,6.4
u_s2.delay_line_im\[2\]\[7\],6.4
u_s3.delay_line_im\[0\]\[5\],6.4
_00085_,6.38
_00391_,6.38
_00462_,6.38
_05244_,6.38
_01606_,6.36
_01614_,6.36
_04370_,6.36
_05364_,6.36
_08551_,6.36
_11614_,6.36
_12718_,6.36
net82,6.36
_06765_,6.35
_09559_,6.35
_12050_,6.33
_04075_,6.32
_05999_,6.32
_06487_,6.32
_11539_,6.32
_12602_,6.32
_13780_,6.32
_00037_,6.3
_00244_,6.3
_00668_,6.3
_00835_,6.3
_01085_,6.3
_01801_,6.3
_02555_,6.3
_03559_,6.3
_04277_,6.3
_04387_,6.3
_05400_,6.3
_05408_,6.3
_05785_,6.3
_05795_,6.3
_06234_,6.3
_06382_,6.3
_06548_,6.3
_06691_,6.3
_06816_,6.3
_08160_,6.3
_08705_,6.3
_10151_,6.3
_10433_,6.3
_10560_,6.3
_10578_,6.3
_10729_,6.3
_10898_,6.3
_11392_,6.3
_11702_,6.3
_12177_,6.3
_12779_,6.3
_13799_,6.3
_14044_,6.3
_14054_,6.3
_14098_,6.3
_14230_,6.3
u_s1.delay_line_re\[1\]\[7\],6.3
net60,6.3
_06616_,6.29
_02309_,6.28
_03948_,6.28
_04310_,6.28
_05778_,6.28
_06401_,6.28
_06529_,6.28
_06658_,6.28
_07655_,6.28
_08965_,6.28
_08966_,6.28
_09708_,6.28
_10136_,6.28
_11462_,6.28
_11663_,6.28
_11668_,6.28
_11968_,6.28
_12138_,6.28
_12820_,6.28
_12964_,6.28
_13706_,6.28
_13766_,6.28
_13783_,6.28
_02525_,6.265
_00277_,6.26
_00356_,6.26
_00496_,6.26
_01492_,6.26
_02279_,6.26
_02425_,6.26
_02678_,6.26
_04787_,6.26
_05174_,6.26
_07028_,6.26
_08430_,6.26
_08614_,6.26
_09497_,6.26
_09600_,6.26
_10172_,6.26
_10622_,6.26
_10742_,6.26
_10826_,6.26
_13273_,6.26
_13812_,6.26
_00042_,6.24
_00892_,6.23
out_im[7],6.21
_00613_,6.2
_00779_,6.2
_03130_,6.2
_03920_,6.2
_03923_,6.2
_04931_,6.2
_05577_,6.2
_05678_,6.2
_05866_,6.2
_06105_,6.2
_07119_,6.2
_07485_,6.2
_07986_,6.2
_08010_,6.2
_08190_,6.2
_10653_,6.2
_11885_,6.2
_12239_,6.2
_12470_,6.2
_12494_,6.2
_12537_,6.2
_13175_,6.2
_13611_,6.2
_13764_,6.2
_13987_,6.2
_14024_,6.2
_00163_,6.18
_00495_,6.18
_01919_,6.18
_03009_,6.18
_03251_,6.18
_03276_,6.18
_03280_,6.18
_03284_,6.18
_03305_,6.18
_03739_,6.18
_04873_,6.18
_05165_,6.18
_05639_,6.18
_05777_,6.18
_06079_,6.18
_06199_,6.18
_06243_,6.18
_06379_,6.18
_06617_,6.18
_06645_,6.18
_07078_,6.18
_08055_,6.18
_08648_,6.18
_08958_,6.18
_09177_,6.18
_09406_,6.18
_09654_,6.18
_09901_,6.18
_10295_,6.18
_10503_,6.18
_10603_,6.18
_10681_,6.18
_11252_,6.18
_11474_,6.18
_11802_,6.18
_11812_,6.18
_12009_,6.18
_12684_,6.18
_12879_,6.18
_12946_,6.18
_13026_,6.18
_13424_,6.18
_13551_,6.18
_13869_,6.18
_13918_,6.18
_13958_,6.18
_14110_,6.18
_14188_,6.18
u_s1.delay_line_re\[3\]\[3\],6.18
net56,6.18
_10463_,6.17
_00749_,6.16
_00802_,6.16
_01670_,6.16
_02256_,6.16
_02668_,6.16
_04312_,6.16
_06679_,6.16
_10390_,6.16
_10680_,6.16
_11205_,6.16
_12993_,6.16
_13214_,6.16
_03888_,6.145
_00739_,6.14
_00864_,6.14
_01291_,6.14
_02031_,6.14
_02462_,6.14
_03235_,6.14
_03346_,6.14
_04127_,6.14
_04444_,6.14
_04659_,6.14
_04848_,6.14
_04907_,6.14
_05284_,6.14
_05555_,6.14
_06098_,6.14
_06727_,6.14
_06873_,6.14
_08257_,6.14
_09001_,6.14
_09467_,6.14
_09733_,6.14
_09745_,6.14
_09939_,6.14
_10853_,6.14
_10869_,6.14
_11320_,6.14
_11363_,6.14
_11849_,6.14
_11872_,6.14
_12036_,6.14
_12460_,6.14
_13364_,6.14
_13505_,6.14
_14116_,6.14
_05855_,6.12
_05324_,6.11
in_re[8],6.09
_01016_,6.08
_04272_,6.08
_06136_,6.08
_06258_,6.08
_06597_,6.08
_06806_,6.08
_08720_,6.08
_13182_,6.08
_00409_,6.06
_01387_,6.06
_01921_,6.06
_02118_,6.06
_02560_,6.06
_02961_,6.06
_03398_,6.06
_03908_,6.06
_04192_,6.06
_04450_,6.06
_05236_,6.06
_05451_,6.06
_05576_,6.06
_05709_,6.06
_06427_,6.06
_07649_,6.06
_07699_,6.06
_07744_,6.06
_08011_,6.06
_09003_,6.06
_09423_,6.06
_09637_,6.06
_10439_,6.06
_10747_,6.06
_12026_,6.06
_12163_,6.06
_12541_,6.06
_13610_,6.06
u_s2.delay_line_im\[2\]\[14\],6.06
_01457_,6.05
_03110_,6.04
_03527_,6.04
_05028_,6.04
_05623_,6.04
_10322_,6.04
_11455_,6.04
u_s3.delay_line_im\[0\]\[13\],6.04
u_s3.delay_line_re\[1\]\[5\],6.04
_00315_,6.02
_03724_,6.02
_05617_,6.02
u_s1.delay_line_re\[4\]\[12\],6.02
_03960_,5.99
_04343_,5.98
_06182_,5.98
_06545_,5.98
_08971_,5.98
_09225_,5.98
_11714_,5.98
_14212_,5.98
net124,5.98
_00038_,5.96
_00373_,5.96
_02879_,5.96
_05008_,5.96
_05355_,5.96
_10325_,5.96
_10768_,5.96
_11905_,5.96
_12567_,5.96
_12707_,5.96
_13265_,5.96
_13280_,5.96
_10276_,5.95
_00019_,5.94
_00143_,5.94
_01275_,5.94
_01395_,5.94
_01407_,5.94
_02756_,5.94
_03234_,5.94
_03640_,5.94
_04159_,5.94
_05215_,5.94
_05233_,5.94
_06169_,5.94
_06872_,5.94
_08247_,5.94
_08484_,5.94
_09370_,5.94
_09480_,5.94
_10951_,5.94
_12017_,5.94
_12672_,5.94
_12952_,5.94
_13084_,5.94
_13101_,5.94
_13535_,5.94
u_s1.delay_line_im\[0\]\[10\],5.94
_05675_,5.935
_05633_,5.93
_01450_,5.92
_02068_,5.92
_02339_,5.92
_03714_,5.92
_05277_,5.92
_08502_,5.92
_11598_,5.92
_13536_,5.92
u_s2.delay_line_re\[3\]\[14\],5.92
_04646_,5.9
_05082_,5.9
_06338_,5.9
_06952_,5.9
_13620_,5.9
_09372_,5.87
_00241_,5.86
_00376_,5.86
_00829_,5.86
_01072_,5.86
_02361_,5.86
_02768_,5.86
_02814_,5.86
_05063_,5.86
_05765_,5.86
_06196_,5.86
_06430_,5.86
_06547_,5.86
_07563_,5.86
_08176_,5.86
_09140_,5.86
_09861_,5.86
_11388_,5.86
_11493_,5.86
_12486_,5.86
_12493_,5.86
_12994_,5.86
_14147_,5.86
_03163_,5.855
_06147_,5.85
_00109_,5.84
_00176_,5.84
_00485_,5.84
_00826_,5.84
_00979_,5.84
_01221_,5.84
_01630_,5.84
_01699_,5.84
_01903_,5.84
_02130_,5.84
_02453_,5.84
_02516_,5.84
_02881_,5.84
_02949_,5.84
_02995_,5.84
_03093_,5.84
_03745_,5.84
_04033_,5.84
_04260_,5.84
_04296_,5.84
_04353_,5.84
_04635_,5.84
_05604_,5.84
_06212_,5.84
_06246_,5.84
_06271_,5.84
_06332_,5.84
_06424_,5.84
_06663_,5.84
_06829_,5.84
_07749_,5.84
_08031_,5.84
_10381_,5.84
_10581_,5.84
_10782_,5.84
_10812_,5.84
_11751_,5.84
_12025_,5.84
_12114_,5.84
_12205_,5.84
_12592_,5.84
_13366_,5.84
_13540_,5.84
_13644_,5.84
_13847_,5.84
_13991_,5.84
_14004_,5.84
_14015_,5.84
_14183_,5.84
u_s1.delay_line_re\[6\]\[9\],5.84
_01266_,5.82
_02169_,5.82
_03168_,5.82
_05286_,5.82
_06041_,5.82
_08607_,5.82
_09890_,5.82
_11410_,5.82
_11472_,5.82
_11607_,5.82
_11774_,5.82
_12390_,5.82
_13842_,5.82
_14075_,5.82
_10174_,5.81
_00129_,5.8
_00153_,5.8
_01767_,5.8
_02875_,5.8
_03248_,5.8
_04783_,5.8
_06250_,5.8
_06336_,5.8
_06641_,5.8
_06753_,5.8
_07246_,5.8
_08485_,5.8
_09023_,5.8
_09222_,5.8
_09254_,5.8
_09539_,5.8
_09670_,5.8
_09865_,5.8
_09870_,5.8
_09932_,5.8
_10006_,5.8
_10039_,5.8
_10078_,5.8
_10589_,5.8
_10748_,5.8
_12415_,5.8
_12589_,5.8
_12642_,5.8
_14072_,5.8
net123,5.8
_00579_,5.79
_01039_,5.78
_10847_,5.78
_05450_,5.775
_11852_,5.77
_09530_,5.765
_01434_,5.76
_00177_,5.745
u_s1.delay_line_re\[5\]\[2\],5.745
_00645_,5.74
_00856_,5.74
_03342_,5.74
_03770_,5.74
_03893_,5.74
_05796_,5.74
_05856_,5.74
_06239_,5.74
_06278_,5.74
_06404_,5.74
_06558_,5.74
_07534_,5.74
_09301_,5.74
_09505_,5.74
_09688_,5.74
_10013_,5.74
_10262_,5.74
_10855_,5.74
_12585_,5.74
_12703_,5.74
_13249_,5.74
_13992_,5.74
_14007_,5.74
_14029_,5.74
_14048_,5.74
u_s4.delay_line_im\[0\]\[10\],5.74
_00160_,5.72
_00961_,5.72
_00988_,5.72
_01284_,5.72
_01344_,5.72
_03189_,5.72
_03487_,5.72
_03895_,5.72
_05045_,5.72
_05340_,5.72
_05366_,5.72
_05779_,5.72
_05805_,5.72
_06066_,5.72
_06481_,5.72
_06864_,5.72
_06956_,5.72
_06970_,5.72
_07007_,5.72
_07121_,5.72
_07759_,5.72
_08602_,5.72
_08616_,5.72
_08977_,5.72
_09347_,5.72
_09397_,5.72
_10027_,5.72
_10054_,5.72
_10099_,5.72
_10179_,5.72
_10281_,5.72
_10297_,5.72
_10665_,5.72
_10830_,5.72
_10836_,5.72
_11247_,5.72
_11277_,5.72
_12157_,5.72
_12511_,5.72
_12590_,5.72
_12697_,5.72
_12746_,5.72
_12782_,5.72
_12815_,5.72
_12840_,5.72
_12871_,5.72
_13060_,5.72
_13440_,5.72
_13477_,5.72
_13590_,5.72
_13615_,5.72
_13631_,5.72
_13720_,5.72
_13802_,5.72
_14069_,5.72
u_s1.delay_line_im\[3\]\[12\],5.72
u_s1.delay_line_re\[3\]\[14\],5.72
_02742_,5.7
_07245_,5.7
_07559_,5.7
_08947_,5.7
_12426_,5.7
_14216_,5.7
u_s2.delay_line_im\[3\]\[3\],5.7
_00913_,5.68
_01078_,5.68
_01161_,5.68
_01245_,5.68
_01804_,5.68
_03270_,5.68
_03275_,5.68
_03563_,5.68
_04233_,5.68
_04251_,5.68
_04259_,5.68
_04386_,5.68
_04716_,5.68
_05029_,5.68
_05096_,5.68
_05155_,5.68
_05827_,5.68
_06110_,5.68
_06571_,5.68
_06794_,5.68
_06868_,5.68
_08142_,5.68
_08588_,5.68
_08742_,5.68
_08908_,5.68
_09259_,5.68
_09421_,5.68
_09648_,5.68
_10775_,5.68
_10861_,5.68
_10930_,5.68
_12258_,5.68
_12829_,5.68
_12956_,5.68
_13712_,5.68
_13892_,5.68
_13944_,5.68
_14016_,5.68
_14063_,5.68
u_s1.delay_line_im\[7\]\[11\],5.68
u_s4.delay_line_im\[0\]\[5\],5.68
_11540_,5.67
_12931_,5.67
in_im[3],5.63
in_im[5],5.63
_01721_,5.62
_02183_,5.62
_02860_,5.62
_04901_,5.62
_05130_,5.62
_10563_,5.62
_11499_,5.62
_00030_,5.6
_02356_,5.6
_03603_,5.6
_03682_,5.6
_03728_,5.6
_03754_,5.6
_03784_,5.6
_03796_,5.6
_04258_,5.6
_04364_,5.6
_05266_,5.6
_05310_,5.6
_05529_,5.6
_06159_,5.6
_08962_,5.6
_09389_,5.6
_09535_,5.6
_09917_,5.6
_09925_,5.6
_10513_,5.6
_11733_,5.6
_11816_,5.6
_12549_,5.6
_13395_,5.6
_13597_,5.6
_14162_,5.6
_14196_,5.6
_03343_,5.595
_06313_,5.58
_11234_,5.58
_12499_,5.58
_12553_,5.58
_12248_,5.57
_00028_,5.56
_00234_,5.56
_04508_,5.56
_05693_,5.56
_09858_,5.56
_13245_,5.56
u_s1.delay_line_im\[3\]\[15\],5.56
_01308_,5.53
_03622_,5.53
_00089_,5.525
_00094_,5.525
_01665_,5.52
_02200_,5.52
_05508_,5.52
_05600_,5.52
_08411_,5.52
_09476_,5.52
_14133_,5.52
_00249_,5.5
_00486_,5.5
_01176_,5.5
_04244_,5.5
_05659_,5.5
_09658_,5.5
_11694_,5.5
_11917_,5.5
_13517_,5.5
_11412_,5.49
_00077_,5.48
_00467_,5.48
_01440_,5.48
_02424_,5.48
_02625_,5.48
_03300_,5.48
_03880_,5.48
_05179_,5.48
_05196_,5.48
_05409_,5.48
_05526_,5.48
_05844_,5.48
_06385_,5.48
_06413_,5.48
_06657_,5.48
_06862_,5.48
_07470_,5.48
_08442_,5.48
_09664_,5.48
_09683_,5.48
_10324_,5.48
_10374_,5.48
_10512_,5.48
_10559_,5.48
_10631_,5.48
_12501_,5.48
_13575_,5.48
_13779_,5.48
_13902_,5.48
u_s4.delay_line_re\[0\]\[14\],5.48
_00014_,5.46
_00408_,5.46
_01793_,5.46
_03656_,5.46
_06304_,5.46
_12029_,5.46
_10520_,5.41
in_im[6],5.41
_00414_,5.4
_00695_,5.4
_02389_,5.4
_03467_,5.4
_04209_,5.4
_04476_,5.4
_04517_,5.4
_06277_,5.4
_06342_,5.4
_06576_,5.4
_06807_,5.4
_07149_,5.4
_08909_,5.4
_11071_,5.4
_11453_,5.4
_11510_,5.4
_11915_,5.4
_12624_,5.4
_13077_,5.4
_13197_,5.4
_13466_,5.4
_02915_,5.395
_00099_,5.38
_00110_,5.38
_00170_,5.38
_00204_,5.38
_00431_,5.38
_00461_,5.38
_00513_,5.38
_01413_,5.38
_01842_,5.38
_02124_,5.38
_02168_,5.38
_03379_,5.38
_03459_,5.38
_03517_,5.38
_03892_,5.38
_04453_,5.38
_04963_,5.38
_05120_,5.38
_05238_,5.38
_05455_,5.38
_05530_,5.38
_06094_,5.38
_06155_,5.38
_06399_,5.38
_06587_,5.38
_06684_,5.38
_06699_,5.38
_06791_,5.38
_06935_,5.38
_08813_,5.38
_09342_,5.38
_10319_,5.38
_10360_,5.38
_11338_,5.38
_11409_,5.38
_11557_,5.38
_12070_,5.38
_12133_,5.38
_12214_,5.38
_12310_,5.38
_12688_,5.38
_13088_,5.38
_13212_,5.38
_13315_,5.38
_13788_,5.38
_13953_,5.38
_13956_,5.38
_14114_,5.38
_14386_,5.38
u_s1.delay_line_re\[1\]\[8\],5.38
u_s2.delay_line_im\[2\]\[9\],5.38
_01032_,5.37
_06255_,5.37
_02127_,5.36
_02465_,5.36
_03536_,5.36
_04009_,5.36
_06322_,5.36
_08570_,5.36
_09744_,5.36
_10313_,5.36
_10448_,5.36
_10752_,5.36
_11489_,5.36
_11570_,5.36
_12441_,5.36
_12745_,5.36
_12750_,5.36
u_s1.delay_line_re\[3\]\[4\],5.36
u_s4.delay_line_re\[0\]\[9\],5.36
net133,5.36
_02013_,5.35
_00009_,5.34
_00020_,5.34
_00188_,5.34
_00352_,5.34
_03957_,5.34
_04263_,5.34
_04281_,5.34
_04676_,5.34
_05080_,5.34
_05115_,5.34
_05208_,5.34
_05798_,5.34
_05829_,5.34
_06183_,5.34
_06290_,5.34
_07045_,5.34
_10227_,5.34
_10284_,5.34
_12207_,5.34
_13632_,5.34
net122,5.34
_04238_,5.315
_02050_,5.29
_03681_,5.29
_03685_,5.29
in_im[14],5.29
_00807_,5.28
_03598_,5.28
_04198_,5.28
_05275_,5.28
_05862_,5.28
_06249_,5.28
_06330_,5.28
_07808_,5.28
_08397_,5.28
_10524_,5.28
_11633_,5.28
_11907_,5.28
_12291_,5.28
_12543_,5.28
_12579_,5.28
_13205_,5.28
_13340_,5.28
u_s1.delay_line_im\[3\]\[8\],5.28
_00775_,5.27
_00475_,5.26
_01044_,5.26
_01276_,5.26
_01923_,5.26
_02355_,5.26
_03783_,5.26
_04311_,5.26
_04753_,5.26
_04850_,5.26
_04877_,5.26
_04933_,5.26
_05047_,5.26
_05607_,5.26
_05861_,5.26
_06260_,5.26
_06543_,5.26
_06883_,5.26
_07160_,5.26
_07764_,5.26
_08036_,5.26
_08066_,5.26
_08676_,5.26
_08700_,5.26
_08916_,5.26
_09099_,5.26
_09392_,5.26
_09821_,5.26
_10062_,5.26
_10092_,5.26
_10189_,5.26
_10372_,5.26
_10506_,5.26
_10684_,5.26
_10876_,5.26
_10926_,5.26
_10963_,5.26
_11364_,5.26
_11726_,5.26
_11759_,5.26
_11793_,5.26
_11911_,5.26
_11982_,5.26
_12122_,5.26
_12301_,5.26
_12381_,5.26
_12948_,5.26
_13261_,5.26
_13656_,5.26
_13774_,5.26
_13838_,5.26
_13913_,5.26
_14229_,5.26
_09822_,5.255
_03132_,5.24
_03180_,5.24
_03556_,5.24
_05036_,5.24
_07949_,5.24
_09218_,5.24
_10007_,5.24
_11552_,5.24
_00386_,5.225
_00914_,5.22
_01322_,5.22
_02290_,5.22
_02499_,5.22
_04082_,5.22
_04721_,5.22
_04831_,5.22
_05086_,5.22
_05762_,5.22
_05976_,5.22
_07066_,5.22
_07244_,5.22
_08352_,5.22
_08527_,5.22
_09366_,5.22
_09566_,5.22
_10041_,5.22
_10164_,5.22
_10871_,5.22
_11658_,5.22
_12095_,5.22
_12976_,5.22
_13875_,5.22
_13945_,5.22
_14033_,5.22
_14049_,5.22
_14079_,5.22
_14150_,5.22
_11390_,5.21
_12937_,5.19
_00061_,5.185
_05332_,5.17
_01615_,5.16
_07013_,5.16
_07570_,5.16
_08994_,5.16
_09685_,5.16
_09912_,5.16
_10184_,5.16
_13023_,5.16
_13034_,5.16
_01554_,5.14
_01604_,5.14
_01750_,5.14
_02062_,5.14
_02571_,5.14
_03635_,5.14
_03706_,5.14
_04437_,5.14
_04806_,5.14
_07286_,5.14
_07937_,5.14
_07989_,5.14
_08106_,5.14
_08554_,5.14
_08728_,5.14
_09143_,5.14
_09191_,5.14
_10073_,5.14
_10579_,5.14
_11344_,5.14
_11844_,5.14
_12117_,5.14
_12366_,5.14
_12706_,5.14
u_s3.delay_line_im\[1\]\[12\],5.14
net101,5.14
_01965_,5.12
_10128_,5.12
_11674_,5.12
_04644_,5.11
_00377_,5.1
_04316_,5.1
_12774_,5.09
_09440_,5.08
_09755_,5.07
_02243_,5.06
_02407_,5.06
_02824_,5.06
_04257_,5.06
_04875_,5.06
_06301_,5.06
_07964_,5.06
_09979_,5.06
_11479_,5.06
_11857_,5.06
_13663_,5.05
_00173_,5.04
_02086_,5.04
_02856_,5.04
_08439_,5.04
_09167_,5.04
_10235_,5.04
_10389_,5.04
_03359_,5.035
_09129_,5.03
_13236_,5.03
_00083_,5.02
_00810_,5.02
_00940_,5.02
_02988_,5.02
_03045_,5.02
_03315_,5.02
_03531_,5.02
_03572_,5.02
_03997_,5.02
_04630_,5.02
_04771_,5.02
_04815_,5.02
_05337_,5.02
_05360_,5.02
_06156_,5.02
_07958_,5.02
_08495_,5.02
_08929_,5.02
_09321_,5.02
_10428_,5.02
_10700_,5.02
_11161_,5.02
_12294_,5.02
_13931_,5.02
_00215_,5
_00265_,5
_00362_,5
_00478_,5
_00483_,5
_09872_,5
_11371_,5
_11961_,5
_01445_,4.94
_02464_,4.94
_02495_,4.94
_03181_,4.94
_03182_,4.94
_04089_,4.94
_04305_,4.94
_05932_,4.94
_06270_,4.94
_07588_,4.94
_08152_,4.94
_09062_,4.94
_09205_,4.94
_10359_,4.94
_10655_,4.94
_11500_,4.94
_13040_,4.94
_13929_,4.94
_00052_,4.92
_00097_,4.92
_00275_,4.92
_00327_,4.92
_00394_,4.92
_00488_,4.92
_00772_,4.92
_01100_,4.92
_01141_,4.92
_01200_,4.92
_01622_,4.92
_01806_,4.92
_02138_,4.92
_02568_,4.92
_03509_,4.92
_04144_,4.92
_04746_,4.92
_04905_,4.92
_04978_,4.92
_05066_,4.92
_05261_,4.92
_05719_,4.92
_05723_,4.92
_05816_,4.92
_08418_,4.92
_08534_,4.92
_08611_,4.92
_08624_,4.92
_08729_,4.92
_08795_,4.92
_09481_,4.92
_09663_,4.92
_10210_,4.92
_11080_,4.92
_11257_,4.92
_11576_,4.92
_11894_,4.92
_11914_,4.92
_12000_,4.92
_12551_,4.92
_12710_,4.92
_13661_,4.92
_13786_,4.92
_13790_,4.92
_13971_,4.92
_14504_,4.92
u_s1.delay_line_im\[3\]\[7\],4.92
_00661_,4.9
_01277_,4.9
_02092_,4.9
_02682_,4.9
_02946_,4.9
_03033_,4.9
_03061_,4.9
_03644_,4.9
_03956_,4.9
_07384_,4.9
_08447_,4.9
_08787_,4.9
_12448_,4.9
u_s4.delay_line_re\[0\]\[6\],4.9
_00671_,4.88
_01460_,4.88
_01602_,4.88
_02067_,4.88
_02239_,4.88
_03264_,4.88
_03574_,4.88
_03741_,4.88
_04078_,4.88
_04426_,4.88
_04773_,4.88
_05011_,4.88
_05267_,4.88
_05559_,4.88
_05699_,4.88
_05742_,4.88
_05850_,4.88
_05857_,4.88
_05864_,4.88
_06087_,4.88
_07051_,4.88
_07386_,4.88
_07708_,4.88
_07842_,4.88
_09330_,4.88
_09753_,4.88
_09918_,4.88
_10331_,4.88
_10479_,4.88
_10494_,4.88
_10856_,4.88
_10859_,4.88
_12612_,4.88
_12928_,4.88
_13274_,4.88
_13943_,4.88
_13969_,4.88
_14057_,4.88
_14139_,4.88
_02563_,4.87
_07449_,4.85
_11077_,4.85
_00655_,4.82
_00657_,4.82
_01046_,4.82
_03107_,4.82
_03365_,4.82
_04562_,4.82
_05109_,4.82
_05285_,4.82
_05427_,4.82
_05716_,4.82
_05973_,4.82
_06209_,4.82
_06321_,4.82
_06682_,4.82
_08444_,4.82
_09528_,4.82
_09928_,4.82
_10632_,4.82
_10795_,4.82
_10818_,4.82
_11207_,4.82
_13465_,4.82
_13664_,4.82
_13988_,4.82
_14066_,4.82
_02422_,4.815
_00581_,4.8
_01006_,4.8
_01795_,4.8
_01879_,4.8
_02055_,4.8
_02324_,4.8
_02381_,4.8
_02745_,4.8
_03625_,4.8
_03658_,4.8
_03840_,4.8
_04448_,4.8
_04719_,4.8
_05127_,4.8
_05249_,4.8
_05304_,4.8
_05610_,4.8
_05656_,4.8
_05808_,4.8
_06017_,4.8
_06073_,4.8
_06296_,4.8
_06511_,4.8
_06620_,4.8
_06906_,4.8
_06909_,4.8
_07096_,4.8
_07646_,4.8
_08382_,4.8
_08494_,4.8
_08524_,4.8
_08552_,4.8
_08578_,4.8
_08876_,4.8
_08919_,4.8
_09019_,4.8
_09227_,4.8
_09532_,4.8
_09599_,4.8
_09691_,4.8
_10257_,4.8
_10808_,4.8
_11067_,4.8
_11295_,4.8
_11351_,4.8
_11367_,4.8
_11386_,4.8
_12077_,4.8
_12115_,4.8
_12156_,4.8
_12181_,4.8
_12469_,4.8
_12641_,4.8
_12654_,4.8
_12878_,4.8
_12905_,4.8
_13100_,4.8
_13703_,4.8
_13925_,4.8
_14017_,4.8
_14111_,4.8
_14258_,4.8
u_s1.delay_line_im\[1\]\[7\],4.8
u_s3.delay_line_re\[1\]\[11\],4.8
_02094_,4.78
_02216_,4.78
_06666_,4.78
_09064_,4.78
_11466_,4.78
_00076_,4.765
_00209_,4.765
_02639_,4.76
_03387_,4.76
_05185_,4.76
_05189_,4.76
_05239_,4.76
_05587_,4.76
_05837_,4.76
_06122_,4.76
_10895_,4.76
_11724_,4.76
_12018_,4.76
_13941_,4.76
_14051_,4.76
_14055_,4.76
_07761_,4.73
in_re[13],4.73
_00430_,4.725
_01010_,4.7
_01102_,4.7
_01717_,4.7
_05755_,4.7
_05842_,4.7
_06224_,4.7
_08353_,4.7
_12630_,4.7
_14365_,4.7
u_s1.delay_line_im\[0\]\[5\],4.7
u_s1.delay_line_im\[0\]\[9\],4.7
_00839_,4.68
_01811_,4.68
_01911_,4.68
_03661_,4.68
_03663_,4.68
_04473_,4.68
_05750_,4.68
_05927_,4.68
_08312_,4.68
_08877_,4.68
_09606_,4.68
_09915_,4.68
_10315_,4.68
_11977_,4.68
_12575_,4.68
_12987_,4.68
_13201_,4.68
_13376_,4.68
_14100_,4.68
_14256_,4.68
net100,4.68
_08477_,4.675
_09840_,4.675
_04625_,4.655
_04021_,4.62
_09591_,4.61
out_im[14],4.61
out_im[2],4.61
out_re[8],4.61
_01263_,4.6
_01720_,4.6
_01874_,4.6
_06200_,4.6
_06320_,4.6
_10368_,4.6
_13277_,4.6
_14119_,4.6
_07371_,4.59
_00064_,4.58
_00148_,4.58
_00410_,4.58
_05289_,4.58
_07185_,4.58
_08681_,4.58
_08975_,4.58
_09790_,4.58
_11586_,4.58
_11785_,4.58
_11804_,4.58
_12055_,4.58
_13511_,4.58
u_s3.delay_line_im\[0\]\[2\],4.58
_00366_,4.565
_01857_,4.56
_02215_,4.56
_05758_,4.56
_06837_,4.56
_08398_,4.56
_09066_,4.56
_10094_,4.56
_10314_,4.56
_13737_,4.56
_13832_,4.56
_00016_,4.54
_00238_,4.54
_00309_,4.54
_00335_,4.54
_00344_,4.54
_00360_,4.54
_11808_,4.54
_13771_,4.54
_01726_,4.49
_06836_,4.49
_01313_,4.48
_01363_,4.48
_01507_,4.48
_01907_,4.48
_02592_,4.48
_03051_,4.48
_03448_,4.48
_03465_,4.48
_03495_,4.48
_04290_,4.48
_04424_,4.48
_05667_,4.48
_06154_,4.48
_06204_,4.48
_06311_,4.48
_06484_,4.48
_08503_,4.48
_09823_,4.48
_10476_,4.48
_10593_,4.48
_11192_,4.48
_11561_,4.48
_11853_,4.48
_12317_,4.48
_12791_,4.48
_13321_,4.48
_13322_,4.48
_13377_,4.48
_00146_,4.46
_00291_,4.46
_00292_,4.46
_00321_,4.46
_00328_,4.46
_00333_,4.46
_00351_,4.46
_00401_,4.46
_00471_,4.46
_00487_,4.46
_00634_,4.46
_00781_,4.46
_01105_,4.46
_01788_,4.46
_01946_,4.46
_02076_,4.46
_02078_,4.46
_02101_,4.46
_02494_,4.46
_02652_,4.46
_02870_,4.46
_02871_,4.46
_02982_,4.46
_02997_,4.46
_03036_,4.46
_03086_,4.46
_03501_,4.46
_03618_,4.46
_03881_,4.46
_04086_,4.46
_04346_,4.46
_04603_,4.46
_04935_,4.46
_04987_,4.46
_05168_,4.46
_05241_,4.46
_05347_,4.46
_05702_,4.46
_05891_,4.46
_05902_,4.46
_06272_,4.46
_06474_,4.46
_06613_,4.46
_06919_,4.46
_07065_,4.46
_07586_,4.46
_08302_,4.46
_08337_,4.46
_08766_,4.46
_09150_,4.46
_09163_,4.46
_09327_,4.46
_09447_,4.46
_09682_,4.46
_10014_,4.46
_10017_,4.46
_10779_,4.46
_10810_,4.46
_11536_,4.46
_11881_,4.46
_11955_,4.46
_12010_,4.46
_12456_,4.46
_12735_,4.46
_12939_,4.46
_13061_,4.46
_13765_,4.46
_13894_,4.46
_13897_,4.46
_14274_,4.46
_14447_,4.46
_00063_,4.44
_00738_,4.44
_00948_,4.44
_01609_,4.44
_02683_,4.44
_03156_,4.44
_03408_,4.44
_04822_,4.44
_05764_,4.44
_07780_,4.44
_08519_,4.44
_08719_,4.44
_10137_,4.44
_12019_,4.44
_12827_,4.44
_03211_,4.42
_04626_,4.42
_04891_,4.42
_04937_,4.42
_05167_,4.42
_05180_,4.42
_06604_,4.42
_06724_,4.42
_06754_,4.42
_07113_,4.42
_09082_,4.42
_09455_,4.42
_10061_,4.42
_10661_,4.42
_10745_,4.42
_10873_,4.42
_11267_,4.42
_11975_,4.42
_12013_,4.42
_13328_,4.42
net95,4.42
_00857_,4.36
_02222_,4.36
_02370_,4.36
_03240_,4.36
_03613_,4.36
_04167_,4.36
_05727_,4.36
_06166_,4.36
_06705_,4.36
_07079_,4.36
_07448_,4.36
_09148_,4.36
_09751_,4.36
_10540_,4.36
_10901_,4.36
_11445_,4.36
_12875_,4.36
_13697_,4.36
_13739_,4.36
_14003_,4.36
_14405_,4.36
_13464_,4.355
_00357_,4.34
_00972_,4.34
_01088_,4.34
_01144_,4.34
_01481_,4.34
_01695_,4.34
_01916_,4.34
_01925_,4.34
_02072_,4.34
_02132_,4.34
_02371_,4.34
_02493_,4.34
_02604_,4.34
_02614_,4.34
_02968_,4.34
_03171_,4.34
_03221_,4.34
_03246_,4.34
_03302_,4.34
_03364_,4.34
_03505_,4.34
_03537_,4.34
_03792_,4.34
_04126_,4.34
_04223_,4.34
_04333_,4.34
_04411_,4.34
_04559_,4.34
_04599_,4.34
_04700_,4.34
_04775_,4.34
_04818_,4.34
_05056_,4.34
_05147_,4.34
_05150_,4.34
_05329_,4.34
_05564_,4.34
_05823_,4.34
_05836_,4.34
_05863_,4.34
_05967_,4.34
_06124_,4.34
_06294_,4.34
_06308_,4.34
_06388_,4.34
_06464_,4.34
_06562_,4.34
_06903_,4.34
_06948_,4.34
_07089_,4.34
_07265_,4.34
_07433_,4.34
_08032_,4.34
_08270_,4.34
_08445_,4.34
_08500_,4.34
_08860_,4.34
_09272_,4.34
_09379_,4.34
_09855_,4.34
_09906_,4.34
_10101_,4.34
_10169_,4.34
_10305_,4.34
_10518_,4.34
_10527_,4.34
_10811_,4.34
_11052_,4.34
_11867_,4.34
_12788_,4.34
_12924_,4.34
_13278_,4.34
_13297_,4.34
_13400_,4.34
_13480_,4.34
_13518_,4.34
_13710_,4.34
_13874_,4.34
_13884_,4.34
_13909_,4.34
_14059_,4.34
_14080_,4.34
_00367_,4.32
_03643_,4.27
in_re[1],4.27
out_re[1],4.27
_00013_,4.265
_10850_,4.26
_02228_,4.24
_03212_,4.24
_04120_,4.24
_06905_,4.24
_07551_,4.24
_10376_,4.24
_12351_,4.24
_13828_,4.24
_00145_,4.22
_00372_,4.22
_01350_,4.22
_02051_,4.22
_03072_,4.22
_03607_,4.22
_04504_,4.22
_04757_,4.22
_05193_,4.22
_05674_,4.22
_06021_,4.22
_06132_,4.22
_06454_,4.22
_06937_,4.22
_06947_,4.22
_06955_,4.22
_08692_,4.22
_09246_,4.22
_09588_,4.22
_10145_,4.22
_11312_,4.22
_12666_,4.22
_13380_,4.22
_13291_,4.215
_00796_,4.14
_04216_,4.14
_09452_,4.14
_10736_,4.14
_11934_,4.14
_12241_,4.14
_12534_,4.14
_13562_,4.14
_13808_,4.14
_00058_,4.12
_00102_,4.12
_00149_,4.12
_00231_,4.12
_00448_,4.12
_00457_,4.12
_00472_,4.12
_00491_,4.12
_00876_,4.12
_01824_,4.12
_06044_,4.12
_08285_,4.12
_08725_,4.12
_11910_,4.12
_12627_,4.12
_13106_,4.12
u_s1.delay_line_re\[4\]\[11\],4.12
_00207_,4.1
_00429_,4.1
_01764_,4.1
_01930_,4.1
_04382_,4.1
_09020_,4.1
_09263_,4.1
_09373_,4.1
_09951_,4.1
_10047_,4.1
_10307_,4.1
_10514_,4.1
_11799_,4.1
_12016_,4.1
_09368_,4.08
_11128_,4.08
_11737_,4.08
_11792_,4.08
_00281_,4.02
_00375_,4.02
_01668_,4.02
_01908_,4.02
_02113_,4.02
_02933_,4.02
_03012_,4.02
_04229_,4.02
_04446_,4.02
_05118_,4.02
_06300_,4.02
_06431_,4.02
_07098_,4.02
_08269_,4.02
_08829_,4.02
_09638_,4.02
_09867_,4.02
_10342_,4.02
_10562_,4.02
_11385_,4.02
_11966_,4.02
_12004_,4.02
_12063_,4.02
_12082_,4.02
_12292_,4.02
_12358_,4.02
_12714_,4.02
_13073_,4.02
_13285_,4.02
_13479_,4.02
_13554_,4.02
_13747_,4.02
_13898_,4.02
net128,4.02
_05467_,4.005
_00032_,4
_00036_,4
_00095_,4
_00120_,4
_00131_,4
_00199_,4
_00200_,4
_00219_,4
_00251_,4
_00492_,4
_00596_,4
_01011_,4
_01079_,4
_01829_,4
_02066_,4
_02195_,4
_02477_,4
_02540_,4
_02963_,4
_03127_,4
_03266_,4
_03349_,4
_04297_,4
_04319_,4
_04786_,4
_04843_,4
_05039_,4
_05226_,4
_05528_,4
_06031_,4
_06088_,4
_06460_,4
_06877_,4
_06879_,4
_07046_,4
_07137_,4
_07504_,4
_07676_,4
_08012_,4
_08023_,4
_08246_,4
_08334_,4
_08374_,4
_08472_,4
_08594_,4
_08615_,4
_09711_,4
_09807_,4
_10274_,4
_10663_,4
_10667_,4
_10839_,4
_10944_,4
_11773_,4
_12080_,4
_12367_,4
_12904_,4
_13343_,4
_13419_,4
_13903_,4
_13911_,4
_13961_,4
_14005_,4
_14138_,4
u_s1.delay_line_re\[3\]\[8\],4
net98,4
net131,4
_00245_,3.98
_00976_,3.98
_06685_,3.98
_09582_,3.98
net80,3.98
_01889_,3.93
in_im[7],3.93
in_re[15],3.93
out_im[10],3.93
out_im[15],3.93
out_re[0],3.93
out_re[12],3.93
out_re[9],3.93
_05290_,3.91
_00716_,3.9
_01218_,3.9
_01845_,3.9
_02257_,3.9
_02791_,3.9
_02818_,3.9
_03236_,3.9
_05384_,3.9
_05804_,3.9
_05826_,3.9
_05833_,3.9
_06506_,3.9
_08163_,3.9
_08307_,3.9
_08349_,3.9
_09101_,3.9
_10624_,3.9
_12957_,3.9
_13977_,3.9
_14500_,3.9
_00169_,3.88
_00326_,3.88
_01612_,3.88
_02220_,3.88
_02346_,3.88
_02468_,3.88
_02581_,3.88
_02684_,3.88
_02895_,3.88
_03158_,3.88
_03344_,3.88
_03590_,3.88
_03786_,3.88
_03823_,3.88
_03863_,3.88
_04036_,3.88
_04867_,3.88
_05470_,3.88
_05824_,3.88
_05845_,3.88
_06091_,3.88
_06254_,3.88
_06266_,3.88
_06279_,3.88
_06323_,3.88
_06444_,3.88
_06466_,3.88
_06532_,3.88
_06986_,3.88
_07248_,3.88
_07590_,3.88
_07959_,3.88
_08309_,3.88
_08599_,3.88
_09199_,3.88
_09356_,3.88
_09380_,3.88
_09974_,3.88
_10233_,3.88
_10440_,3.88
_11076_,3.88
_11699_,3.88
_11883_,3.88
_12083_,3.88
_12237_,3.88
_12649_,3.88
_12656_,3.88
_12830_,3.88
_13109_,3.88
_13276_,3.88
_13526_,3.88
_13806_,3.88
_13835_,3.88
_13999_,3.88
u_s1.delay_line_im\[3\]\[9\],3.88
_00021_,3.86
_01567_,3.86
_11244_,3.86
_04038_,3.855
_00268_,3.845
_09640_,3.81
_00412_,3.78
_02151_,3.78
_02541_,3.78
_05015_,3.78
_08656_,3.78
_11713_,3.78
_11921_,3.78
_12614_,3.78
_05481_,3.77
_00126_,3.76
_00162_,3.76
_00172_,3.76
_00304_,3.76
_00417_,3.76
_00701_,3.76
_01468_,3.76
_02273_,3.76
_04812_,3.76
_05143_,3.76
_06126_,3.76
_07038_,3.76
_07681_,3.76
_09159_,3.76
_09477_,3.76
_04350_,3.755
_09724_,3.755
_00164_,3.74
_09132_,3.69
_00396_,3.685
_01202_,3.68
_02095_,3.68
_02137_,3.68
_03524_,3.68
_04234_,3.68
_04590_,3.68
_04750_,3.68
_05178_,3.68
_05500_,3.68
_05597_,3.68
_06560_,3.68
_09033_,3.68
_09188_,3.68
_12375_,3.68
_12628_,3.68
_12811_,3.68
_12978_,3.68
_13011_,3.68
_00026_,3.66
_00075_,3.66
_00113_,3.66
_00128_,3.66
_00222_,3.66
_00289_,3.66
_00296_,3.66
_00340_,3.66
_00345_,3.66
_00383_,3.66
_00392_,3.66
_03068_,3.66
_03588_,3.66
_04439_,3.66
_05017_,3.66
_08843_,3.66
_12593_,3.66
_13863_,3.66
_00190_,3.64
_00223_,3.64
_03803_,3.64
_04732_,3.64
_05548_,3.64
_09741_,3.64
_11463_,3.64
_13288_,3.64
_13836_,3.64
_13906_,3.64
_14182_,3.64
_12295_,3.61
_05594_,3.6
_00041_,3.56
_00103_,3.56
_00117_,3.56
_00157_,3.56
_00175_,3.56
_00182_,3.56
_00194_,3.56
_00196_,3.56
_00198_,3.56
_00213_,3.56
_00286_,3.56
_00298_,3.56
_00313_,3.56
_00361_,3.56
_00389_,3.56
_00400_,3.56
_00466_,3.56
_00617_,3.56
_00922_,3.56
_01364_,3.56
_01390_,3.56
_01455_,3.56
_02712_,3.56
_03207_,3.56
_04339_,3.56
_06077_,3.56
_06667_,3.56
_06761_,3.56
_06942_,3.56
_06990_,3.56
_07452_,3.56
_07478_,3.56
_08195_,3.56
_08710_,3.56
_09169_,3.56
_10199_,3.56
_12572_,3.56
_13004_,3.56
_13187_,3.56
_13487_,3.56
_13681_,3.56
_14103_,3.56
_00368_,3.545
_00455_,3.545
_00002_,3.54
_00033_,3.54
_00054_,3.54
_00055_,3.54
_00092_,3.54
_00119_,3.54
_00124_,3.54
_00201_,3.54
_00220_,3.54
_00255_,3.54
_00273_,3.54
_00306_,3.54
_00358_,3.54
_00385_,3.54
_00397_,3.54
_00416_,3.54
_00422_,3.54
_00452_,3.54
_00476_,3.54
_00479_,3.54
_00641_,3.54
_00981_,3.54
_01089_,3.54
_01216_,3.54
_02699_,3.54
_02704_,3.54
_02993_,3.54
_03179_,3.54
_03824_,3.54
_04094_,3.54
_04207_,3.54
_04489_,3.54
_04502_,3.54
_04542_,3.54
_04563_,3.54
_04829_,3.54
_04973_,3.54
_05590_,3.54
_05760_,3.54
_05772_,3.54
_05812_,3.54
_05817_,3.54
_05830_,3.54
_05831_,3.54
_05858_,3.54
_06080_,3.54
_06261_,3.54
_06364_,3.54
_06384_,3.54
_06498_,3.54
_06880_,3.54
_08529_,3.54
_08582_,3.54
_08709_,3.54
_08832_,3.54
_08873_,3.54
_09076_,3.54
_09697_,3.54
_09860_,3.54
_10254_,3.54
_10450_,3.54
_11013_,3.54
_11147_,3.54
_11183_,3.54
_11675_,3.54
_11833_,3.54
_11930_,3.54
_13492_,3.54
_13623_,3.54
_13922_,3.54
_13954_,3.54
_13998_,3.54
_14034_,3.54
_14068_,3.54
_14088_,3.54
_14115_,3.54
_14184_,3.54
net84,3.54
_11820_,3.52
_06917_,3.51
_11900_,3.49
_05510_,3.45
_00425_,3.44
_00623_,3.44
_01005_,3.44
_01136_,3.44
_02755_,3.44
_02809_,3.44
_04823_,3.44
_05511_,3.44
_05722_,3.44
_05783_,3.44
_05840_,3.44
_06090_,3.44
_06170_,3.44
_06215_,3.44
_06233_,3.44
_09913_,3.44
_10069_,3.44
_10843_,3.44
_12011_,3.44
_12565_,3.44
_13962_,3.44
_13985_,3.44
_14011_,3.44
net87,3.44
_04640_,3.425
_00342_,3.42
_00752_,3.42
_01451_,3.42
_01523_,3.42
_01558_,3.42
_01596_,3.42
_01730_,3.42
_01814_,3.42
_01914_,3.42
_01987_,3.42
_02107_,3.42
_02226_,3.42
_02358_,3.42
_02804_,3.42
_03429_,3.42
_03571_,3.42
_03772_,3.42
_03860_,3.42
_03937_,3.42
_04241_,3.42
_04883_,3.42
_05287_,3.42
_05381_,3.42
_05499_,3.42
_05547_,3.42
_05713_,3.42
_05737_,3.42
_05766_,3.42
_05997_,3.42
_06054_,3.42
_06362_,3.42
_06537_,3.42
_06540_,3.42
_06605_,3.42
_06690_,3.42
_06788_,3.42
_06971_,3.42
_07037_,3.42
_07044_,3.42
_07568_,3.42
_07952_,3.42
_07994_,3.42
_08199_,3.42
_08549_,3.42
_08660_,3.42
_08768_,3.42
_08850_,3.42
_09257_,3.42
_09363_,3.42
_09425_,3.42
_09678_,3.42
_09960_,3.42
_10642_,3.42
_10891_,3.42
_10939_,3.42
_11093_,3.42
_11559_,3.42
_12497_,3.42
_12887_,3.42
_12929_,3.42
_12945_,3.42
_13005_,3.42
_13164_,3.42
_13241_,3.42
_13263_,3.42
_14060_,3.42
_14076_,3.42
_14106_,3.42
net40,3.42
net73,3.42
net96,3.42
_02942_,3.4
_07684_,3.4
_00226_,3.385
_01620_,3.32
_03169_,3.32
_04178_,3.32
_05112_,3.32
_05541_,3.32
_09157_,3.32
_09947_,3.32
_13857_,3.32
_14090_,3.32
_00253_,3.3
_00279_,3.3
_00388_,3.3
_00729_,3.3
_02773_,3.3
_03673_,3.3
_06078_,3.3
_06449_,3.3
_06844_,3.3
_07288_,3.3
_08572_,3.3
_10696_,3.3
_14012_,3.3
net132,3.3
_00468_,3.225
_01826_,3.22
_02042_,3.22
_02210_,3.22
_02800_,3.22
_05305_,3.22
_05573_,3.22
_05843_,3.22
_05846_,3.22
_05912_,3.22
_05917_,3.22
_06074_,3.22
_06075_,3.22
_06372_,3.22
_06508_,3.22
_06673_,3.22
_07736_,3.22
_07898_,3.22
_10709_,3.22
_00035_,3.2
_00125_,3.2
_00159_,3.2
_00171_,3.2
_00217_,3.2
_00221_,3.2
_00250_,3.2
_00299_,3.2
_00332_,3.2
_00355_,3.2
_00395_,3.2
_00411_,3.2
_00454_,3.2
_00493_,3.2
_02793_,3.2
_03981_,3.2
_05128_,3.2
_05649_,3.2
_06572_,3.2
_10769_,3.2
_11310_,3.2
_12179_,3.2
_12771_,3.2
_00407_,3.18
_00420_,3.18
_00590_,3.18
_01569_,3.18
_01787_,3.18
_06963_,3.18
_11878_,3.18
_02398_,3.13
_00008_,3.125
_00300_,3.125
_00470_,3.125
_05770_,3.11
_00025_,3.1
_00045_,3.1
_00081_,3.1
_00086_,3.1
_00096_,3.1
_00186_,3.1
_00210_,3.1
_00224_,3.1
_00235_,3.1
_00236_,3.1
_00256_,3.1
_00259_,3.1
_00288_,3.1
_00293_,3.1
_00338_,3.1
_00347_,3.1
_00370_,3.1
_00418_,3.1
_00437_,3.1
_00446_,3.1
_00530_,3.1
_01215_,3.1
_01224_,3.1
_01509_,3.1
_01745_,3.1
_01859_,3.1
_02003_,3.1
_03665_,3.1
_04186_,3.1
_04917_,3.1
_05646_,3.1
_06116_,3.1
_06210_,3.1
_06263_,3.1
_06317_,3.1
_06539_,3.1
_06674_,3.1
_07275_,3.1
_07441_,3.1
_08254_,3.1
_09503_,3.1
_09770_,3.1
_11084_,3.1
_11212_,3.1
_13887_,3.1
_13896_,3.1
_14108_,3.1
_14240_,3.1
_14340_,3.1
_00001_,3.08
_00017_,3.08
_00051_,3.08
_00056_,3.08
_00066_,3.08
_00080_,3.08
_00087_,3.08
_00130_,3.08
_00133_,3.08
_00150_,3.08
_00180_,3.08
_00183_,3.08
_00202_,3.08
_00254_,3.08
_00258_,3.08
_00270_,3.08
_00318_,3.08
_00320_,3.08
_00324_,3.08
_00341_,3.08
_00348_,3.08
_00380_,3.08
_00403_,3.08
_00424_,3.08
_00442_,3.08
_00443_,3.08
_00449_,3.08
_00465_,3.08
_00474_,3.08
_00490_,3.08
_00494_,3.08
_00844_,3.08
_00894_,3.08
_01464_,3.08
_01597_,3.08
_01742_,3.08
_01918_,3.08
_02208_,3.08
_02249_,3.08
_02293_,3.08
_02326_,3.08
_02365_,3.08
_02799_,3.08
_02932_,3.08
_03063_,3.08
_03332_,3.08
_04549_,3.08
_04692_,3.08
_05250_,3.08
_05660_,3.08
_05733_,3.08
_05972_,3.08
_06076_,3.08
_06112_,3.08
_06163_,3.08
_06205_,3.08
_06273_,3.08
_06819_,3.08
_06832_,3.08
_06848_,3.08
_06976_,3.08
_07056_,3.08
_07913_,3.08
_08027_,3.08
_08672_,3.08
_08830_,3.08
_08948_,3.08
_08954_,3.08
_09178_,3.08
_09548_,3.08
_10010_,3.08
_10026_,3.08
_10031_,3.08
_10087_,3.08
_10762_,3.08
_10789_,3.08
_11063_,3.08
_11337_,3.08
_11690_,3.08
_11769_,3.08
_11913_,3.08
_12644_,3.08
_12682_,3.08
_12883_,3.08
_13044_,3.08
_13965_,3.08
_14130_,3.08
net92,3.08
net109,3.08
net110,3.08
net126,3.08
_05414_,3.06
_01388_,3.02
_10897_,3.02
_01362_,2.98
_02473_,2.98
_03082_,2.98
_03239_,2.98
_04269_,2.98
_04566_,2.98
_05818_,2.98
_06028_,2.98
_06351_,2.98
_07584_,2.98
_07954_,2.98
_08828_,2.98
_12064_,2.98
_12313_,2.98
_14000_,2.98
_14053_,2.98
_14163_,2.98
net119,2.98
_00027_,2.96
_00059_,2.96
_00197_,2.96
_00763_,2.96
_00813_,2.96
_00842_,2.96
_00895_,2.96
_00978_,2.96
_01227_,2.96
_01416_,2.96
_01799_,2.96
_01949_,2.96
_02508_,2.96
_02776_,2.96
_02959_,2.96
_03126_,2.96
_03218_,2.96
_03233_,2.96
_03242_,2.96
_03243_,2.96
_03452_,2.96
_03577_,2.96
_03986_,2.96
_04164_,2.96
_04169_,2.96
_04323_,2.96
_04335_,2.96
_04431_,2.96
_04510_,2.96
_04522_,2.96
_04958_,2.96
_05107_,2.96
_05203_,2.96
_05648_,2.96
_05747_,2.96
_05969_,2.96
_05971_,2.96
_06113_,2.96
_06191_,2.96
_06564_,2.96
_06625_,2.96
_06677_,2.96
_06687_,2.96
_06938_,2.96
_07894_,2.96
_07985_,2.96
_08151_,2.96
_08586_,2.96
_08605_,2.96
_08664_,2.96
_08940_,2.96
_09098_,2.96
_09526_,2.96
_09690_,2.96
_09791_,2.96
_10053_,2.96
_10195_,2.96
_10339_,2.96
_10343_,2.96
_10371_,2.96
_10446_,2.96
_10767_,2.96
_10814_,2.96
_10870_,2.96
_11521_,2.96
_11801_,2.96
_11920_,2.96
_12261_,2.96
_12721_,2.96
_12907_,2.96
_13446_,2.96
_13619_,2.96
_13950_,2.96
_14030_,2.96
_14332_,2.96
_14496_,2.96
u_s4.delay_line_re\[0\]\[5\],2.96
_00070_,2.925
_00257_,2.925
_00354_,2.925
_12466_,2.89
_04954_,2.86
_05638_,2.86
_06032_,2.86
_06206_,2.86
_06346_,2.86
_06596_,2.86
_08431_,2.86
_08438_,2.86
_08569_,2.86
_09760_,2.86
_10612_,2.86
_11465_,2.86
_12032_,2.86
_12165_,2.86
_00112_,2.84
_00302_,2.84
_02410_,2.84
_08520_,2.84
_10454_,2.84
_12320_,2.84
_00317_,2.765
_01977_,2.76
_02529_,2.76
_02705_,2.76
_04460_,2.76
_05246_,2.76
_05512_,2.76
_05686_,2.76
_06174_,2.76
_06229_,2.76
_06734_,2.76
_09329_,2.76
_10714_,2.76
_11995_,2.76
_12150_,2.76
_13370_,2.76
_14096_,2.76
_00010_,2.74
_00034_,2.74
_00043_,2.74
_00050_,2.74
_00065_,2.74
_00107_,2.74
_00122_,2.74
_00137_,2.74
_00138_,2.74
_00139_,2.74
_00154_,2.74
_00156_,2.74
_00161_,2.74
_00166_,2.74
_00167_,2.74
_00185_,2.74
_00252_,2.74
_00266_,2.74
_00271_,2.74
_00319_,2.74
_00322_,2.74
_00339_,2.74
_00343_,2.74
_00349_,2.74
_00350_,2.74
_00353_,2.74
_00374_,2.74
_00398_,2.74
_00423_,2.74
_00427_,2.74
_00432_,2.74
_00445_,2.74
_00447_,2.74
_00458_,2.74
_00460_,2.74
_00463_,2.74
_00473_,2.74
_00484_,2.74
_01148_,2.74
_02350_,2.74
_03079_,2.74
_05429_,2.74
_06669_,2.74
_06896_,2.74
_08727_,2.74
_11110_,2.74
_11796_,2.74
_04520_,2.72
_06653_,2.72
_10066_,2.72
net77,2.72
_11858_,2.71
_00438_,2.665
_00963_,2.64
_01051_,2.64
_01687_,2.64
_02373_,2.64
_03205_,2.64
_04252_,2.64
_04523_,2.64
_04703_,2.64
_05595_,2.64
_05738_,2.64
_06218_,2.64
_06257_,2.64
_06285_,2.64
_06680_,2.64
_06766_,2.64
_07071_,2.64
_07748_,2.64
_08432_,2.64
_08714_,2.64
_09288_,2.64
_09777_,2.64
_10140_,2.64
_11469_,2.64
_11706_,2.64
_13924_,2.64
_14112_,2.64
_00000_,2.62
_00003_,2.62
_00018_,2.62
_00022_,2.62
_00023_,2.62
_00068_,2.62
_00098_,2.62
_00115_,2.62
_00121_,2.62
_00152_,2.62
_00168_,2.62
_00174_,2.62
_00179_,2.62
_00189_,2.62
_00225_,2.62
_00247_,2.62
_00260_,2.62
_00261_,2.62
_00262_,2.62
_00287_,2.62
_00303_,2.62
_00325_,2.62
_00329_,2.62
_00334_,2.62
_00337_,2.62
_00364_,2.62
_00402_,2.62
_00406_,2.62
_00428_,2.62
_00436_,2.62
_00439_,2.62
_00469_,2.62
_00481_,2.62
_00937_,2.62
_01077_,2.62
_01084_,2.62
_01502_,2.62
_01659_,2.62
_02053_,2.62
_02057_,2.62
_02446_,2.62
_03052_,2.62
_03219_,2.62
_03291_,2.62
_03362_,2.62
_03384_,2.62
_03548_,2.62
_03601_,2.62
_04092_,2.62
_04254_,2.62
_04423_,2.62
_04443_,2.62
_04685_,2.62
_05064_,2.62
_05090_,2.62
_05132_,2.62
_05223_,2.62
_05331_,2.62
_05465_,2.62
_05953_,2.62
_05991_,2.62
_06016_,2.62
_06093_,2.62
_06141_,2.62
_06235_,2.62
_06236_,2.62
_06237_,2.62
_06292_,2.62
_06568_,2.62
_06594_,2.62
_06601_,2.62
_06612_,2.62
_06660_,2.62
_06790_,2.62
_06802_,2.62
_07102_,2.62
_07200_,2.62
_08441_,2.62
_08571_,2.62
_08640_,2.62
_08857_,2.62
_10135_,2.62
_10215_,2.62
_10240_,2.62
_10893_,2.62
_11490_,2.62
_11684_,2.62
_12667_,2.62
_12888_,2.62
_13256_,2.62
_13282_,2.62
_13312_,2.62
_13425_,2.62
_13822_,2.62
_13928_,2.62
_13964_,2.62
_14025_,2.62
_14058_,2.62
_14124_,2.62
_14129_,2.62
_14143_,2.62
_14155_,2.62
net81,2.62
net88,2.62
_10427_,2.59
_12795_,2.58
_01409_,2.52
_02229_,2.52
_02694_,2.52
_02794_,2.52
_02898_,2.52
_03055_,2.52
_03267_,2.52
_03269_,2.52
_04219_,2.52
_05476_,2.52
_05643_,2.52
_06123_,2.52
_06173_,2.52
_06227_,2.52
_06242_,2.52
_06334_,2.52
_06340_,2.52
_06803_,2.52
_08128_,2.52
_09052_,2.52
_09074_,2.52
_09128_,2.52
_09416_,2.52
_09620_,2.52
_09771_,2.52
_10849_,2.52
_10857_,2.52
_10860_,2.52
_11612_,2.52
_13022_,2.52
_13963_,2.52
_13975_,2.52
_13982_,2.52
_14026_,2.52
_14171_,2.52
net102,2.52
_00072_,2.5
_00104_,2.5
_00662_,2.5
_00793_,2.5
_00882_,2.5
_01036_,2.5
_01267_,2.5
_01534_,2.5
_01656_,2.5
_02098_,2.5
_02636_,2.5
_02661_,2.5
_02788_,2.5
_03605_,2.5
_03791_,2.5
_03998_,2.5
_04134_,2.5
_04355_,2.5
_04650_,2.5
_04781_,2.5
_04864_,2.5
_04970_,2.5
_04982_,2.5
_05013_,2.5
_05563_,2.5
_05734_,2.5
_05753_,2.5
_05776_,2.5
_05800_,2.5
_05835_,2.5
_05849_,2.5
_05941_,2.5
_06500_,2.5
_06610_,2.5
_06735_,2.5
_06789_,2.5
_06853_,2.5
_06856_,2.5
_07092_,2.5
_07111_,2.5
_07533_,2.5
_07599_,2.5
_07826_,2.5
_07963_,2.5
_07969_,2.5
_08082_,2.5
_08192_,2.5
_08281_,2.5
_08590_,2.5
_08623_,2.5
_08675_,2.5
_08698_,2.5
_08967_,2.5
_09556_,2.5
_09632_,2.5
_09712_,2.5
_10697_,2.5
_10753_,2.5
_10945_,2.5
_11637_,2.5
_11650_,2.5
_11700_,2.5
_11744_,2.5
_12022_,2.5
_12182_,2.5
_12183_,2.5
_12302_,2.5
_12731_,2.5
_13324_,2.5
_13369_,2.5
_13745_,2.5
_13853_,2.5
_14028_,2.5
_14036_,2.5
net141,2.5
_00118_,2.465
_00181_,2.465
_00421_,2.465
_00480_,2.465
_02717_,2.4
_03188_,2.4
_04163_,2.4
_05718_,2.4
_06283_,2.4
_12645_,2.4
_00116_,2.38
_02311_,2.38
_03925_,2.38
_05751_,2.38
_01743_,2.3
_03195_,2.3
_03662_,2.3
_03991_,2.3
_04245_,2.3
_04634_,2.3
_05397_,2.3
_05596_,2.3
_06164_,2.3
_06797_,2.3
_07225_,2.3
_07807_,2.3
_08644_,2.3
_09054_,2.3
_09111_,2.3
_10176_,2.3
_11588_,2.3
_12352_,2.3
_12513_,2.3
_12716_,2.3
_14169_,2.3
_14170_,2.3
_00024_,2.28
_00049_,2.28
_00074_,2.28
_00101_,2.28
_00127_,2.28
_00132_,2.28
_00136_,2.28
_00147_,2.28
_00165_,2.28
_00203_,2.28
_00208_,2.28
_00214_,2.28
_00216_,2.28
_00267_,2.28
_00269_,2.28
_00272_,2.28
_00280_,2.28
_00282_,2.28
_00285_,2.28
_00295_,2.28
_00297_,2.28
_00301_,2.28
_00312_,2.28
_00314_,2.28
_00323_,2.28
_00365_,2.28
_00369_,2.28
_00390_,2.28
_00440_,2.28
_00441_,2.28
_00456_,2.28
_01233_,2.28
_01249_,2.28
_02392_,2.28
_03155_,2.28
_03415_,2.28
_03769_,2.28
_04455_,2.28
_05338_,2.28
_05746_,2.28
_06065_,2.28
_08650_,2.28
_09767_,2.28
_10024_,2.28
_10270_,2.28
_10335_,2.28
_13142_,2.255
_02596_,2.245
_13722_,2.19
_00947_,2.18
_00968_,2.18
_01397_,2.18
_01503_,2.18
_01753_,2.18
_01913_,2.18
_02385_,2.18
_02612_,2.18
_02765_,2.18
_03173_,2.18
_03241_,2.18
_05936_,2.18
_05975_,2.18
_06024_,2.18
_06406_,2.18
_06412_,2.18
_06769_,2.18
_06890_,2.18
_07072_,2.18
_07117_,2.18
_07250_,2.18
_07301_,2.18
_07564_,2.18
_07603_,2.18
_08435_,2.18
_08621_,2.18
_08765_,2.18
_09005_,2.18
_09253_,2.18
_09694_,2.18
_09696_,2.18
_09854_,2.18
_10532_,2.18
_11456_,2.18
_11772_,2.18
_11779_,2.18
_11903_,2.18
_11909_,2.18
_11969_,2.18
_11992_,2.18
_12402_,2.18
_12760_,2.18
_13007_,2.18
_13569_,2.18
_13707_,2.18
_14148_,2.18
_00011_,2.16
_00062_,2.16
_00073_,2.16
_00088_,2.16
_00134_,2.16
_00135_,2.16
_00140_,2.16
_00184_,2.16
_00212_,2.16
_00218_,2.16
_00230_,2.16
_00232_,2.16
_00263_,2.16
_00264_,2.16
_00276_,2.16
_00311_,2.16
_00331_,2.16
_00336_,2.16
_00346_,2.16
_00371_,2.16
_00404_,2.16
_00405_,2.16
_00426_,2.16
_00450_,2.16
_00459_,2.16
_00489_,2.16
_00770_,2.16
_00939_,2.16
_01043_,2.16
_01491_,2.16
_01516_,2.16
_01564_,2.16
_02352_,2.16
_02409_,2.16
_02916_,2.16
_02989_,2.16
_03147_,2.16
_03263_,2.16
_03499_,2.16
_03730_,2.16
_04313_,2.16
_04395_,2.16
_04709_,2.16
_04821_,2.16
_04899_,2.16
_05058_,2.16
_05085_,2.16
_05157_,2.16
_05703_,2.16
_05786_,2.16
_05791_,2.16
_05951_,2.16
_06062_,2.16
_06067_,2.16
_06114_,2.16
_06176_,2.16
_06284_,2.16
_06380_,2.16
_06434_,2.16
_06480_,2.16
_06513_,2.16
_06517_,2.16
_06531_,2.16
_06619_,2.16
_06644_,2.16
_06661_,2.16
_06812_,2.16
_06850_,2.16
_07058_,2.16
_07091_,2.16
_07476_,2.16
_07750_,2.16
_08076_,2.16
_08295_,2.16
_08320_,2.16
_08367_,2.16
_08542_,2.16
_08717_,2.16
_08788_,2.16
_10072_,2.16
_10182_,2.16
_10265_,2.16
_10455_,2.16
_10694_,2.16
_10705_,2.16
_10733_,2.16
_10899_,2.16
_11569_,2.16
_11753_,2.16
_11758_,2.16
_11862_,2.16
_12341_,2.16
_12798_,2.16
_13221_,2.16
_13572_,2.16
_13901_,2.16
_14140_,2.16
_14484_,2.16
net103,2.16
_06197_,2.07
_00593_,2.06
_01938_,2.06
_01960_,2.06
_03193_,2.06
_03271_,2.06
_05740_,2.06
_06015_,2.06
_06081_,2.06
_06115_,2.06
_06160_,2.06
_06180_,2.06
_06232_,2.06
_06248_,2.06
_06861_,2.06
_08706_,2.06
_09597_,2.06
_10044_,2.06
_10781_,2.06
_10792_,2.06
_10802_,2.06
_10803_,2.06
_10827_,2.06
_10838_,2.06
_10851_,2.06
_10862_,2.06
_10892_,2.06
_13404_,2.06
_13636_,2.06
_13891_,2.06
_13939_,2.06
_13946_,2.06
_13947_,2.06
_13951_,2.06
_13970_,2.06
_13979_,2.06
_13993_,2.06
_13996_,2.06
_13997_,2.06
_14009_,2.06
_14010_,2.06
_14035_,2.06
_14040_,2.06
_14047_,2.06
_14061_,2.06
_14454_,2.06
_00082_,2.04
_00233_,2.04
_00714_,2.04
_00934_,2.04
_01572_,2.04
_01638_,2.04
_02196_,2.04
_02706_,2.04
_02725_,2.04
_03210_,2.04
_03262_,2.04
_03931_,2.04
_04051_,2.04
_04430_,2.04
_04615_,2.04
_05183_,2.04
_05216_,2.04
_05378_,2.04
_05502_,2.04
_05681_,2.04
_06051_,2.04
_06303_,2.04
_06327_,2.04
_06341_,2.04
_06356_,2.04
_06555_,2.04
_06646_,2.04
_06811_,2.04
_08161_,2.04
_08762_,2.04
_08794_,2.04
_08891_,2.04
_09106_,2.04
_09443_,2.04
_09607_,2.04
_09614_,2.04
_09881_,2.04
_10198_,2.04
_11542_,2.04
_11999_,2.04
_12327_,2.04
_12519_,2.04
_13150_,2.04
_13401_,2.04
_14435_,2.04
net75,2.04
net99,2.04
_00069_,2.005
_00100_,2.005
_00123_,2.005
_00206_,2.005
_06309_,1.94
_06595_,1.94
_06711_,1.94
_06776_,1.94
_08942_,1.94
_09241_,1.94
_11987_,1.94
_13545_,1.94
_14109_,1.94
_06217_,1.885
_11777_,1.85
_01037_,1.84
_01551_,1.84
_02046_,1.84
_03729_,1.84
_05640_,1.84
_05744_,1.84
_05944_,1.84
_06048_,1.84
_06127_,1.84
_06140_,1.84
_06145_,1.84
_06190_,1.84
_06274_,1.84
_08555_,1.84
_09134_,1.84
_10143_,1.84
_10290_,1.84
_10565_,1.84
_10710_,1.84
_11241_,1.84
_12007_,1.84
_00048_,1.82
_00078_,1.82
_00090_,1.82
_00091_,1.82
_00105_,1.82
_00114_,1.82
_00155_,1.82
_00178_,1.82
_00191_,1.82
_00229_,1.82
_00240_,1.82
_00248_,1.82
_00274_,1.82
_00283_,1.82
_00316_,1.82
_00363_,1.82
_00384_,1.82
_00387_,1.82
_00399_,1.82
_00433_,1.82
_00434_,1.82
_00444_,1.82
_00542_,1.82
_02845_,1.82
_03455_,1.82
_07702_,1.82
_08005_,1.82
_08339_,1.82
_09568_,1.82
_09902_,1.82
_13138_,1.82
_14168_,1.82
_10551_,1.74
_06624_,1.73
_00637_,1.72
_00944_,1.72
_01026_,1.72
_01340_,1.72
_02758_,1.72
_02948_,1.72
_03972_,1.72
_04394_,1.72
_04572_,1.72
_05075_,1.72
_05222_,1.72
_05652_,1.72
_05732_,1.72
_05913_,1.72
_05990_,1.72
_06722_,1.72
_08239_,1.72
_09377_,1.72
_09432_,1.72
_09748_,1.72
_10590_,1.72
_10662_,1.72
_10726_,1.72
_11485_,1.72
_13490_,1.72
_13735_,1.72
net79,1.72
_00007_,1.7
_00195_,1.7
_00211_,1.7
_00227_,1.7
_00330_,1.7
_00359_,1.7
_00435_,1.7
_00966_,1.7
_02976_,1.7
_04066_,1.7
_04103_,1.7
_05620_,1.7
_05993_,1.7
_06046_,1.7
_06063_,1.7
_06276_,1.7
_06751_,1.7
_06756_,1.7
_06897_,1.7
_06946_,1.7
_07258_,1.7
_07405_,1.7
_07810_,1.7
_07966_,1.7
_08214_,1.7
_09255_,1.7
_09610_,1.7
_09655_,1.7
_09830_,1.7
_09998_,1.7
_10152_,1.7
_10211_,1.7
_10464_,1.7
_10483_,1.7
_10609_,1.7
_10756_,1.7
_11140_,1.7
_11459_,1.7
_11655_,1.7
_12021_,1.7
_12194_,1.7
_12446_,1.7
_12483_,1.7
_12847_,1.7
net91,1.7
net134,1.7
_01476_,1.6
_02399_,1.6
_02908_,1.6
_03249_,1.6
_03259_,1.6
_04611_,1.6
_04666_,1.6
_05790_,1.6
_05806_,1.6
_05834_,1.6
_05848_,1.6
_05923_,1.6
_05965_,1.6
_05981_,1.6
_06006_,1.6
_06108_,1.6
_06117_,1.6
_06152_,1.6
_06259_,1.6
_10459_,1.6
_10786_,1.6
_10848_,1.6
_10863_,1.6
_13530_,1.6
_13949_,1.6
_13967_,1.6
_13976_,1.6
_13983_,1.6
_14023_,1.6
_14045_,1.6
_14052_,1.6
_14062_,1.6
_00005_,1.545
_00228_,1.545
_01754_,1.48
_05780_,1.48
_08918_,1.48
_09983_,1.48
_10125_,1.48
_12135_,1.48
_14136_,1.48
_14144_,1.48
_00604_,1.38
_00790_,1.38
_01628_,1.38
_01660_,1.38
_01752_,1.38
_02938_,1.38
_03859_,1.38
_04152_,1.38
_04273_,1.38
_04330_,1.38
_04886_,1.38
_05391_,1.38
_05899_,1.38
_05960_,1.38
_05982_,1.38
_05987_,1.38
_07830_,1.38
_08684_,1.38
_09233_,1.38
_09490_,1.38
_09700_,1.38
_13495_,1.38
_14425_,1.38
_00004_,1.36
_00006_,1.36
_00053_,1.36
_00067_,1.36
_00084_,1.36
_00192_,1.36
_00242_,1.36
_00290_,1.36
_00382_,1.36
_00419_,1.36
_00453_,1.36
_07097_,1.36
_14126_,1.36
_01041_,1.26
_03185_,1.26
_03202_,1.26
_04162_,1.26
_06280_,1.26
_07084_,1.26
_08299_,1.26
_09371_,1.26
_10449_,1.26
_10741_,1.26
_10761_,1.26
_10920_,1.26
_11435_,1.26
_12350_,1.26
_12764_,1.26
_13043_,1.26
_13392_,1.26
_13870_,1.26
_13880_,1.26
_14093_,1.26
_14128_,1.26
_14131_,1.26
_14315_,1.26
_07023_,1.175
_00728_,1.14
_02085_,1.14
_02601_,1.14
_03244_,1.14
_03277_,1.14
_03552_,1.14
_04035_,1.14
_04663_,1.14
_04803_,1.14
_05192_,1.14
_05814_,1.14
_05851_,1.14
_05854_,1.14
_06061_,1.14
_06095_,1.14
_06097_,1.14
_06195_,1.14
_06202_,1.14
_06253_,1.14
_06305_,1.14
_06310_,1.14
_06315_,1.14
_09090_,1.14
_09287_,1.14
_09795_,1.14
_10206_,1.14
_10538_,1.14
_10806_,1.14
_10825_,1.14
_10872_,1.14
_10875_,1.14
_10877_,1.14
_10878_,1.14
_10882_,1.14
_10894_,1.14
_13608_,1.14
_13796_,1.14
_13938_,1.14
_13952_,1.14
_13959_,1.14
_13980_,1.14
_14006_,1.14
_14008_,1.14
_14037_,1.14
_14135_,1.14
_14167_,1.14
_00464_,1.085
_03090_,1.02
_06220_,1.02
_06223_,1.02
_09850_,1.02
_13855_,1.02
_00733_,0.92
_00870_,0.92
_00923_,0.92
_01070_,0.92
_01616_,0.92
_01909_,0.92
_02026_,0.92
_03077_,0.92
_04137_,0.92
_04441_,0.92
_04790_,0.92
_04866_,0.92
_06686_,0.92
_06688_,0.92
_08677_,0.92
_08821_,0.92
_09908_,0.92
_10301_,0.92
_10411_,0.92
_11217_,0.92
_11890_,0.92
_14313_,0.92
_00547_,0.8
_00698_,0.8
_01790_,0.8
_02300_,0.8
_02890_,0.8
_04428_,0.8
_04739_,0.8
_05903_,0.8
_06453_,0.8
_08083_,0.8
_08545_,0.8
_08604_,0.8
_09058_,0.8
_10002_,0.8
_11189_,0.8
_11950_,0.8
_13222_,0.8
_00646_,0.46
_01047_,0.46
_01065_,0.46
_01892_,0.46
_02172_,0.46
_02421_,0.46
_04373_,0.46
_04826_,0.46
_05032_,0.46
_06415_,0.46
_08518_,0.46
_09430_,0.46
_09722_,0.46
_10114_,0.46
_10288_,0.46
_10309_,0.46
_10487_,0.46
_11223_,0.46
_11483_,0.46
_11942_,0.46
_11952_,0.46
_11963_,0.46
_12356_,0.46
_12966_,0.46
_13240_,0.46
_13373_,0.46
_13715_,0.46
