Copyright 1986-2018 Xilinx, Inc. All Rights Reserved.
--------------------------------------------------------------------------------------------------------------------------------------------------------------------------------------------------------
| Tool Version : Vivado v.2018.2 (win64) Build 2258646 Thu Jun 14 20:03:12 MDT 2018
| Date         : Sat Aug 15 09:24:41 2026
| Host         : Martin running 64-bit major release  (build 9200)
| Command      : report_timing_summary -max_paths 10 -file fft_wrapper_timing_summary_routed.rpt -pb fft_wrapper_timing_summary_routed.pb -rpx fft_wrapper_timing_summary_routed.rpx -warn_on_violation
| Design       : fft_wrapper
| Device       : 7z020-clg484
| Speed File   : -2  PRODUCTION 1.11 2014-09-11
--------------------------------------------------------------------------------------------------------------------------------------------------------------------------------------------------------

Timing Summary Report

------------------------------------------------------------------------------------------------
| Timer Settings
| --------------
------------------------------------------------------------------------------------------------

  Enable Multi Corner Analysis               :  Yes
  Enable Pessimism Removal                   :  Yes
  Pessimism Removal Resolution               :  Nearest Common Node
  Enable Input Delay Default Clock           :  No
  Enable Preset / Clear Arcs                 :  No
  Disable Flight Delays                      :  No
  Ignore I/O Paths                           :  No
  Timing Early Launch at Borrowing Latches   :  false

  Corner  Analyze    Analyze    
  Name    Max Paths  Min Paths  
  ------  ---------  ---------  
  Slow    Yes        Yes        
  Fast    Yes        Yes        



check_timing report

Table of Contents
-----------------
1. checking no_clock
2. checking constant_clock
3. checking pulse_width_clock
4. checking unconstrained_internal_endpoints
5. checking no_input_delay
6. checking no_output_delay
7. checking multiple_clock
8. checking generated_clocks
9. checking loops
10. checking partial_input_delay
11. checking partial_output_delay
12. checking latch_loops

1. checking no_clock
--------------------
 There are 0 register/latch pins with no clock.


2. checking constant_clock
--------------------------
 There are 0 register/latch pins with constant_clock.


3. checking pulse_width_clock
-----------------------------
 There are 0 register/latch pins which need pulse_width check


4. checking unconstrained_internal_endpoints
--------------------------------------------
 There are 0 pins that are not constrained for maximum delay.

 There are 0 pins that are not constrained for maximum delay due to constant clock.


5. checking no_input_delay
--------------------------
 There are 26 input ports with no input delay specified. (HIGH)

 There are 0 input ports with no input delay but user has a false path constraint.


6. checking no_output_delay
---------------------------
 There are 24 ports with no output delay specified. (HIGH)

 There are 0 ports with no output delay but user has a false path constraint

 There are 0 ports with no output delay but with a timing clock defined on it or propagating through it


7. checking multiple_clock
--------------------------
 There are 0 register/latch pins with multiple clocks.


8. checking generated_clocks
----------------------------
 There are 0 generated clocks that are not connected to a clock source.


9. checking loops
-----------------
 There are 0 combinational loops in the design.


10. checking partial_input_delay
--------------------------------
 There are 0 input ports with partial input delay specified.


11. checking partial_output_delay
---------------------------------
 There are 0 ports with partial output delay specified.


12. checking latch_loops
------------------------
 There are 0 combinational latch loops in the design through latch input



------------------------------------------------------------------------------------------------
| Design Timing Summary
| ---------------------
------------------------------------------------------------------------------------------------

    WNS(ns)      TNS(ns)  TNS Failing Endpoints  TNS Total Endpoints      WHS(ns)      THS(ns)  THS Failing Endpoints  THS Total Endpoints     WPWS(ns)     TPWS(ns)  TPWS Failing Endpoints  TPWS Total Endpoints  
    -------      -------  ---------------------  -------------------      -------      -------  ---------------------  -------------------     --------     --------  ----------------------  --------------------  
      4.052        0.000                      0                  712        0.045        0.000                      0                  712        9.500        0.000                       0                   377  


All user specified timing constraints are met.


------------------------------------------------------------------------------------------------
| Clock Summary
| -------------
------------------------------------------------------------------------------------------------

Clock  Waveform(ns)       Period(ns)      Frequency(MHz)
-----  ------------       ----------      --------------
clk    {0.000 10.000}     20.000          50.000          


------------------------------------------------------------------------------------------------
| Intra Clock Table
| -----------------
------------------------------------------------------------------------------------------------

Clock             WNS(ns)      TNS(ns)  TNS Failing Endpoints  TNS Total Endpoints      WHS(ns)      THS(ns)  THS Failing Endpoints  THS Total Endpoints     WPWS(ns)     TPWS(ns)  TPWS Failing Endpoints  TPWS Total Endpoints  
-----             -------      -------  ---------------------  -------------------      -------      -------  ---------------------  -------------------     --------     --------  ----------------------  --------------------  
clk                 4.052        0.000                      0                  712        0.045        0.000                      0                  712        9.500        0.000                       0                   377  


------------------------------------------------------------------------------------------------
| Inter Clock Table
| -----------------
------------------------------------------------------------------------------------------------

From Clock    To Clock          WNS(ns)      TNS(ns)  TNS Failing Endpoints  TNS Total Endpoints      WHS(ns)      THS(ns)  THS Failing Endpoints  THS Total Endpoints  
----------    --------          -------      -------  ---------------------  -------------------      -------      -------  ---------------------  -------------------  


------------------------------------------------------------------------------------------------
| Other Path Groups Table
| -----------------------
------------------------------------------------------------------------------------------------

Path Group    From Clock    To Clock          WNS(ns)      TNS(ns)  TNS Failing Endpoints  TNS Total Endpoints      WHS(ns)      THS(ns)  THS Failing Endpoints  THS Total Endpoints  
----------    ----------    --------          -------      -------  ---------------------  -------------------      -------      -------  ---------------------  -------------------  


------------------------------------------------------------------------------------------------
| Timing Details
| --------------
------------------------------------------------------------------------------------------------


---------------------------------------------------------------------------------------------------
From Clock:  clk
  To Clock:  clk

Setup :            0  Failing Endpoints,  Worst Slack        4.052ns,  Total Violation        0.000ns
Hold  :            0  Failing Endpoints,  Worst Slack        0.045ns,  Total Violation        0.000ns
PW    :            0  Failing Endpoints,  Worst Slack        9.500ns,  Total Violation        0.000ns
---------------------------------------------------------------------------------------------------


Max Delay Paths
--------------------------------------------------------------------------------------
Slack (MET) :             4.052ns  (required time - arrival time)
  Source:                 u_s1/delay_ptr_reg[1]/C
                            (rising edge-triggered cell FDCE clocked by clk  {rise@0.000ns fall@10.000ns period=20.000ns})
  Destination:            u_s2/delay_line_im_reg[1][11]/D
                            (rising edge-triggered cell FDCE clocked by clk  {rise@0.000ns fall@10.000ns period=20.000ns})
  Path Group:             clk
  Path Type:              Setup (Max at Slow Process Corner)
  Requirement:            20.000ns  (clk rise@20.000ns - clk rise@0.000ns)
  Data Path Delay:        15.661ns  (logic 8.352ns (53.332%)  route 7.309ns (46.668%))
  Logic Levels:           15  (CARRY4=8 DSP48E1=2 LUT2=1 LUT3=1 LUT4=1 LUT5=1 LUT6=1)
  Clock Path Skew:        -0.123ns (DCD - SCD + CPR)
    Destination Clock Delay (DCD):    4.401ns = ( 24.401 - 20.000 ) 
    Source Clock Delay      (SCD):    4.864ns
    Clock Pessimism Removal (CPR):    0.340ns
  Clock Uncertainty:      0.135ns  ((TSJ^2 + TIJ^2)^1/2 + DJ) / 2 + PE + UU
    Total System Jitter     (TSJ):    0.071ns
    Total Input Jitter      (TIJ):    0.000ns
    Discrete Jitter          (DJ):    0.000ns
    Phase Error              (PE):    0.000ns
    User Uncertainty         (UU):    0.100ns

    Location             Delay type                Incr(ns)  Path(ns)    Netlist Resource(s)
  -------------------------------------------------------------------    -------------------
                         (clock clk rise edge)        0.000     0.000 r  
    Y9                                                0.000     0.000 r  clk (IN)
                         net (fo=0)                   0.000     0.000    clk
    Y9                   IBUF (Prop_ibuf_I_O)         1.421     1.421 r  clk_IBUF_inst/O
                         net (fo=1, routed)           1.843     3.264    clk_IBUF
    BUFGCTRL_X0Y0        BUFG (Prop_bufg_I_O)         0.085     3.349 r  clk_IBUF_BUFG_inst/O
                         net (fo=376, routed)         1.515     4.864    u_s1/CLK
    SLICE_X105Y32        FDCE                                         r  u_s1/delay_ptr_reg[1]/C
  -------------------------------------------------------------------    -------------------
    SLICE_X105Y32        FDCE (Prop_fdce_C_Q)         0.348     5.212 r  u_s1/delay_ptr_reg[1]/Q
                         net (fo=58, routed)          1.144     6.356    u_s1/u_bf/delay_ptr_reg[2]_10[1]
    SLICE_X99Y33         LUT6 (Prop_lut6_I2_O)        0.242     6.598 r  u_s1/u_bf/butterfly_diff_re_carry__1_i_12/O
                         net (fo=3, routed)           1.099     7.697    u_s1/u_bf/delay_line_re_reg[1][8]
    SLICE_X98Y29         LUT3 (Prop_lut3_I0_O)        0.118     7.815 r  u_s1/u_bf/delay_line_re[3][8]_i_2/O
                         net (fo=5, routed)           0.613     8.427    u_s1/u_bf/delay_line_re[8]
    SLICE_X96Y28         LUT2 (Prop_lut2_I0_O)        0.264     8.691 r  u_s1/u_bf/butterfly_sum_re_carry__1_i_8/O
                         net (fo=1, routed)           0.000     8.691    u_s1/u_bf/butterfly_sum_re_carry__1_i_8_n_0
    SLICE_X96Y28         CARRY4 (Prop_carry4_S[0]_CO[3])
                                                      0.423     9.114 r  u_s1/u_bf/butterfly_sum_re_carry__1/CO[3]
                         net (fo=1, routed)           0.000     9.114    u_s1/u_bf/butterfly_sum_re_carry__1_n_0
    SLICE_X96Y29         CARRY4 (Prop_carry4_CI_O[0])
                                                      0.178     9.292 r  u_s1/u_bf/butterfly_sum_re_carry__2/O[0]
                         net (fo=4, routed)           0.570     9.862    u_s1/u_bf/butterfly_sum_re_carry__2_n_7
    SLICE_X95Y26         LUT4 (Prop_lut4_I0_O)        0.238    10.100 r  u_s1/u_bf/butterfly_diff_re_carry__1_i_5__2/O
                         net (fo=1, routed)           0.000    10.100    u_s2/u_bf/phase_counter_reg[3]_2[3]
    SLICE_X95Y26         CARRY4 (Prop_carry4_S[3]_CO[3])
                                                      0.332    10.432 r  u_s2/u_bf/butterfly_diff_re_carry__1/CO[3]
                         net (fo=1, routed)           0.000    10.432    u_s2/u_bf/butterfly_diff_re_carry__1_n_0
    SLICE_X95Y27         CARRY4 (Prop_carry4_CI_O[0])
                                                      0.180    10.612 r  u_s2/u_bf/butterfly_diff_re_carry__2/O[0]
                         net (fo=38, routed)          0.873    11.485    u_s2/g_mult.u_mul/A[11]
    DSP48_X4Y11          DSP48E1 (Prop_dsp48e1_A[16]_P[22])
                                                      3.374    14.859 r  u_s2/g_mult.u_mul/real_imag_product/P[22]
                         net (fo=26, routed)          0.890    15.749    u_s2/g_mult.u_mul/real_imag_product__0[22]
    DSP48_X4Y10          DSP48E1 (Prop_dsp48e1_C[45]_P[10])
                                                      1.523    17.272 r  u_s2/g_mult.u_mul/full_precision_imag/P[10]
                         net (fo=2, routed)           0.730    18.002    u_s2/g_mult.u_mul/full_precision_imag__0[10]
    SLICE_X102Y24        CARRY4 (Prop_carry4_DI[1]_CO[3])
                                                      0.430    18.432 r  u_s2/g_mult.u_mul/product_im0_carry/CO[3]
                         net (fo=1, routed)           0.008    18.440    u_s2/g_mult.u_mul/product_im0_carry_n_0
    SLICE_X102Y25        CARRY4 (Prop_carry4_CI_CO[3])
                                                      0.100    18.540 r  u_s2/g_mult.u_mul/product_im0_carry__0/CO[3]
                         net (fo=1, routed)           0.000    18.540    u_s2/g_mult.u_mul/product_im0_carry__0_n_0
    SLICE_X102Y26        CARRY4 (Prop_carry4_CI_CO[3])
                                                      0.100    18.640 r  u_s2/g_mult.u_mul/product_im0_carry__1/CO[3]
                         net (fo=1, routed)           0.000    18.640    u_s2/g_mult.u_mul/product_im0_carry__1_n_0
    SLICE_X102Y27        CARRY4 (Prop_carry4_CI_O[1])
                                                      0.257    18.897 r  u_s2/g_mult.u_mul/product_im0_carry__2/O[1]
                         net (fo=1, routed)           0.362    19.260    u_s1/u_bf/full_precision_imag_4[1]
    SLICE_X99Y27         LUT5 (Prop_lut5_I3_O)        0.245    19.505 r  u_s1/u_bf/delay_line_im[3][11]_i_2/O
                         net (fo=4, routed)           1.020    20.525    u_s2/D[11]
    SLICE_X82Y26         FDCE                                         r  u_s2/delay_line_im_reg[1][11]/D
  -------------------------------------------------------------------    -------------------

                         (clock clk rise edge)       20.000    20.000 r  
    Y9                                                0.000    20.000 r  clk (IN)
                         net (fo=0)                   0.000    20.000    clk
    Y9                   IBUF (Prop_ibuf_I_O)         1.355    21.355 r  clk_IBUF_inst/O
                         net (fo=1, routed)           1.673    23.029    clk_IBUF
    BUFGCTRL_X0Y0        BUFG (Prop_bufg_I_O)         0.077    23.106 r  clk_IBUF_BUFG_inst/O
                         net (fo=376, routed)         1.296    24.401    u_s2/CLK
    SLICE_X82Y26         FDCE                                         r  u_s2/delay_line_im_reg[1][11]/C
                         clock pessimism              0.340    24.741    
                         clock uncertainty           -0.135    24.606    
    SLICE_X82Y26         FDCE (Setup_fdce_C_D)       -0.029    24.577    u_s2/delay_line_im_reg[1][11]
  -------------------------------------------------------------------
                         required time                         24.577    
                         arrival time                         -20.525    
  -------------------------------------------------------------------
                         slack                                  4.052    

Slack (MET) :             4.069ns  (required time - arrival time)
  Source:                 u_s1/delay_ptr_reg[1]/C
                            (rising edge-triggered cell FDCE clocked by clk  {rise@0.000ns fall@10.000ns period=20.000ns})
  Destination:            u_s2/delay_line_im_reg[1][10]/D
                            (rising edge-triggered cell FDCE clocked by clk  {rise@0.000ns fall@10.000ns period=20.000ns})
  Path Group:             clk
  Path Type:              Setup (Max at Slow Process Corner)
  Requirement:            20.000ns  (clk rise@20.000ns - clk rise@0.000ns)
  Data Path Delay:        15.640ns  (logic 8.266ns (52.853%)  route 7.374ns (47.147%))
  Logic Levels:           15  (CARRY4=8 DSP48E1=2 LUT2=1 LUT3=1 LUT4=1 LUT5=1 LUT6=1)
  Clock Path Skew:        -0.123ns (DCD - SCD + CPR)
    Destination Clock Delay (DCD):    4.401ns = ( 24.401 - 20.000 ) 
    Source Clock Delay      (SCD):    4.864ns
    Clock Pessimism Removal (CPR):    0.340ns
  Clock Uncertainty:      0.135ns  ((TSJ^2 + TIJ^2)^1/2 + DJ) / 2 + PE + UU
    Total System Jitter     (TSJ):    0.071ns
    Total Input Jitter      (TIJ):    0.000ns
    Discrete Jitter          (DJ):    0.000ns
    Phase Error              (PE):    0.000ns
    User Uncertainty         (UU):    0.100ns

    Location             Delay type                Incr(ns)  Path(ns)    Netlist Resource(s)
  -------------------------------------------------------------------    -------------------
                         (clock clk rise edge)        0.000     0.000 r  
    Y9                                                0.000     0.000 r  clk (IN)
                         net (fo=0)                   0.000     0.000    clk
    Y9                   IBUF (Prop_ibuf_I_O)         1.421     1.421 r  clk_IBUF_inst/O
                         net (fo=1, routed)           1.843     3.264    clk_IBUF
    BUFGCTRL_X0Y0        BUFG (Prop_bufg_I_O)         0.085     3.349 r  clk_IBUF_BUFG_inst/O
                         net (fo=376, routed)         1.515     4.864    u_s1/CLK
    SLICE_X105Y32        FDCE                                         r  u_s1/delay_ptr_reg[1]/C
  -------------------------------------------------------------------    -------------------
    SLICE_X105Y32        FDCE (Prop_fdce_C_Q)         0.348     5.212 r  u_s1/delay_ptr_reg[1]/Q
                         net (fo=58, routed)          1.144     6.356    u_s1/u_bf/delay_ptr_reg[2]_10[1]
    SLICE_X99Y33         LUT6 (Prop_lut6_I2_O)        0.242     6.598 r  u_s1/u_bf/butterfly_diff_re_carry__1_i_12/O
                         net (fo=3, routed)           1.099     7.697    u_s1/u_bf/delay_line_re_reg[1][8]
    SLICE_X98Y29         LUT3 (Prop_lut3_I0_O)        0.118     7.815 r  u_s1/u_bf/delay_line_re[3][8]_i_2/O
                         net (fo=5, routed)           0.613     8.427    u_s1/u_bf/delay_line_re[8]
    SLICE_X96Y28         LUT2 (Prop_lut2_I0_O)        0.264     8.691 r  u_s1/u_bf/butterfly_sum_re_carry__1_i_8/O
                         net (fo=1, routed)           0.000     8.691    u_s1/u_bf/butterfly_sum_re_carry__1_i_8_n_0
    SLICE_X96Y28         CARRY4 (Prop_carry4_S[0]_CO[3])
                                                      0.423     9.114 r  u_s1/u_bf/butterfly_sum_re_carry__1/CO[3]
                         net (fo=1, routed)           0.000     9.114    u_s1/u_bf/butterfly_sum_re_carry__1_n_0
    SLICE_X96Y29         CARRY4 (Prop_carry4_CI_O[0])
                                                      0.178     9.292 r  u_s1/u_bf/butterfly_sum_re_carry__2/O[0]
                         net (fo=4, routed)           0.570     9.862    u_s1/u_bf/butterfly_sum_re_carry__2_n_7
    SLICE_X95Y26         LUT4 (Prop_lut4_I0_O)        0.238    10.100 r  u_s1/u_bf/butterfly_diff_re_carry__1_i_5__2/O
                         net (fo=1, routed)           0.000    10.100    u_s2/u_bf/phase_counter_reg[3]_2[3]
    SLICE_X95Y26         CARRY4 (Prop_carry4_S[3]_CO[3])
                                                      0.332    10.432 r  u_s2/u_bf/butterfly_diff_re_carry__1/CO[3]
                         net (fo=1, routed)           0.000    10.432    u_s2/u_bf/butterfly_diff_re_carry__1_n_0
    SLICE_X95Y27         CARRY4 (Prop_carry4_CI_O[0])
                                                      0.180    10.612 r  u_s2/u_bf/butterfly_diff_re_carry__2/O[0]
                         net (fo=38, routed)          0.873    11.485    u_s2/g_mult.u_mul/A[11]
    DSP48_X4Y11          DSP48E1 (Prop_dsp48e1_A[16]_P[22])
                                                      3.374    14.859 r  u_s2/g_mult.u_mul/real_imag_product/P[22]
                         net (fo=26, routed)          0.890    15.749    u_s2/g_mult.u_mul/real_imag_product__0[22]
    DSP48_X4Y10          DSP48E1 (Prop_dsp48e1_C[45]_P[10])
                                                      1.523    17.272 r  u_s2/g_mult.u_mul/full_precision_imag/P[10]
                         net (fo=2, routed)           0.730    18.002    u_s2/g_mult.u_mul/full_precision_imag__0[10]
    SLICE_X102Y24        CARRY4 (Prop_carry4_DI[1]_CO[3])
                                                      0.430    18.432 r  u_s2/g_mult.u_mul/product_im0_carry/CO[3]
                         net (fo=1, routed)           0.008    18.440    u_s2/g_mult.u_mul/product_im0_carry_n_0
    SLICE_X102Y25        CARRY4 (Prop_carry4_CI_CO[3])
                                                      0.100    18.540 r  u_s2/g_mult.u_mul/product_im0_carry__0/CO[3]
                         net (fo=1, routed)           0.000    18.540    u_s2/g_mult.u_mul/product_im0_carry__0_n_0
    SLICE_X102Y26        CARRY4 (Prop_carry4_CI_CO[3])
                                                      0.100    18.640 r  u_s2/g_mult.u_mul/product_im0_carry__1/CO[3]
                         net (fo=1, routed)           0.000    18.640    u_s2/g_mult.u_mul/product_im0_carry__1_n_0
    SLICE_X102Y27        CARRY4 (Prop_carry4_CI_O[0])
                                                      0.178    18.818 r  u_s2/g_mult.u_mul/product_im0_carry__2/O[0]
                         net (fo=1, routed)           0.562    19.380    u_s1/u_bf/full_precision_imag_4[0]
    SLICE_X99Y27         LUT5 (Prop_lut5_I0_O)        0.238    19.618 r  u_s1/u_bf/delay_line_im[3][10]_i_1/O
                         net (fo=4, routed)           0.886    20.504    u_s2/D[10]
    SLICE_X82Y26         FDCE                                         r  u_s2/delay_line_im_reg[1][10]/D
  -------------------------------------------------------------------    -------------------

                         (clock clk rise edge)       20.000    20.000 r  
    Y9                                                0.000    20.000 r  clk (IN)
                         net (fo=0)                   0.000    20.000    clk
    Y9                   IBUF (Prop_ibuf_I_O)         1.355    21.355 r  clk_IBUF_inst/O
                         net (fo=1, routed)           1.673    23.029    clk_IBUF
    BUFGCTRL_X0Y0        BUFG (Prop_bufg_I_O)         0.077    23.106 r  clk_IBUF_BUFG_inst/O
                         net (fo=376, routed)         1.296    24.401    u_s2/CLK
    SLICE_X82Y26         FDCE                                         r  u_s2/delay_line_im_reg[1][10]/C
                         clock pessimism              0.340    24.741    
                         clock uncertainty           -0.135    24.606    
    SLICE_X82Y26         FDCE (Setup_fdce_C_D)       -0.033    24.573    u_s2/delay_line_im_reg[1][10]
  -------------------------------------------------------------------
                         required time                         24.573    
                         arrival time                         -20.504    
  -------------------------------------------------------------------
                         slack                                  4.069    

Slack (MET) :             4.119ns  (required time - arrival time)
  Source:                 u_s1/delay_ptr_reg[1]/C
                            (rising edge-triggered cell FDCE clocked by clk  {rise@0.000ns fall@10.000ns period=20.000ns})
  Destination:            u_s2/delay_line_im_reg[2][10]/D
                            (rising edge-triggered cell FDCE clocked by clk  {rise@0.000ns fall@10.000ns period=20.000ns})
  Path Group:             clk
  Path Type:              Setup (Max at Slow Process Corner)
  Requirement:            20.000ns  (clk rise@20.000ns - clk rise@0.000ns)
  Data Path Delay:        15.575ns  (logic 8.266ns (53.071%)  route 7.309ns (46.929%))
  Logic Levels:           15  (CARRY4=8 DSP48E1=2 LUT2=1 LUT3=1 LUT4=1 LUT5=1 LUT6=1)
  Clock Path Skew:        -0.123ns (DCD - SCD + CPR)
    Destination Clock Delay (DCD):    4.401ns = ( 24.401 - 20.000 ) 
    Source Clock Delay      (SCD):    4.864ns
    Clock Pessimism Removal (CPR):    0.340ns
  Clock Uncertainty:      0.135ns  ((TSJ^2 + TIJ^2)^1/2 + DJ) / 2 + PE + UU
    Total System Jitter     (TSJ):    0.071ns
    Total Input Jitter      (TIJ):    0.000ns
    Discrete Jitter          (DJ):    0.000ns
    Phase Error              (PE):    0.000ns
    User Uncertainty         (UU):    0.100ns

    Location             Delay type                Incr(ns)  Path(ns)    Netlist Resource(s)
  -------------------------------------------------------------------    -------------------
                         (clock clk rise edge)        0.000     0.000 r  
    Y9                                                0.000     0.000 r  clk (IN)
                         net (fo=0)                   0.000     0.000    clk
    Y9                   IBUF (Prop_ibuf_I_O)         1.421     1.421 r  clk_IBUF_inst/O
                         net (fo=1, routed)           1.843     3.264    clk_IBUF
    BUFGCTRL_X0Y0        BUFG (Prop_bufg_I_O)         0.085     3.349 r  clk_IBUF_BUFG_inst/O
                         net (fo=376, routed)         1.515     4.864    u_s1/CLK
    SLICE_X105Y32        FDCE                                         r  u_s1/delay_ptr_reg[1]/C
  -------------------------------------------------------------------    -------------------
    SLICE_X105Y32        FDCE (Prop_fdce_C_Q)         0.348     5.212 r  u_s1/delay_ptr_reg[1]/Q
                         net (fo=58, routed)          1.144     6.356    u_s1/u_bf/delay_ptr_reg[2]_10[1]
    SLICE_X99Y33         LUT6 (Prop_lut6_I2_O)        0.242     6.598 r  u_s1/u_bf/butterfly_diff_re_carry__1_i_12/O
                         net (fo=3, routed)           1.099     7.697    u_s1/u_bf/delay_line_re_reg[1][8]
    SLICE_X98Y29         LUT3 (Prop_lut3_I0_O)        0.118     7.815 r  u_s1/u_bf/delay_line_re[3][8]_i_2/O
                         net (fo=5, routed)           0.613     8.427    u_s1/u_bf/delay_line_re[8]
    SLICE_X96Y28         LUT2 (Prop_lut2_I0_O)        0.264     8.691 r  u_s1/u_bf/butterfly_sum_re_carry__1_i_8/O
                         net (fo=1, routed)           0.000     8.691    u_s1/u_bf/butterfly_sum_re_carry__1_i_8_n_0
    SLICE_X96Y28         CARRY4 (Prop_carry4_S[0]_CO[3])
                                                      0.423     9.114 r  u_s1/u_bf/butterfly_sum_re_carry__1/CO[3]
                         net (fo=1, routed)           0.000     9.114    u_s1/u_bf/butterfly_sum_re_carry__1_n_0
    SLICE_X96Y29         CARRY4 (Prop_carry4_CI_O[0])
                                                      0.178     9.292 r  u_s1/u_bf/butterfly_sum_re_carry__2/O[0]
                         net (fo=4, routed)           0.570     9.862    u_s1/u_bf/butterfly_sum_re_carry__2_n_7
    SLICE_X95Y26         LUT4 (Prop_lut4_I0_O)        0.238    10.100 r  u_s1/u_bf/butterfly_diff_re_carry__1_i_5__2/O
                         net (fo=1, routed)           0.000    10.100    u_s2/u_bf/phase_counter_reg[3]_2[3]
    SLICE_X95Y26         CARRY4 (Prop_carry4_S[3]_CO[3])
                                                      0.332    10.432 r  u_s2/u_bf/butterfly_diff_re_carry__1/CO[3]
                         net (fo=1, routed)           0.000    10.432    u_s2/u_bf/butterfly_diff_re_carry__1_n_0
    SLICE_X95Y27         CARRY4 (Prop_carry4_CI_O[0])
                                                      0.180    10.612 r  u_s2/u_bf/butterfly_diff_re_carry__2/O[0]
                         net (fo=38, routed)          0.873    11.485    u_s2/g_mult.u_mul/A[11]
    DSP48_X4Y11          DSP48E1 (Prop_dsp48e1_A[16]_P[22])
                                                      3.374    14.859 r  u_s2/g_mult.u_mul/real_imag_product/P[22]
                         net (fo=26, routed)          0.890    15.749    u_s2/g_mult.u_mul/real_imag_product__0[22]
    DSP48_X4Y10          DSP48E1 (Prop_dsp48e1_C[45]_P[10])
                                                      1.523    17.272 r  u_s2/g_mult.u_mul/full_precision_imag/P[10]
                         net (fo=2, routed)           0.730    18.002    u_s2/g_mult.u_mul/full_precision_imag__0[10]
    SLICE_X102Y24        CARRY4 (Prop_carry4_DI[1]_CO[3])
                                                      0.430    18.432 r  u_s2/g_mult.u_mul/product_im0_carry/CO[3]
                         net (fo=1, routed)           0.008    18.440    u_s2/g_mult.u_mul/product_im0_carry_n_0
    SLICE_X102Y25        CARRY4 (Prop_carry4_CI_CO[3])
                                                      0.100    18.540 r  u_s2/g_mult.u_mul/product_im0_carry__0/CO[3]
                         net (fo=1, routed)           0.000    18.540    u_s2/g_mult.u_mul/product_im0_carry__0_n_0
    SLICE_X102Y26        CARRY4 (Prop_carry4_CI_CO[3])
                                                      0.100    18.640 r  u_s2/g_mult.u_mul/product_im0_carry__1/CO[3]
                         net (fo=1, routed)           0.000    18.640    u_s2/g_mult.u_mul/product_im0_carry__1_n_0
    SLICE_X102Y27        CARRY4 (Prop_carry4_CI_O[0])
                                                      0.178    18.818 r  u_s2/g_mult.u_mul/product_im0_carry__2/O[0]
                         net (fo=1, routed)           0.562    19.380    u_s1/u_bf/full_precision_imag_4[0]
    SLICE_X99Y27         LUT5 (Prop_lut5_I0_O)        0.238    19.618 r  u_s1/u_bf/delay_line_im[3][10]_i_1/O
                         net (fo=4, routed)           0.822    20.440    u_s2/D[10]
    SLICE_X84Y26         FDCE                                         r  u_s2/delay_line_im_reg[2][10]/D
  -------------------------------------------------------------------    -------------------

                         (clock clk rise edge)       20.000    20.000 r  
    Y9                                                0.000    20.000 r  clk (IN)
                         net (fo=0)                   0.000    20.000    clk
    Y9                   IBUF (Prop_ibuf_I_O)         1.355    21.355 r  clk_IBUF_inst/O
                         net (fo=1, routed)           1.673    23.029    clk_IBUF
    BUFGCTRL_X0Y0        BUFG (Prop_bufg_I_O)         0.077    23.106 r  clk_IBUF_BUFG_inst/O
                         net (fo=376, routed)         1.296    24.401    u_s2/CLK
    SLICE_X84Y26         FDCE                                         r  u_s2/delay_line_im_reg[2][10]/C
                         clock pessimism              0.340    24.741    
                         clock uncertainty           -0.135    24.606    
    SLICE_X84Y26         FDCE (Setup_fdce_C_D)       -0.047    24.559    u_s2/delay_line_im_reg[2][10]
  -------------------------------------------------------------------
                         required time                         24.559    
                         arrival time                         -20.440    
  -------------------------------------------------------------------
                         slack                                  4.119    

Slack (MET) :             4.147ns  (required time - arrival time)
  Source:                 u_s1/delay_ptr_reg[1]/C
                            (rising edge-triggered cell FDCE clocked by clk  {rise@0.000ns fall@10.000ns period=20.000ns})
  Destination:            u_s2/delay_line_im_reg[0][10]/D
                            (rising edge-triggered cell FDCE clocked by clk  {rise@0.000ns fall@10.000ns period=20.000ns})
  Path Group:             clk
  Path Type:              Setup (Max at Slow Process Corner)
  Requirement:            20.000ns  (clk rise@20.000ns - clk rise@0.000ns)
  Data Path Delay:        15.522ns  (logic 8.266ns (53.254%)  route 7.256ns (46.746%))
  Logic Levels:           15  (CARRY4=8 DSP48E1=2 LUT2=1 LUT3=1 LUT4=1 LUT5=1 LUT6=1)
  Clock Path Skew:        -0.121ns (DCD - SCD + CPR)
    Destination Clock Delay (DCD):    4.403ns = ( 24.403 - 20.000 ) 
    Source Clock Delay      (SCD):    4.864ns
    Clock Pessimism Removal (CPR):    0.340ns
  Clock Uncertainty:      0.135ns  ((TSJ^2 + TIJ^2)^1/2 + DJ) / 2 + PE + UU
    Total System Jitter     (TSJ):    0.071ns
    Total Input Jitter      (TIJ):    0.000ns
    Discrete Jitter          (DJ):    0.000ns
    Phase Error              (PE):    0.000ns
    User Uncertainty         (UU):    0.100ns

    Location             Delay type                Incr(ns)  Path(ns)    Netlist Resource(s)
  -------------------------------------------------------------------    -------------------
                         (clock clk rise edge)        0.000     0.000 r  
    Y9                                                0.000     0.000 r  clk (IN)
                         net (fo=0)                   0.000     0.000    clk
    Y9                   IBUF (Prop_ibuf_I_O)         1.421     1.421 r  clk_IBUF_inst/O
                         net (fo=1, routed)           1.843     3.264    clk_IBUF
    BUFGCTRL_X0Y0        BUFG (Prop_bufg_I_O)         0.085     3.349 r  clk_IBUF_BUFG_inst/O
                         net (fo=376, routed)         1.515     4.864    u_s1/CLK
    SLICE_X105Y32        FDCE                                         r  u_s1/delay_ptr_reg[1]/C
  -------------------------------------------------------------------    -------------------
    SLICE_X105Y32        FDCE (Prop_fdce_C_Q)         0.348     5.212 r  u_s1/delay_ptr_reg[1]/Q
                         net (fo=58, routed)          1.144     6.356    u_s1/u_bf/delay_ptr_reg[2]_10[1]
    SLICE_X99Y33         LUT6 (Prop_lut6_I2_O)        0.242     6.598 r  u_s1/u_bf/butterfly_diff_re_carry__1_i_12/O
                         net (fo=3, routed)           1.099     7.697    u_s1/u_bf/delay_line_re_reg[1][8]
    SLICE_X98Y29         LUT3 (Prop_lut3_I0_O)        0.118     7.815 r  u_s1/u_bf/delay_line_re[3][8]_i_2/O
                         net (fo=5, routed)           0.613     8.427    u_s1/u_bf/delay_line_re[8]
    SLICE_X96Y28         LUT2 (Prop_lut2_I0_O)        0.264     8.691 r  u_s1/u_bf/butterfly_sum_re_carry__1_i_8/O
                         net (fo=1, routed)           0.000     8.691    u_s1/u_bf/butterfly_sum_re_carry__1_i_8_n_0
    SLICE_X96Y28         CARRY4 (Prop_carry4_S[0]_CO[3])
                                                      0.423     9.114 r  u_s1/u_bf/butterfly_sum_re_carry__1/CO[3]
                         net (fo=1, routed)           0.000     9.114    u_s1/u_bf/butterfly_sum_re_carry__1_n_0
    SLICE_X96Y29         CARRY4 (Prop_carry4_CI_O[0])
                                                      0.178     9.292 r  u_s1/u_bf/butterfly_sum_re_carry__2/O[0]
                         net (fo=4, routed)           0.570     9.862    u_s1/u_bf/butterfly_sum_re_carry__2_n_7
    SLICE_X95Y26         LUT4 (Prop_lut4_I0_O)        0.238    10.100 r  u_s1/u_bf/butterfly_diff_re_carry__1_i_5__2/O
                         net (fo=1, routed)           0.000    10.100    u_s2/u_bf/phase_counter_reg[3]_2[3]
    SLICE_X95Y26         CARRY4 (Prop_carry4_S[3]_CO[3])
                                                      0.332    10.432 r  u_s2/u_bf/butterfly_diff_re_carry__1/CO[3]
                         net (fo=1, routed)           0.000    10.432    u_s2/u_bf/butterfly_diff_re_carry__1_n_0
    SLICE_X95Y27         CARRY4 (Prop_carry4_CI_O[0])
                                                      0.180    10.612 r  u_s2/u_bf/butterfly_diff_re_carry__2/O[0]
                         net (fo=38, routed)          0.873    11.485    u_s2/g_mult.u_mul/A[11]
    DSP48_X4Y11          DSP48E1 (Prop_dsp48e1_A[16]_P[22])
                                                      3.374    14.859 r  u_s2/g_mult.u_mul/real_imag_product/P[22]
                         net (fo=26, routed)          0.890    15.749    u_s2/g_mult.u_mul/real_imag_product__0[22]
    DSP48_X4Y10          DSP48E1 (Prop_dsp48e1_C[45]_P[10])
                                                      1.523    17.272 r  u_s2/g_mult.u_mul/full_precision_imag/P[10]
                         net (fo=2, routed)           0.730    18.002    u_s2/g_mult.u_mul/full_precision_imag__0[10]
    SLICE_X102Y24        CARRY4 (Prop_carry4_DI[1]_CO[3])
                                                      0.430    18.432 r  u_s2/g_mult.u_mul/product_im0_carry/CO[3]
                         net (fo=1, routed)           0.008    18.440    u_s2/g_mult.u_mul/product_im0_carry_n_0
    SLICE_X102Y25        CARRY4 (Prop_carry4_CI_CO[3])
                                                      0.100    18.540 r  u_s2/g_mult.u_mul/product_im0_carry__0/CO[3]
                         net (fo=1, routed)           0.000    18.540    u_s2/g_mult.u_mul/product_im0_carry__0_n_0
    SLICE_X102Y26        CARRY4 (Prop_carry4_CI_CO[3])
                                                      0.100    18.640 r  u_s2/g_mult.u_mul/product_im0_carry__1/CO[3]
                         net (fo=1, routed)           0.000    18.640    u_s2/g_mult.u_mul/product_im0_carry__1_n_0
    SLICE_X102Y27        CARRY4 (Prop_carry4_CI_O[0])
                                                      0.178    18.818 r  u_s2/g_mult.u_mul/product_im0_carry__2/O[0]
                         net (fo=1, routed)           0.562    19.380    u_s1/u_bf/full_precision_imag_4[0]
    SLICE_X99Y27         LUT5 (Prop_lut5_I0_O)        0.238    19.618 r  u_s1/u_bf/delay_line_im[3][10]_i_1/O
                         net (fo=4, routed)           0.768    20.386    u_s2/D[10]
    SLICE_X83Y27         FDCE                                         r  u_s2/delay_line_im_reg[0][10]/D
  -------------------------------------------------------------------    -------------------

                         (clock clk rise edge)       20.000    20.000 r  
    Y9                                                0.000    20.000 r  clk (IN)
                         net (fo=0)                   0.000    20.000    clk
    Y9                   IBUF (Prop_ibuf_I_O)         1.355    21.355 r  clk_IBUF_inst/O
                         net (fo=1, routed)           1.673    23.029    clk_IBUF
    BUFGCTRL_X0Y0        BUFG (Prop_bufg_I_O)         0.077    23.106 r  clk_IBUF_BUFG_inst/O
                         net (fo=376, routed)         1.298    24.403    u_s2/CLK
    SLICE_X83Y27         FDCE                                         r  u_s2/delay_line_im_reg[0][10]/C
                         clock pessimism              0.340    24.743    
                         clock uncertainty           -0.135    24.608    
    SLICE_X83Y27         FDCE (Setup_fdce_C_D)       -0.075    24.533    u_s2/delay_line_im_reg[0][10]
  -------------------------------------------------------------------
                         required time                         24.533    
                         arrival time                         -20.386    
  -------------------------------------------------------------------
                         slack                                  4.147    

Slack (MET) :             4.148ns  (required time - arrival time)
  Source:                 u_s1/delay_ptr_reg[1]/C
                            (rising edge-triggered cell FDCE clocked by clk  {rise@0.000ns fall@10.000ns period=20.000ns})
  Destination:            u_s2/delay_line_im_reg[3][10]/D
                            (rising edge-triggered cell FDCE clocked by clk  {rise@0.000ns fall@10.000ns period=20.000ns})
  Path Group:             clk
  Path Type:              Setup (Max at Slow Process Corner)
  Requirement:            20.000ns  (clk rise@20.000ns - clk rise@0.000ns)
  Data Path Delay:        15.518ns  (logic 8.266ns (53.266%)  route 7.252ns (46.734%))
  Logic Levels:           15  (CARRY4=8 DSP48E1=2 LUT2=1 LUT3=1 LUT4=1 LUT5=1 LUT6=1)
  Clock Path Skew:        -0.123ns (DCD - SCD + CPR)
    Destination Clock Delay (DCD):    4.401ns = ( 24.401 - 20.000 ) 
    Source Clock Delay      (SCD):    4.864ns
    Clock Pessimism Removal (CPR):    0.340ns
  Clock Uncertainty:      0.135ns  ((TSJ^2 + TIJ^2)^1/2 + DJ) / 2 + PE + UU
    Total System Jitter     (TSJ):    0.071ns
    Total Input Jitter      (TIJ):    0.000ns
    Discrete Jitter          (DJ):    0.000ns
    Phase Error              (PE):    0.000ns
    User Uncertainty         (UU):    0.100ns

    Location             Delay type                Incr(ns)  Path(ns)    Netlist Resource(s)
  -------------------------------------------------------------------    -------------------
                         (clock clk rise edge)        0.000     0.000 r  
    Y9                                                0.000     0.000 r  clk (IN)
                         net (fo=0)                   0.000     0.000    clk
    Y9                   IBUF (Prop_ibuf_I_O)         1.421     1.421 r  clk_IBUF_inst/O
                         net (fo=1, routed)           1.843     3.264    clk_IBUF
    BUFGCTRL_X0Y0        BUFG (Prop_bufg_I_O)         0.085     3.349 r  clk_IBUF_BUFG_inst/O
                         net (fo=376, routed)         1.515     4.864    u_s1/CLK
    SLICE_X105Y32        FDCE                                         r  u_s1/delay_ptr_reg[1]/C
  -------------------------------------------------------------------    -------------------
    SLICE_X105Y32        FDCE (Prop_fdce_C_Q)         0.348     5.212 r  u_s1/delay_ptr_reg[1]/Q
                         net (fo=58, routed)          1.144     6.356    u_s1/u_bf/delay_ptr_reg[2]_10[1]
    SLICE_X99Y33         LUT6 (Prop_lut6_I2_O)        0.242     6.598 r  u_s1/u_bf/butterfly_diff_re_carry__1_i_12/O
                         net (fo=3, routed)           1.099     7.697    u_s1/u_bf/delay_line_re_reg[1][8]
    SLICE_X98Y29         LUT3 (Prop_lut3_I0_O)        0.118     7.815 r  u_s1/u_bf/delay_line_re[3][8]_i_2/O
                         net (fo=5, routed)           0.613     8.427    u_s1/u_bf/delay_line_re[8]
    SLICE_X96Y28         LUT2 (Prop_lut2_I0_O)        0.264     8.691 r  u_s1/u_bf/butterfly_sum_re_carry__1_i_8/O
                         net (fo=1, routed)           0.000     8.691    u_s1/u_bf/butterfly_sum_re_carry__1_i_8_n_0
    SLICE_X96Y28         CARRY4 (Prop_carry4_S[0]_CO[3])
                                                      0.423     9.114 r  u_s1/u_bf/butterfly_sum_re_carry__1/CO[3]
                         net (fo=1, routed)           0.000     9.114    u_s1/u_bf/butterfly_sum_re_carry__1_n_0
    SLICE_X96Y29         CARRY4 (Prop_carry4_CI_O[0])
                                                      0.178     9.292 r  u_s1/u_bf/butterfly_sum_re_carry__2/O[0]
                         net (fo=4, routed)           0.570     9.862    u_s1/u_bf/butterfly_sum_re_carry__2_n_7
    SLICE_X95Y26         LUT4 (Prop_lut4_I0_O)        0.238    10.100 r  u_s1/u_bf/butterfly_diff_re_carry__1_i_5__2/O
                         net (fo=1, routed)           0.000    10.100    u_s2/u_bf/phase_counter_reg[3]_2[3]
    SLICE_X95Y26         CARRY4 (Prop_carry4_S[3]_CO[3])
                                                      0.332    10.432 r  u_s2/u_bf/butterfly_diff_re_carry__1/CO[3]
                         net (fo=1, routed)           0.000    10.432    u_s2/u_bf/butterfly_diff_re_carry__1_n_0
    SLICE_X95Y27         CARRY4 (Prop_carry4_CI_O[0])
                                                      0.180    10.612 r  u_s2/u_bf/butterfly_diff_re_carry__2/O[0]
                         net (fo=38, routed)          0.873    11.485    u_s2/g_mult.u_mul/A[11]
    DSP48_X4Y11          DSP48E1 (Prop_dsp48e1_A[16]_P[22])
                                                      3.374    14.859 r  u_s2/g_mult.u_mul/real_imag_product/P[22]
                         net (fo=26, routed)          0.890    15.749    u_s2/g_mult.u_mul/real_imag_product__0[22]
    DSP48_X4Y10          DSP48E1 (Prop_dsp48e1_C[45]_P[10])
                                                      1.523    17.272 r  u_s2/g_mult.u_mul/full_precision_imag/P[10]
                         net (fo=2, routed)           0.730    18.002    u_s2/g_mult.u_mul/full_precision_imag__0[10]
    SLICE_X102Y24        CARRY4 (Prop_carry4_DI[1]_CO[3])
                                                      0.430    18.432 r  u_s2/g_mult.u_mul/product_im0_carry/CO[3]
                         net (fo=1, routed)           0.008    18.440    u_s2/g_mult.u_mul/product_im0_carry_n_0
    SLICE_X102Y25        CARRY4 (Prop_carry4_CI_CO[3])
                                                      0.100    18.540 r  u_s2/g_mult.u_mul/product_im0_carry__0/CO[3]
                         net (fo=1, routed)           0.000    18.540    u_s2/g_mult.u_mul/product_im0_carry__0_n_0
    SLICE_X102Y26        CARRY4 (Prop_carry4_CI_CO[3])
                                                      0.100    18.640 r  u_s2/g_mult.u_mul/product_im0_carry__1/CO[3]
                         net (fo=1, routed)           0.000    18.640    u_s2/g_mult.u_mul/product_im0_carry__1_n_0
    SLICE_X102Y27        CARRY4 (Prop_carry4_CI_O[0])
                                                      0.178    18.818 r  u_s2/g_mult.u_mul/product_im0_carry__2/O[0]
                         net (fo=1, routed)           0.562    19.380    u_s1/u_bf/full_precision_imag_4[0]
    SLICE_X99Y27         LUT5 (Prop_lut5_I0_O)        0.238    19.618 r  u_s1/u_bf/delay_line_im[3][10]_i_1/O
                         net (fo=4, routed)           0.765    20.383    u_s2/D[10]
    SLICE_X83Y26         FDCE                                         r  u_s2/delay_line_im_reg[3][10]/D
  -------------------------------------------------------------------    -------------------

                         (clock clk rise edge)       20.000    20.000 r  
    Y9                                                0.000    20.000 r  clk (IN)
                         net (fo=0)                   0.000    20.000    clk
    Y9                   IBUF (Prop_ibuf_I_O)         1.355    21.355 r  clk_IBUF_inst/O
                         net (fo=1, routed)           1.673    23.029    clk_IBUF
    BUFGCTRL_X0Y0        BUFG (Prop_bufg_I_O)         0.077    23.106 r  clk_IBUF_BUFG_inst/O
                         net (fo=376, routed)         1.296    24.401    u_s2/CLK
    SLICE_X83Y26         FDCE                                         r  u_s2/delay_line_im_reg[3][10]/C
                         clock pessimism              0.340    24.741    
                         clock uncertainty           -0.135    24.606    
    SLICE_X83Y26         FDCE (Setup_fdce_C_D)       -0.075    24.531    u_s2/delay_line_im_reg[3][10]
  -------------------------------------------------------------------
                         required time                         24.531    
                         arrival time                         -20.383    
  -------------------------------------------------------------------
                         slack                                  4.148    

Slack (MET) :             4.160ns  (required time - arrival time)
  Source:                 u_s1/delay_ptr_reg[1]/C
                            (rising edge-triggered cell FDCE clocked by clk  {rise@0.000ns fall@10.000ns period=20.000ns})
  Destination:            u_s2/delay_line_im_reg[3][11]/D
                            (rising edge-triggered cell FDCE clocked by clk  {rise@0.000ns fall@10.000ns period=20.000ns})
  Path Group:             clk
  Path Type:              Setup (Max at Slow Process Corner)
  Requirement:            20.000ns  (clk rise@20.000ns - clk rise@0.000ns)
  Data Path Delay:        15.509ns  (logic 8.352ns (53.854%)  route 7.157ns (46.146%))
  Logic Levels:           15  (CARRY4=8 DSP48E1=2 LUT2=1 LUT3=1 LUT4=1 LUT5=1 LUT6=1)
  Clock Path Skew:        -0.123ns (DCD - SCD + CPR)
    Destination Clock Delay (DCD):    4.401ns = ( 24.401 - 20.000 ) 
    Source Clock Delay      (SCD):    4.864ns
    Clock Pessimism Removal (CPR):    0.340ns
  Clock Uncertainty:      0.135ns  ((TSJ^2 + TIJ^2)^1/2 + DJ) / 2 + PE + UU
    Total System Jitter     (TSJ):    0.071ns
    Total Input Jitter      (TIJ):    0.000ns
    Discrete Jitter          (DJ):    0.000ns
    Phase Error              (PE):    0.000ns
    User Uncertainty         (UU):    0.100ns

    Location             Delay type                Incr(ns)  Path(ns)    Netlist Resource(s)
  -------------------------------------------------------------------    -------------------
                         (clock clk rise edge)        0.000     0.000 r  
    Y9                                                0.000     0.000 r  clk (IN)
                         net (fo=0)                   0.000     0.000    clk
    Y9                   IBUF (Prop_ibuf_I_O)         1.421     1.421 r  clk_IBUF_inst/O
                         net (fo=1, routed)           1.843     3.264    clk_IBUF
    BUFGCTRL_X0Y0        BUFG (Prop_bufg_I_O)         0.085     3.349 r  clk_IBUF_BUFG_inst/O
                         net (fo=376, routed)         1.515     4.864    u_s1/CLK
    SLICE_X105Y32        FDCE                                         r  u_s1/delay_ptr_reg[1]/C
  -------------------------------------------------------------------    -------------------
    SLICE_X105Y32        FDCE (Prop_fdce_C_Q)         0.348     5.212 r  u_s1/delay_ptr_reg[1]/Q
                         net (fo=58, routed)          1.144     6.356    u_s1/u_bf/delay_ptr_reg[2]_10[1]
    SLICE_X99Y33         LUT6 (Prop_lut6_I2_O)        0.242     6.598 r  u_s1/u_bf/butterfly_diff_re_carry__1_i_12/O
                         net (fo=3, routed)           1.099     7.697    u_s1/u_bf/delay_line_re_reg[1][8]
    SLICE_X98Y29         LUT3 (Prop_lut3_I0_O)        0.118     7.815 r  u_s1/u_bf/delay_line_re[3][8]_i_2/O
                         net (fo=5, routed)           0.613     8.427    u_s1/u_bf/delay_line_re[8]
    SLICE_X96Y28         LUT2 (Prop_lut2_I0_O)        0.264     8.691 r  u_s1/u_bf/butterfly_sum_re_carry__1_i_8/O
                         net (fo=1, routed)           0.000     8.691    u_s1/u_bf/butterfly_sum_re_carry__1_i_8_n_0
    SLICE_X96Y28         CARRY4 (Prop_carry4_S[0]_CO[3])
                                                      0.423     9.114 r  u_s1/u_bf/butterfly_sum_re_carry__1/CO[3]
                         net (fo=1, routed)           0.000     9.114    u_s1/u_bf/butterfly_sum_re_carry__1_n_0
    SLICE_X96Y29         CARRY4 (Prop_carry4_CI_O[0])
                                                      0.178     9.292 r  u_s1/u_bf/butterfly_sum_re_carry__2/O[0]
                         net (fo=4, routed)           0.570     9.862    u_s1/u_bf/butterfly_sum_re_carry__2_n_7
    SLICE_X95Y26         LUT4 (Prop_lut4_I0_O)        0.238    10.100 r  u_s1/u_bf/butterfly_diff_re_carry__1_i_5__2/O
                         net (fo=1, routed)           0.000    10.100    u_s2/u_bf/phase_counter_reg[3]_2[3]
    SLICE_X95Y26         CARRY4 (Prop_carry4_S[3]_CO[3])
                                                      0.332    10.432 r  u_s2/u_bf/butterfly_diff_re_carry__1/CO[3]
                         net (fo=1, routed)           0.000    10.432    u_s2/u_bf/butterfly_diff_re_carry__1_n_0
    SLICE_X95Y27         CARRY4 (Prop_carry4_CI_O[0])
                                                      0.180    10.612 r  u_s2/u_bf/butterfly_diff_re_carry__2/O[0]
                         net (fo=38, routed)          0.873    11.485    u_s2/g_mult.u_mul/A[11]
    DSP48_X4Y11          DSP48E1 (Prop_dsp48e1_A[16]_P[22])
                                                      3.374    14.859 r  u_s2/g_mult.u_mul/real_imag_product/P[22]
                         net (fo=26, routed)          0.890    15.749    u_s2/g_mult.u_mul/real_imag_product__0[22]
    DSP48_X4Y10          DSP48E1 (Prop_dsp48e1_C[45]_P[10])
                                                      1.523    17.272 r  u_s2/g_mult.u_mul/full_precision_imag/P[10]
                         net (fo=2, routed)           0.730    18.002    u_s2/g_mult.u_mul/full_precision_imag__0[10]
    SLICE_X102Y24        CARRY4 (Prop_carry4_DI[1]_CO[3])
                                                      0.430    18.432 r  u_s2/g_mult.u_mul/product_im0_carry/CO[3]
                         net (fo=1, routed)           0.008    18.440    u_s2/g_mult.u_mul/product_im0_carry_n_0
    SLICE_X102Y25        CARRY4 (Prop_carry4_CI_CO[3])
                                                      0.100    18.540 r  u_s2/g_mult.u_mul/product_im0_carry__0/CO[3]
                         net (fo=1, routed)           0.000    18.540    u_s2/g_mult.u_mul/product_im0_carry__0_n_0
    SLICE_X102Y26        CARRY4 (Prop_carry4_CI_CO[3])
                                                      0.100    18.640 r  u_s2/g_mult.u_mul/product_im0_carry__1/CO[3]
                         net (fo=1, routed)           0.000    18.640    u_s2/g_mult.u_mul/product_im0_carry__1_n_0
    SLICE_X102Y27        CARRY4 (Prop_carry4_CI_O[1])
                                                      0.257    18.897 r  u_s2/g_mult.u_mul/product_im0_carry__2/O[1]
                         net (fo=1, routed)           0.362    19.260    u_s1/u_bf/full_precision_imag_4[1]
    SLICE_X99Y27         LUT5 (Prop_lut5_I3_O)        0.245    19.505 r  u_s1/u_bf/delay_line_im[3][11]_i_2/O
                         net (fo=4, routed)           0.869    20.373    u_s2/D[11]
    SLICE_X83Y26         FDCE                                         r  u_s2/delay_line_im_reg[3][11]/D
  -------------------------------------------------------------------    -------------------

                         (clock clk rise edge)       20.000    20.000 r  
    Y9                                                0.000    20.000 r  clk (IN)
                         net (fo=0)                   0.000    20.000    clk
    Y9                   IBUF (Prop_ibuf_I_O)         1.355    21.355 r  clk_IBUF_inst/O
                         net (fo=1, routed)           1.673    23.029    clk_IBUF
    BUFGCTRL_X0Y0        BUFG (Prop_bufg_I_O)         0.077    23.106 r  clk_IBUF_BUFG_inst/O
                         net (fo=376, routed)         1.296    24.401    u_s2/CLK
    SLICE_X83Y26         FDCE                                         r  u_s2/delay_line_im_reg[3][11]/C
                         clock pessimism              0.340    24.741    
                         clock uncertainty           -0.135    24.606    
    SLICE_X83Y26         FDCE (Setup_fdce_C_D)       -0.073    24.533    u_s2/delay_line_im_reg[3][11]
  -------------------------------------------------------------------
                         required time                         24.533    
                         arrival time                         -20.373    
  -------------------------------------------------------------------
                         slack                                  4.160    

Slack (MET) :             4.164ns  (required time - arrival time)
  Source:                 u_s1/delay_ptr_reg[1]/C
                            (rising edge-triggered cell FDCE clocked by clk  {rise@0.000ns fall@10.000ns period=20.000ns})
  Destination:            u_s2/delay_line_im_reg[0][11]/D
                            (rising edge-triggered cell FDCE clocked by clk  {rise@0.000ns fall@10.000ns period=20.000ns})
  Path Group:             clk
  Path Type:              Setup (Max at Slow Process Corner)
  Requirement:            20.000ns  (clk rise@20.000ns - clk rise@0.000ns)
  Data Path Delay:        15.520ns  (logic 8.352ns (53.813%)  route 7.168ns (46.187%))
  Logic Levels:           15  (CARRY4=8 DSP48E1=2 LUT2=1 LUT3=1 LUT4=1 LUT5=1 LUT6=1)
  Clock Path Skew:        -0.121ns (DCD - SCD + CPR)
    Destination Clock Delay (DCD):    4.403ns = ( 24.403 - 20.000 ) 
    Source Clock Delay      (SCD):    4.864ns
    Clock Pessimism Removal (CPR):    0.340ns
  Clock Uncertainty:      0.135ns  ((TSJ^2 + TIJ^2)^1/2 + DJ) / 2 + PE + UU
    Total System Jitter     (TSJ):    0.071ns
    Total Input Jitter      (TIJ):    0.000ns
    Discrete Jitter          (DJ):    0.000ns
    Phase Error              (PE):    0.000ns
    User Uncertainty         (UU):    0.100ns

    Location             Delay type                Incr(ns)  Path(ns)    Netlist Resource(s)
  -------------------------------------------------------------------    -------------------
                         (clock clk rise edge)        0.000     0.000 r  
    Y9                                                0.000     0.000 r  clk (IN)
                         net (fo=0)                   0.000     0.000    clk
    Y9                   IBUF (Prop_ibuf_I_O)         1.421     1.421 r  clk_IBUF_inst/O
                         net (fo=1, routed)           1.843     3.264    clk_IBUF
    BUFGCTRL_X0Y0        BUFG (Prop_bufg_I_O)         0.085     3.349 r  clk_IBUF_BUFG_inst/O
                         net (fo=376, routed)         1.515     4.864    u_s1/CLK
    SLICE_X105Y32        FDCE                                         r  u_s1/delay_ptr_reg[1]/C
  -------------------------------------------------------------------    -------------------
    SLICE_X105Y32        FDCE (Prop_fdce_C_Q)         0.348     5.212 r  u_s1/delay_ptr_reg[1]/Q
                         net (fo=58, routed)          1.144     6.356    u_s1/u_bf/delay_ptr_reg[2]_10[1]
    SLICE_X99Y33         LUT6 (Prop_lut6_I2_O)        0.242     6.598 r  u_s1/u_bf/butterfly_diff_re_carry__1_i_12/O
                         net (fo=3, routed)           1.099     7.697    u_s1/u_bf/delay_line_re_reg[1][8]
    SLICE_X98Y29         LUT3 (Prop_lut3_I0_O)        0.118     7.815 r  u_s1/u_bf/delay_line_re[3][8]_i_2/O
                         net (fo=5, routed)           0.613     8.427    u_s1/u_bf/delay_line_re[8]
    SLICE_X96Y28         LUT2 (Prop_lut2_I0_O)        0.264     8.691 r  u_s1/u_bf/butterfly_sum_re_carry__1_i_8/O
                         net (fo=1, routed)           0.000     8.691    u_s1/u_bf/butterfly_sum_re_carry__1_i_8_n_0
    SLICE_X96Y28         CARRY4 (Prop_carry4_S[0]_CO[3])
                                                      0.423     9.114 r  u_s1/u_bf/butterfly_sum_re_carry__1/CO[3]
                         net (fo=1, routed)           0.000     9.114    u_s1/u_bf/butterfly_sum_re_carry__1_n_0
    SLICE_X96Y29         CARRY4 (Prop_carry4_CI_O[0])
                                                      0.178     9.292 r  u_s1/u_bf/butterfly_sum_re_carry__2/O[0]
                         net (fo=4, routed)           0.570     9.862    u_s1/u_bf/butterfly_sum_re_carry__2_n_7
    SLICE_X95Y26         LUT4 (Prop_lut4_I0_O)        0.238    10.100 r  u_s1/u_bf/butterfly_diff_re_carry__1_i_5__2/O
                         net (fo=1, routed)           0.000    10.100    u_s2/u_bf/phase_counter_reg[3]_2[3]
    SLICE_X95Y26         CARRY4 (Prop_carry4_S[3]_CO[3])
                                                      0.332    10.432 r  u_s2/u_bf/butterfly_diff_re_carry__1/CO[3]
                         net (fo=1, routed)           0.000    10.432    u_s2/u_bf/butterfly_diff_re_carry__1_n_0
    SLICE_X95Y27         CARRY4 (Prop_carry4_CI_O[0])
                                                      0.180    10.612 r  u_s2/u_bf/butterfly_diff_re_carry__2/O[0]
                         net (fo=38, routed)          0.873    11.485    u_s2/g_mult.u_mul/A[11]
    DSP48_X4Y11          DSP48E1 (Prop_dsp48e1_A[16]_P[22])
                                                      3.374    14.859 r  u_s2/g_mult.u_mul/real_imag_product/P[22]
                         net (fo=26, routed)          0.890    15.749    u_s2/g_mult.u_mul/real_imag_product__0[22]
    DSP48_X4Y10          DSP48E1 (Prop_dsp48e1_C[45]_P[10])
                                                      1.523    17.272 r  u_s2/g_mult.u_mul/full_precision_imag/P[10]
                         net (fo=2, routed)           0.730    18.002    u_s2/g_mult.u_mul/full_precision_imag__0[10]
    SLICE_X102Y24        CARRY4 (Prop_carry4_DI[1]_CO[3])
                                                      0.430    18.432 r  u_s2/g_mult.u_mul/product_im0_carry/CO[3]
                         net (fo=1, routed)           0.008    18.440    u_s2/g_mult.u_mul/product_im0_carry_n_0
    SLICE_X102Y25        CARRY4 (Prop_carry4_CI_CO[3])
                                                      0.100    18.540 r  u_s2/g_mult.u_mul/product_im0_carry__0/CO[3]
                         net (fo=1, routed)           0.000    18.540    u_s2/g_mult.u_mul/product_im0_carry__0_n_0
    SLICE_X102Y26        CARRY4 (Prop_carry4_CI_CO[3])
                                                      0.100    18.640 r  u_s2/g_mult.u_mul/product_im0_carry__1/CO[3]
                         net (fo=1, routed)           0.000    18.640    u_s2/g_mult.u_mul/product_im0_carry__1_n_0
    SLICE_X102Y27        CARRY4 (Prop_carry4_CI_O[1])
                                                      0.257    18.897 r  u_s2/g_mult.u_mul/product_im0_carry__2/O[1]
                         net (fo=1, routed)           0.362    19.260    u_s1/u_bf/full_precision_imag_4[1]
    SLICE_X99Y27         LUT5 (Prop_lut5_I3_O)        0.245    19.505 r  u_s1/u_bf/delay_line_im[3][11]_i_2/O
                         net (fo=4, routed)           0.880    20.385    u_s2/D[11]
    SLICE_X83Y27         FDCE                                         r  u_s2/delay_line_im_reg[0][11]/D
  -------------------------------------------------------------------    -------------------

                         (clock clk rise edge)       20.000    20.000 r  
    Y9                                                0.000    20.000 r  clk (IN)
                         net (fo=0)                   0.000    20.000    clk
    Y9                   IBUF (Prop_ibuf_I_O)         1.355    21.355 r  clk_IBUF_inst/O
                         net (fo=1, routed)           1.673    23.029    clk_IBUF
    BUFGCTRL_X0Y0        BUFG (Prop_bufg_I_O)         0.077    23.106 r  clk_IBUF_BUFG_inst/O
                         net (fo=376, routed)         1.298    24.403    u_s2/CLK
    SLICE_X83Y27         FDCE                                         r  u_s2/delay_line_im_reg[0][11]/C
                         clock pessimism              0.340    24.743    
                         clock uncertainty           -0.135    24.608    
    SLICE_X83Y27         FDCE (Setup_fdce_C_D)       -0.059    24.549    u_s2/delay_line_im_reg[0][11]
  -------------------------------------------------------------------
                         required time                         24.549    
                         arrival time                         -20.385    
  -------------------------------------------------------------------
                         slack                                  4.164    

Slack (MET) :             4.176ns  (required time - arrival time)
  Source:                 u_s1/delay_ptr_reg[1]/C
                            (rising edge-triggered cell FDCE clocked by clk  {rise@0.000ns fall@10.000ns period=20.000ns})
  Destination:            u_s2/delay_line_im_reg[3][9]/D
                            (rising edge-triggered cell FDCE clocked by clk  {rise@0.000ns fall@10.000ns period=20.000ns})
  Path Group:             clk
  Path Type:              Setup (Max at Slow Process Corner)
  Requirement:            20.000ns  (clk rise@20.000ns - clk rise@0.000ns)
  Data Path Delay:        15.486ns  (logic 8.262ns (53.352%)  route 7.224ns (46.648%))
  Logic Levels:           14  (CARRY4=7 DSP48E1=2 LUT2=1 LUT3=1 LUT4=1 LUT5=1 LUT6=1)
  Clock Path Skew:        -0.122ns (DCD - SCD + CPR)
    Destination Clock Delay (DCD):    4.402ns = ( 24.402 - 20.000 ) 
    Source Clock Delay      (SCD):    4.864ns
    Clock Pessimism Removal (CPR):    0.340ns
  Clock Uncertainty:      0.135ns  ((TSJ^2 + TIJ^2)^1/2 + DJ) / 2 + PE + UU
    Total System Jitter     (TSJ):    0.071ns
    Total Input Jitter      (TIJ):    0.000ns
    Discrete Jitter          (DJ):    0.000ns
    Phase Error              (PE):    0.000ns
    User Uncertainty         (UU):    0.100ns

    Location             Delay type                Incr(ns)  Path(ns)    Netlist Resource(s)
  -------------------------------------------------------------------    -------------------
                         (clock clk rise edge)        0.000     0.000 r  
    Y9                                                0.000     0.000 r  clk (IN)
                         net (fo=0)                   0.000     0.000    clk
    Y9                   IBUF (Prop_ibuf_I_O)         1.421     1.421 r  clk_IBUF_inst/O
                         net (fo=1, routed)           1.843     3.264    clk_IBUF
    BUFGCTRL_X0Y0        BUFG (Prop_bufg_I_O)         0.085     3.349 r  clk_IBUF_BUFG_inst/O
                         net (fo=376, routed)         1.515     4.864    u_s1/CLK
    SLICE_X105Y32        FDCE                                         r  u_s1/delay_ptr_reg[1]/C
  -------------------------------------------------------------------    -------------------
    SLICE_X105Y32        FDCE (Prop_fdce_C_Q)         0.348     5.212 r  u_s1/delay_ptr_reg[1]/Q
                         net (fo=58, routed)          1.144     6.356    u_s1/u_bf/delay_ptr_reg[2]_10[1]
    SLICE_X99Y33         LUT6 (Prop_lut6_I2_O)        0.242     6.598 r  u_s1/u_bf/butterfly_diff_re_carry__1_i_12/O
                         net (fo=3, routed)           1.099     7.697    u_s1/u_bf/delay_line_re_reg[1][8]
    SLICE_X98Y29         LUT3 (Prop_lut3_I0_O)        0.118     7.815 r  u_s1/u_bf/delay_line_re[3][8]_i_2/O
                         net (fo=5, routed)           0.613     8.427    u_s1/u_bf/delay_line_re[8]
    SLICE_X96Y28         LUT2 (Prop_lut2_I0_O)        0.264     8.691 r  u_s1/u_bf/butterfly_sum_re_carry__1_i_8/O
                         net (fo=1, routed)           0.000     8.691    u_s1/u_bf/butterfly_sum_re_carry__1_i_8_n_0
    SLICE_X96Y28         CARRY4 (Prop_carry4_S[0]_CO[3])
                                                      0.423     9.114 r  u_s1/u_bf/butterfly_sum_re_carry__1/CO[3]
                         net (fo=1, routed)           0.000     9.114    u_s1/u_bf/butterfly_sum_re_carry__1_n_0
    SLICE_X96Y29         CARRY4 (Prop_carry4_CI_O[0])
                                                      0.178     9.292 r  u_s1/u_bf/butterfly_sum_re_carry__2/O[0]
                         net (fo=4, routed)           0.570     9.862    u_s1/u_bf/butterfly_sum_re_carry__2_n_7
    SLICE_X95Y26         LUT4 (Prop_lut4_I0_O)        0.238    10.100 r  u_s1/u_bf/butterfly_diff_re_carry__1_i_5__2/O
                         net (fo=1, routed)           0.000    10.100    u_s2/u_bf/phase_counter_reg[3]_2[3]
    SLICE_X95Y26         CARRY4 (Prop_carry4_S[3]_CO[3])
                                                      0.332    10.432 r  u_s2/u_bf/butterfly_diff_re_carry__1/CO[3]
                         net (fo=1, routed)           0.000    10.432    u_s2/u_bf/butterfly_diff_re_carry__1_n_0
    SLICE_X95Y27         CARRY4 (Prop_carry4_CI_O[0])
                                                      0.180    10.612 r  u_s2/u_bf/butterfly_diff_re_carry__2/O[0]
                         net (fo=38, routed)          0.873    11.485    u_s2/g_mult.u_mul/A[11]
    DSP48_X4Y11          DSP48E1 (Prop_dsp48e1_A[16]_P[22])
                                                      3.374    14.859 r  u_s2/g_mult.u_mul/real_imag_product/P[22]
                         net (fo=26, routed)          0.890    15.749    u_s2/g_mult.u_mul/real_imag_product__0[22]
    DSP48_X4Y10          DSP48E1 (Prop_dsp48e1_C[45]_P[10])
                                                      1.523    17.272 r  u_s2/g_mult.u_mul/full_precision_imag/P[10]
                         net (fo=2, routed)           0.730    18.002    u_s2/g_mult.u_mul/full_precision_imag__0[10]
    SLICE_X102Y24        CARRY4 (Prop_carry4_DI[1]_CO[3])
                                                      0.430    18.432 r  u_s2/g_mult.u_mul/product_im0_carry/CO[3]
                         net (fo=1, routed)           0.008    18.440    u_s2/g_mult.u_mul/product_im0_carry_n_0
    SLICE_X102Y25        CARRY4 (Prop_carry4_CI_CO[3])
                                                      0.100    18.540 r  u_s2/g_mult.u_mul/product_im0_carry__0/CO[3]
                         net (fo=1, routed)           0.000    18.540    u_s2/g_mult.u_mul/product_im0_carry__0_n_0
    SLICE_X102Y26        CARRY4 (Prop_carry4_CI_O[3])
                                                      0.262    18.802 r  u_s2/g_mult.u_mul/product_im0_carry__1/O[3]
                         net (fo=1, routed)           0.452    19.254    u_s1/u_bf/full_precision_imag_5[3]
    SLICE_X99Y26         LUT5 (Prop_lut5_I0_O)        0.250    19.504 r  u_s1/u_bf/delay_line_im[3][9]_i_1/O
                         net (fo=4, routed)           0.846    20.350    u_s2/D[9]
    SLICE_X88Y26         FDCE                                         r  u_s2/delay_line_im_reg[3][9]/D
  -------------------------------------------------------------------    -------------------

                         (clock clk rise edge)       20.000    20.000 r  
    Y9                                                0.000    20.000 r  clk (IN)
                         net (fo=0)                   0.000    20.000    clk
    Y9                   IBUF (Prop_ibuf_I_O)         1.355    21.355 r  clk_IBUF_inst/O
                         net (fo=1, routed)           1.673    23.029    clk_IBUF
    BUFGCTRL_X0Y0        BUFG (Prop_bufg_I_O)         0.077    23.106 r  clk_IBUF_BUFG_inst/O
                         net (fo=376, routed)         1.297    24.402    u_s2/CLK
    SLICE_X88Y26         FDCE                                         r  u_s2/delay_line_im_reg[3][9]/C
                         clock pessimism              0.340    24.742    
                         clock uncertainty           -0.135    24.607    
    SLICE_X88Y26         FDCE (Setup_fdce_C_D)       -0.081    24.526    u_s2/delay_line_im_reg[3][9]
  -------------------------------------------------------------------
                         required time                         24.526    
                         arrival time                         -20.350    
  -------------------------------------------------------------------
                         slack                                  4.176    

Slack (MET) :             4.203ns  (required time - arrival time)
  Source:                 u_s1/delay_ptr_reg[1]/C
                            (rising edge-triggered cell FDCE clocked by clk  {rise@0.000ns fall@10.000ns period=20.000ns})
  Destination:            u_s2/delay_line_im_reg[1][9]/D
                            (rising edge-triggered cell FDCE clocked by clk  {rise@0.000ns fall@10.000ns period=20.000ns})
  Path Group:             clk
  Path Type:              Setup (Max at Slow Process Corner)
  Requirement:            20.000ns  (clk rise@20.000ns - clk rise@0.000ns)
  Data Path Delay:        15.479ns  (logic 8.262ns (53.376%)  route 7.217ns (46.624%))
  Logic Levels:           14  (CARRY4=7 DSP48E1=2 LUT2=1 LUT3=1 LUT4=1 LUT5=1 LUT6=1)
  Clock Path Skew:        -0.120ns (DCD - SCD + CPR)
    Destination Clock Delay (DCD):    4.404ns = ( 24.404 - 20.000 ) 
    Source Clock Delay      (SCD):    4.864ns
    Clock Pessimism Removal (CPR):    0.340ns
  Clock Uncertainty:      0.135ns  ((TSJ^2 + TIJ^2)^1/2 + DJ) / 2 + PE + UU
    Total System Jitter     (TSJ):    0.071ns
    Total Input Jitter      (TIJ):    0.000ns
    Discrete Jitter          (DJ):    0.000ns
    Phase Error              (PE):    0.000ns
    User Uncertainty         (UU):    0.100ns

    Location             Delay type                Incr(ns)  Path(ns)    Netlist Resource(s)
  -------------------------------------------------------------------    -------------------
                         (clock clk rise edge)        0.000     0.000 r  
    Y9                                                0.000     0.000 r  clk (IN)
                         net (fo=0)                   0.000     0.000    clk
    Y9                   IBUF (Prop_ibuf_I_O)         1.421     1.421 r  clk_IBUF_inst/O
                         net (fo=1, routed)           1.843     3.264    clk_IBUF
    BUFGCTRL_X0Y0        BUFG (Prop_bufg_I_O)         0.085     3.349 r  clk_IBUF_BUFG_inst/O
                         net (fo=376, routed)         1.515     4.864    u_s1/CLK
    SLICE_X105Y32        FDCE                                         r  u_s1/delay_ptr_reg[1]/C
  -------------------------------------------------------------------    -------------------
    SLICE_X105Y32        FDCE (Prop_fdce_C_Q)         0.348     5.212 r  u_s1/delay_ptr_reg[1]/Q
                         net (fo=58, routed)          1.144     6.356    u_s1/u_bf/delay_ptr_reg[2]_10[1]
    SLICE_X99Y33         LUT6 (Prop_lut6_I2_O)        0.242     6.598 r  u_s1/u_bf/butterfly_diff_re_carry__1_i_12/O
                         net (fo=3, routed)           1.099     7.697    u_s1/u_bf/delay_line_re_reg[1][8]
    SLICE_X98Y29         LUT3 (Prop_lut3_I0_O)        0.118     7.815 r  u_s1/u_bf/delay_line_re[3][8]_i_2/O
                         net (fo=5, routed)           0.613     8.427    u_s1/u_bf/delay_line_re[8]
    SLICE_X96Y28         LUT2 (Prop_lut2_I0_O)        0.264     8.691 r  u_s1/u_bf/butterfly_sum_re_carry__1_i_8/O
                         net (fo=1, routed)           0.000     8.691    u_s1/u_bf/butterfly_sum_re_carry__1_i_8_n_0
    SLICE_X96Y28         CARRY4 (Prop_carry4_S[0]_CO[3])
                                                      0.423     9.114 r  u_s1/u_bf/butterfly_sum_re_carry__1/CO[3]
                         net (fo=1, routed)           0.000     9.114    u_s1/u_bf/butterfly_sum_re_carry__1_n_0
    SLICE_X96Y29         CARRY4 (Prop_carry4_CI_O[0])
                                                      0.178     9.292 r  u_s1/u_bf/butterfly_sum_re_carry__2/O[0]
                         net (fo=4, routed)           0.570     9.862    u_s1/u_bf/butterfly_sum_re_carry__2_n_7
    SLICE_X95Y26         LUT4 (Prop_lut4_I0_O)        0.238    10.100 r  u_s1/u_bf/butterfly_diff_re_carry__1_i_5__2/O
                         net (fo=1, routed)           0.000    10.100    u_s2/u_bf/phase_counter_reg[3]_2[3]
    SLICE_X95Y26         CARRY4 (Prop_carry4_S[3]_CO[3])
                                                      0.332    10.432 r  u_s2/u_bf/butterfly_diff_re_carry__1/CO[3]
                         net (fo=1, routed)           0.000    10.432    u_s2/u_bf/butterfly_diff_re_carry__1_n_0
    SLICE_X95Y27         CARRY4 (Prop_carry4_CI_O[0])
                                                      0.180    10.612 r  u_s2/u_bf/butterfly_diff_re_carry__2/O[0]
                         net (fo=38, routed)          0.873    11.485    u_s2/g_mult.u_mul/A[11]
    DSP48_X4Y11          DSP48E1 (Prop_dsp48e1_A[16]_P[22])
                                                      3.374    14.859 r  u_s2/g_mult.u_mul/real_imag_product/P[22]
                         net (fo=26, routed)          0.890    15.749    u_s2/g_mult.u_mul/real_imag_product__0[22]
    DSP48_X4Y10          DSP48E1 (Prop_dsp48e1_C[45]_P[10])
                                                      1.523    17.272 r  u_s2/g_mult.u_mul/full_precision_imag/P[10]
                         net (fo=2, routed)           0.730    18.002    u_s2/g_mult.u_mul/full_precision_imag__0[10]
    SLICE_X102Y24        CARRY4 (Prop_carry4_DI[1]_CO[3])
                                                      0.430    18.432 r  u_s2/g_mult.u_mul/product_im0_carry/CO[3]
                         net (fo=1, routed)           0.008    18.440    u_s2/g_mult.u_mul/product_im0_carry_n_0
    SLICE_X102Y25        CARRY4 (Prop_carry4_CI_CO[3])
                                                      0.100    18.540 r  u_s2/g_mult.u_mul/product_im0_carry__0/CO[3]
                         net (fo=1, routed)           0.000    18.540    u_s2/g_mult.u_mul/product_im0_carry__0_n_0
    SLICE_X102Y26        CARRY4 (Prop_carry4_CI_O[3])
                                                      0.262    18.802 r  u_s2/g_mult.u_mul/product_im0_carry__1/O[3]
                         net (fo=1, routed)           0.452    19.254    u_s1/u_bf/full_precision_imag_5[3]
    SLICE_X99Y26         LUT5 (Prop_lut5_I0_O)        0.250    19.504 r  u_s1/u_bf/delay_line_im[3][9]_i_1/O
                         net (fo=4, routed)           0.839    20.343    u_s2/D[9]
    SLICE_X88Y28         FDCE                                         r  u_s2/delay_line_im_reg[1][9]/D
  -------------------------------------------------------------------    -------------------

                         (clock clk rise edge)       20.000    20.000 r  
    Y9                                                0.000    20.000 r  clk (IN)
                         net (fo=0)                   0.000    20.000    clk
    Y9                   IBUF (Prop_ibuf_I_O)         1.355    21.355 r  clk_IBUF_inst/O
                         net (fo=1, routed)           1.673    23.029    clk_IBUF
    BUFGCTRL_X0Y0        BUFG (Prop_bufg_I_O)         0.077    23.106 r  clk_IBUF_BUFG_inst/O
                         net (fo=376, routed)         1.299    24.404    u_s2/CLK
    SLICE_X88Y28         FDCE                                         r  u_s2/delay_line_im_reg[1][9]/C
                         clock pessimism              0.340    24.744    
                         clock uncertainty           -0.135    24.609    
    SLICE_X88Y28         FDCE (Setup_fdce_C_D)       -0.063    24.546    u_s2/delay_line_im_reg[1][9]
  -------------------------------------------------------------------
                         required time                         24.546    
                         arrival time                         -20.343    
  -------------------------------------------------------------------
                         slack                                  4.203    

Slack (MET) :             4.253ns  (required time - arrival time)
  Source:                 u_s1/delay_ptr_reg[1]/C
                            (rising edge-triggered cell FDCE clocked by clk  {rise@0.000ns fall@10.000ns period=20.000ns})
  Destination:            u_s2/delay_line_im_reg[2][9]/D
                            (rising edge-triggered cell FDCE clocked by clk  {rise@0.000ns fall@10.000ns period=20.000ns})
  Path Group:             clk
  Path Type:              Setup (Max at Slow Process Corner)
  Requirement:            20.000ns  (clk rise@20.000ns - clk rise@0.000ns)
  Data Path Delay:        15.444ns  (logic 8.262ns (53.495%)  route 7.182ns (46.505%))
  Logic Levels:           14  (CARRY4=7 DSP48E1=2 LUT2=1 LUT3=1 LUT4=1 LUT5=1 LUT6=1)
  Clock Path Skew:        -0.120ns (DCD - SCD + CPR)
    Destination Clock Delay (DCD):    4.404ns = ( 24.404 - 20.000 ) 
    Source Clock Delay      (SCD):    4.864ns
    Clock Pessimism Removal (CPR):    0.340ns
  Clock Uncertainty:      0.135ns  ((TSJ^2 + TIJ^2)^1/2 + DJ) / 2 + PE + UU
    Total System Jitter     (TSJ):    0.071ns
    Total Input Jitter      (TIJ):    0.000ns
    Discrete Jitter          (DJ):    0.000ns
    Phase Error              (PE):    0.000ns
    User Uncertainty         (UU):    0.100ns

    Location             Delay type                Incr(ns)  Path(ns)    Netlist Resource(s)
  -------------------------------------------------------------------    -------------------
                         (clock clk rise edge)        0.000     0.000 r  
    Y9                                                0.000     0.000 r  clk (IN)
                         net (fo=0)                   0.000     0.000    clk
    Y9                   IBUF (Prop_ibuf_I_O)         1.421     1.421 r  clk_IBUF_inst/O
                         net (fo=1, routed)           1.843     3.264    clk_IBUF
    BUFGCTRL_X0Y0        BUFG (Prop_bufg_I_O)         0.085     3.349 r  clk_IBUF_BUFG_inst/O
                         net (fo=376, routed)         1.515     4.864    u_s1/CLK
    SLICE_X105Y32        FDCE                                         r  u_s1/delay_ptr_reg[1]/C
  -------------------------------------------------------------------    -------------------
    SLICE_X105Y32        FDCE (Prop_fdce_C_Q)         0.348     5.212 r  u_s1/delay_ptr_reg[1]/Q
                         net (fo=58, routed)          1.144     6.356    u_s1/u_bf/delay_ptr_reg[2]_10[1]
    SLICE_X99Y33         LUT6 (Prop_lut6_I2_O)        0.242     6.598 r  u_s1/u_bf/butterfly_diff_re_carry__1_i_12/O
                         net (fo=3, routed)           1.099     7.697    u_s1/u_bf/delay_line_re_reg[1][8]
    SLICE_X98Y29         LUT3 (Prop_lut3_I0_O)        0.118     7.815 r  u_s1/u_bf/delay_line_re[3][8]_i_2/O
                         net (fo=5, routed)           0.613     8.427    u_s1/u_bf/delay_line_re[8]
    SLICE_X96Y28         LUT2 (Prop_lut2_I0_O)        0.264     8.691 r  u_s1/u_bf/butterfly_sum_re_carry__1_i_8/O
                         net (fo=1, routed)           0.000     8.691    u_s1/u_bf/butterfly_sum_re_carry__1_i_8_n_0
    SLICE_X96Y28         CARRY4 (Prop_carry4_S[0]_CO[3])
                                                      0.423     9.114 r  u_s1/u_bf/butterfly_sum_re_carry__1/CO[3]
                         net (fo=1, routed)           0.000     9.114    u_s1/u_bf/butterfly_sum_re_carry__1_n_0
    SLICE_X96Y29         CARRY4 (Prop_carry4_CI_O[0])
                                                      0.178     9.292 r  u_s1/u_bf/butterfly_sum_re_carry__2/O[0]
                         net (fo=4, routed)           0.570     9.862    u_s1/u_bf/butterfly_sum_re_carry__2_n_7
    SLICE_X95Y26         LUT4 (Prop_lut4_I0_O)        0.238    10.100 r  u_s1/u_bf/butterfly_diff_re_carry__1_i_5__2/O
                         net (fo=1, routed)           0.000    10.100    u_s2/u_bf/phase_counter_reg[3]_2[3]
    SLICE_X95Y26         CARRY4 (Prop_carry4_S[3]_CO[3])
                                                      0.332    10.432 r  u_s2/u_bf/butterfly_diff_re_carry__1/CO[3]
                         net (fo=1, routed)           0.000    10.432    u_s2/u_bf/butterfly_diff_re_carry__1_n_0
    SLICE_X95Y27         CARRY4 (Prop_carry4_CI_O[0])
                                                      0.180    10.612 r  u_s2/u_bf/butterfly_diff_re_carry__2/O[0]
                         net (fo=38, routed)          0.873    11.485    u_s2/g_mult.u_mul/A[11]
    DSP48_X4Y11          DSP48E1 (Prop_dsp48e1_A[16]_P[22])
                                                      3.374    14.859 r  u_s2/g_mult.u_mul/real_imag_product/P[22]
                         net (fo=26, routed)          0.890    15.749    u_s2/g_mult.u_mul/real_imag_product__0[22]
    DSP48_X4Y10          DSP48E1 (Prop_dsp48e1_C[45]_P[10])
                                                      1.523    17.272 r  u_s2/g_mult.u_mul/full_precision_imag/P[10]
                         net (fo=2, routed)           0.730    18.002    u_s2/g_mult.u_mul/full_precision_imag__0[10]
    SLICE_X102Y24        CARRY4 (Prop_carry4_DI[1]_CO[3])
                                                      0.430    18.432 r  u_s2/g_mult.u_mul/product_im0_carry/CO[3]
                         net (fo=1, routed)           0.008    18.440    u_s2/g_mult.u_mul/product_im0_carry_n_0
    SLICE_X102Y25        CARRY4 (Prop_carry4_CI_CO[3])
                                                      0.100    18.540 r  u_s2/g_mult.u_mul/product_im0_carry__0/CO[3]
                         net (fo=1, routed)           0.000    18.540    u_s2/g_mult.u_mul/product_im0_carry__0_n_0
    SLICE_X102Y26        CARRY4 (Prop_carry4_CI_O[3])
                                                      0.262    18.802 r  u_s2/g_mult.u_mul/product_im0_carry__1/O[3]
                         net (fo=1, routed)           0.452    19.254    u_s1/u_bf/full_precision_imag_5[3]
    SLICE_X99Y26         LUT5 (Prop_lut5_I0_O)        0.250    19.504 r  u_s1/u_bf/delay_line_im[3][9]_i_1/O
                         net (fo=4, routed)           0.805    20.309    u_s2/D[9]
    SLICE_X87Y28         FDCE                                         r  u_s2/delay_line_im_reg[2][9]/D
  -------------------------------------------------------------------    -------------------

                         (clock clk rise edge)       20.000    20.000 r  
    Y9                                                0.000    20.000 r  clk (IN)
                         net (fo=0)                   0.000    20.000    clk
    Y9                   IBUF (Prop_ibuf_I_O)         1.355    21.355 r  clk_IBUF_inst/O
                         net (fo=1, routed)           1.673    23.029    clk_IBUF
    BUFGCTRL_X0Y0        BUFG (Prop_bufg_I_O)         0.077    23.106 r  clk_IBUF_BUFG_inst/O
                         net (fo=376, routed)         1.299    24.404    u_s2/CLK
    SLICE_X87Y28         FDCE                                         r  u_s2/delay_line_im_reg[2][9]/C
                         clock pessimism              0.340    24.744    
                         clock uncertainty           -0.135    24.609    
    SLICE_X87Y28         FDCE (Setup_fdce_C_D)       -0.047    24.562    u_s2/delay_line_im_reg[2][9]
  -------------------------------------------------------------------
                         required time                         24.562    
                         arrival time                         -20.309    
  -------------------------------------------------------------------
                         slack                                  4.253    





Min Delay Paths
--------------------------------------------------------------------------------------
Slack (MET) :             0.045ns  (arrival time - required time)
  Source:                 u_s4/phase_counter_reg[0]/C
                            (rising edge-triggered cell FDCE clocked by clk  {rise@0.000ns fall@10.000ns period=20.000ns})
  Destination:            u_s4/phase_counter_reg[0]/D
                            (rising edge-triggered cell FDCE clocked by clk  {rise@0.000ns fall@10.000ns period=20.000ns})
  Path Group:             clk
  Path Type:              Hold (Min at Fast Process Corner)
  Requirement:            0.000ns  (clk rise@0.000ns - clk rise@0.000ns)
  Data Path Delay:        0.350ns  (logic 0.183ns (52.281%)  route 0.167ns (47.719%))
  Logic Levels:           1  (LUT1=1)
  Clock Path Skew:        0.000ns (DCD - SCD - CPR)
    Destination Clock Delay (DCD):    2.042ns
    Source Clock Delay      (SCD):    1.528ns
    Clock Pessimism Removal (CPR):    0.514ns
  Clock Uncertainty:      0.200ns  ((TSJ^2 + TIJ^2)^1/2 + DJ) / 2 + PE + UU
    Total System Jitter     (TSJ):    0.000ns
    Total Input Jitter      (TIJ):    0.000ns
    Discrete Jitter          (DJ):    0.000ns
    Phase Error              (PE):    0.000ns
    User Uncertainty         (UU):    0.200ns

    Location             Delay type                Incr(ns)  Path(ns)    Netlist Resource(s)
  -------------------------------------------------------------------    -------------------
                         (clock clk rise edge)        0.000     0.000 r  
    Y9                                                0.000     0.000 r  clk (IN)
                         net (fo=0)                   0.000     0.000    clk
    Y9                   IBUF (Prop_ibuf_I_O)         0.258     0.258 r  clk_IBUF_inst/O
                         net (fo=1, routed)           0.663     0.921    clk_IBUF
    BUFGCTRL_X0Y0        BUFG (Prop_bufg_I_O)         0.026     0.947 r  clk_IBUF_BUFG_inst/O
                         net (fo=376, routed)         0.581     1.528    u_s4/CLK
    SLICE_X85Y32         FDCE                                         r  u_s4/phase_counter_reg[0]/C
  -------------------------------------------------------------------    -------------------
    SLICE_X85Y32         FDCE (Prop_fdce_C_Q)         0.141     1.669 f  u_s4/phase_counter_reg[0]/Q
                         net (fo=49, routed)          0.167     1.836    u_s4/phase_counter[0]
    SLICE_X85Y32         LUT1 (Prop_lut1_I0_O)        0.042     1.878 r  u_s4/phase_counter[0]_i_1/O
                         net (fo=1, routed)           0.000     1.878    u_s4/phase_counter[0]_i_1_n_0
    SLICE_X85Y32         FDCE                                         r  u_s4/phase_counter_reg[0]/D
  -------------------------------------------------------------------    -------------------

                         (clock clk rise edge)        0.000     0.000 r  
    Y9                                                0.000     0.000 r  clk (IN)
                         net (fo=0)                   0.000     0.000    clk
    Y9                   IBUF (Prop_ibuf_I_O)         0.446     0.446 r  clk_IBUF_inst/O
                         net (fo=1, routed)           0.719     1.165    clk_IBUF
    BUFGCTRL_X0Y0        BUFG (Prop_bufg_I_O)         0.029     1.194 r  clk_IBUF_BUFG_inst/O
                         net (fo=376, routed)         0.848     2.042    u_s4/CLK
    SLICE_X85Y32         FDCE                                         r  u_s4/phase_counter_reg[0]/C
                         clock pessimism             -0.514     1.528    
                         clock uncertainty            0.200     1.728    
    SLICE_X85Y32         FDCE (Hold_fdce_C_D)         0.105     1.833    u_s4/phase_counter_reg[0]
  -------------------------------------------------------------------
                         required time                         -1.833    
                         arrival time                           1.878    
  -------------------------------------------------------------------
                         slack                                  0.045    

Slack (MET) :             0.050ns  (arrival time - required time)
  Source:                 u_s2/phase_counter_reg[1]/C
                            (rising edge-triggered cell FDCE clocked by clk  {rise@0.000ns fall@10.000ns period=20.000ns})
  Destination:            u_s2/phase_counter_reg[2]/D
                            (rising edge-triggered cell FDCE clocked by clk  {rise@0.000ns fall@10.000ns period=20.000ns})
  Path Group:             clk
  Path Type:              Hold (Min at Fast Process Corner)
  Requirement:            0.000ns  (clk rise@0.000ns - clk rise@0.000ns)
  Data Path Delay:        0.381ns  (logic 0.207ns (54.326%)  route 0.174ns (45.674%))
  Logic Levels:           1  (LUT3=1)
  Clock Path Skew:        0.000ns (DCD - SCD - CPR)
    Destination Clock Delay (DCD):    2.062ns
    Source Clock Delay      (SCD):    1.549ns
    Clock Pessimism Removal (CPR):    0.513ns
  Clock Uncertainty:      0.200ns  ((TSJ^2 + TIJ^2)^1/2 + DJ) / 2 + PE + UU
    Total System Jitter     (TSJ):    0.000ns
    Total Input Jitter      (TIJ):    0.000ns
    Discrete Jitter          (DJ):    0.000ns
    Phase Error              (PE):    0.000ns
    User Uncertainty         (UU):    0.200ns

    Location             Delay type                Incr(ns)  Path(ns)    Netlist Resource(s)
  -------------------------------------------------------------------    -------------------
                         (clock clk rise edge)        0.000     0.000 r  
    Y9                                                0.000     0.000 r  clk (IN)
                         net (fo=0)                   0.000     0.000    clk
    Y9                   IBUF (Prop_ibuf_I_O)         0.258     0.258 r  clk_IBUF_inst/O
                         net (fo=1, routed)           0.663     0.921    clk_IBUF
    BUFGCTRL_X0Y0        BUFG (Prop_bufg_I_O)         0.026     0.947 r  clk_IBUF_BUFG_inst/O
                         net (fo=376, routed)         0.602     1.549    u_s2/CLK
    SLICE_X98Y27         FDCE                                         r  u_s2/phase_counter_reg[1]/C
  -------------------------------------------------------------------    -------------------
    SLICE_X98Y27         FDCE (Prop_fdce_C_Q)         0.164     1.713 r  u_s2/phase_counter_reg[1]/Q
                         net (fo=4, routed)           0.174     1.887    u_s2/s2_twiddle_addr[1]
    SLICE_X98Y27         LUT3 (Prop_lut3_I1_O)        0.043     1.930 r  u_s2/phase_counter[2]_i_1__0/O
                         net (fo=1, routed)           0.000     1.930    u_s2/phase_counter[2]_i_1__0_n_0
    SLICE_X98Y27         FDCE                                         r  u_s2/phase_counter_reg[2]/D
  -------------------------------------------------------------------    -------------------

                         (clock clk rise edge)        0.000     0.000 r  
    Y9                                                0.000     0.000 r  clk (IN)
                         net (fo=0)                   0.000     0.000    clk
    Y9                   IBUF (Prop_ibuf_I_O)         0.446     0.446 r  clk_IBUF_inst/O
                         net (fo=1, routed)           0.719     1.165    clk_IBUF
    BUFGCTRL_X0Y0        BUFG (Prop_bufg_I_O)         0.029     1.194 r  clk_IBUF_BUFG_inst/O
                         net (fo=376, routed)         0.868     2.062    u_s2/CLK
    SLICE_X98Y27         FDCE                                         r  u_s2/phase_counter_reg[2]/C
                         clock pessimism             -0.513     1.549    
                         clock uncertainty            0.200     1.749    
    SLICE_X98Y27         FDCE (Hold_fdce_C_D)         0.131     1.880    u_s2/phase_counter_reg[2]
  -------------------------------------------------------------------
                         required time                         -1.880    
                         arrival time                           1.930    
  -------------------------------------------------------------------
                         slack                                  0.050    

Slack (MET) :             0.063ns  (arrival time - required time)
  Source:                 u_s2/phase_counter_reg[1]/C
                            (rising edge-triggered cell FDCE clocked by clk  {rise@0.000ns fall@10.000ns period=20.000ns})
  Destination:            u_s2/phase_counter_reg[1]/D
                            (rising edge-triggered cell FDCE clocked by clk  {rise@0.000ns fall@10.000ns period=20.000ns})
  Path Group:             clk
  Path Type:              Hold (Min at Fast Process Corner)
  Requirement:            0.000ns  (clk rise@0.000ns - clk rise@0.000ns)
  Data Path Delay:        0.383ns  (logic 0.209ns (54.565%)  route 0.174ns (45.435%))
  Logic Levels:           1  (LUT2=1)
  Clock Path Skew:        0.000ns (DCD - SCD - CPR)
    Destination Clock Delay (DCD):    2.062ns
    Source Clock Delay      (SCD):    1.549ns
    Clock Pessimism Removal (CPR):    0.513ns
  Clock Uncertainty:      0.200ns  ((TSJ^2 + TIJ^2)^1/2 + DJ) / 2 + PE + UU
    Total System Jitter     (TSJ):    0.000ns
    Total Input Jitter      (TIJ):    0.000ns
    Discrete Jitter          (DJ):    0.000ns
    Phase Error              (PE):    0.000ns
    User Uncertainty         (UU):    0.200ns

    Location             Delay type                Incr(ns)  Path(ns)    Netlist Resource(s)
  -------------------------------------------------------------------    -------------------
                         (clock clk rise edge)        0.000     0.000 r  
    Y9                                                0.000     0.000 r  clk (IN)
                         net (fo=0)                   0.000     0.000    clk
    Y9                   IBUF (Prop_ibuf_I_O)         0.258     0.258 r  clk_IBUF_inst/O
                         net (fo=1, routed)           0.663     0.921    clk_IBUF
    BUFGCTRL_X0Y0        BUFG (Prop_bufg_I_O)         0.026     0.947 r  clk_IBUF_BUFG_inst/O
                         net (fo=376, routed)         0.602     1.549    u_s2/CLK
    SLICE_X98Y27         FDCE                                         r  u_s2/phase_counter_reg[1]/C
  -------------------------------------------------------------------    -------------------
    SLICE_X98Y27         FDCE (Prop_fdce_C_Q)         0.164     1.713 r  u_s2/phase_counter_reg[1]/Q
                         net (fo=4, routed)           0.174     1.887    u_s2/s2_twiddle_addr[1]
    SLICE_X98Y27         LUT2 (Prop_lut2_I1_O)        0.045     1.932 r  u_s2/phase_counter[1]_i_1__0/O
                         net (fo=1, routed)           0.000     1.932    u_s2/phase_counter[1]_i_1__0_n_0
    SLICE_X98Y27         FDCE                                         r  u_s2/phase_counter_reg[1]/D
  -------------------------------------------------------------------    -------------------

                         (clock clk rise edge)        0.000     0.000 r  
    Y9                                                0.000     0.000 r  clk (IN)
                         net (fo=0)                   0.000     0.000    clk
    Y9                   IBUF (Prop_ibuf_I_O)         0.446     0.446 r  clk_IBUF_inst/O
                         net (fo=1, routed)           0.719     1.165    clk_IBUF
    BUFGCTRL_X0Y0        BUFG (Prop_bufg_I_O)         0.029     1.194 r  clk_IBUF_BUFG_inst/O
                         net (fo=376, routed)         0.868     2.062    u_s2/CLK
    SLICE_X98Y27         FDCE                                         r  u_s2/phase_counter_reg[1]/C
                         clock pessimism             -0.513     1.549    
                         clock uncertainty            0.200     1.749    
    SLICE_X98Y27         FDCE (Hold_fdce_C_D)         0.120     1.869    u_s2/phase_counter_reg[1]
  -------------------------------------------------------------------
                         required time                         -1.869    
                         arrival time                           1.932    
  -------------------------------------------------------------------
                         slack                                  0.063    

Slack (MET) :             0.084ns  (arrival time - required time)
  Source:                 u_s1/phase_counter_reg[0]/C
                            (rising edge-triggered cell FDCE clocked by clk  {rise@0.000ns fall@10.000ns period=20.000ns})
  Destination:            u_s1/phase_counter_reg[1]/D
                            (rising edge-triggered cell FDCE clocked by clk  {rise@0.000ns fall@10.000ns period=20.000ns})
  Path Group:             clk
  Path Type:              Hold (Min at Fast Process Corner)
  Requirement:            0.000ns  (clk rise@0.000ns - clk rise@0.000ns)
  Data Path Delay:        0.415ns  (logic 0.207ns (49.912%)  route 0.208ns (50.088%))
  Logic Levels:           1  (LUT2=1)
  Clock Path Skew:        0.000ns (DCD - SCD - CPR)
    Destination Clock Delay (DCD):    2.065ns
    Source Clock Delay      (SCD):    1.550ns
    Clock Pessimism Removal (CPR):    0.515ns
  Clock Uncertainty:      0.200ns  ((TSJ^2 + TIJ^2)^1/2 + DJ) / 2 + PE + UU
    Total System Jitter     (TSJ):    0.000ns
    Total Input Jitter      (TIJ):    0.000ns
    Discrete Jitter          (DJ):    0.000ns
    Phase Error              (PE):    0.000ns
    User Uncertainty         (UU):    0.200ns

    Location             Delay type                Incr(ns)  Path(ns)    Netlist Resource(s)
  -------------------------------------------------------------------    -------------------
                         (clock clk rise edge)        0.000     0.000 r  
    Y9                                                0.000     0.000 r  clk (IN)
                         net (fo=0)                   0.000     0.000    clk
    Y9                   IBUF (Prop_ibuf_I_O)         0.258     0.258 r  clk_IBUF_inst/O
                         net (fo=1, routed)           0.663     0.921    clk_IBUF
    BUFGCTRL_X0Y0        BUFG (Prop_bufg_I_O)         0.026     0.947 r  clk_IBUF_BUFG_inst/O
                         net (fo=376, routed)         0.603     1.550    u_s1/CLK
    SLICE_X96Y30         FDCE                                         r  u_s1/phase_counter_reg[0]/C
  -------------------------------------------------------------------    -------------------
    SLICE_X96Y30         FDCE (Prop_fdce_C_Q)         0.164     1.714 r  u_s1/phase_counter_reg[0]/Q
                         net (fo=21, routed)          0.208     1.922    u_s1/s1_twiddle_addr[0]
    SLICE_X96Y30         LUT2 (Prop_lut2_I0_O)        0.043     1.965 r  u_s1/phase_counter[1]_i_1/O
                         net (fo=1, routed)           0.000     1.965    u_s1/phase_counter[1]_i_1_n_0
    SLICE_X96Y30         FDCE                                         r  u_s1/phase_counter_reg[1]/D
  -------------------------------------------------------------------    -------------------

                         (clock clk rise edge)        0.000     0.000 r  
    Y9                                                0.000     0.000 r  clk (IN)
                         net (fo=0)                   0.000     0.000    clk
    Y9                   IBUF (Prop_ibuf_I_O)         0.446     0.446 r  clk_IBUF_inst/O
                         net (fo=1, routed)           0.719     1.165    clk_IBUF
    BUFGCTRL_X0Y0        BUFG (Prop_bufg_I_O)         0.029     1.194 r  clk_IBUF_BUFG_inst/O
                         net (fo=376, routed)         0.871     2.065    u_s1/CLK
    SLICE_X96Y30         FDCE                                         r  u_s1/phase_counter_reg[1]/C
                         clock pessimism             -0.515     1.550    
                         clock uncertainty            0.200     1.750    
    SLICE_X96Y30         FDCE (Hold_fdce_C_D)         0.131     1.881    u_s1/phase_counter_reg[1]
  -------------------------------------------------------------------
                         required time                         -1.881    
                         arrival time                           1.965    
  -------------------------------------------------------------------
                         slack                                  0.084    

Slack (MET) :             0.091ns  (arrival time - required time)
  Source:                 u_s2/delay_ptr_reg[0]/C
                            (rising edge-triggered cell FDCE clocked by clk  {rise@0.000ns fall@10.000ns period=20.000ns})
  Destination:            u_s2/delay_ptr_reg[1]/D
                            (rising edge-triggered cell FDCE clocked by clk  {rise@0.000ns fall@10.000ns period=20.000ns})
  Path Group:             clk
  Path Type:              Hold (Min at Fast Process Corner)
  Requirement:            0.000ns  (clk rise@0.000ns - clk rise@0.000ns)
  Data Path Delay:        0.398ns  (logic 0.183ns (46.001%)  route 0.215ns (53.999%))
  Logic Levels:           1  (LUT2=1)
  Clock Path Skew:        0.000ns (DCD - SCD - CPR)
    Destination Clock Delay (DCD):    2.038ns
    Source Clock Delay      (SCD):    1.524ns
    Clock Pessimism Removal (CPR):    0.514ns
  Clock Uncertainty:      0.200ns  ((TSJ^2 + TIJ^2)^1/2 + DJ) / 2 + PE + UU
    Total System Jitter     (TSJ):    0.000ns
    Total Input Jitter      (TIJ):    0.000ns
    Discrete Jitter          (DJ):    0.000ns
    Phase Error              (PE):    0.000ns
    User Uncertainty         (UU):    0.200ns

    Location             Delay type                Incr(ns)  Path(ns)    Netlist Resource(s)
  -------------------------------------------------------------------    -------------------
                         (clock clk rise edge)        0.000     0.000 r  
    Y9                                                0.000     0.000 r  clk (IN)
                         net (fo=0)                   0.000     0.000    clk
    Y9                   IBUF (Prop_ibuf_I_O)         0.258     0.258 r  clk_IBUF_inst/O
                         net (fo=1, routed)           0.663     0.921    clk_IBUF
    BUFGCTRL_X0Y0        BUFG (Prop_bufg_I_O)         0.026     0.947 r  clk_IBUF_BUFG_inst/O
                         net (fo=376, routed)         0.577     1.524    u_s2/CLK
    SLICE_X85Y28         FDCE                                         r  u_s2/delay_ptr_reg[0]/C
  -------------------------------------------------------------------    -------------------
    SLICE_X85Y28         FDCE (Prop_fdce_C_Q)         0.141     1.665 r  u_s2/delay_ptr_reg[0]/Q
                         net (fo=32, routed)          0.215     1.880    u_s2/delay_ptr_0[0]
    SLICE_X85Y28         LUT2 (Prop_lut2_I1_O)        0.042     1.922 r  u_s2/delay_ptr[1]_i_1__0/O
                         net (fo=1, routed)           0.000     1.922    u_s2/delay_ptr[1]_i_1__0_n_0
    SLICE_X85Y28         FDCE                                         r  u_s2/delay_ptr_reg[1]/D
  -------------------------------------------------------------------    -------------------

                         (clock clk rise edge)        0.000     0.000 r  
    Y9                                                0.000     0.000 r  clk (IN)
                         net (fo=0)                   0.000     0.000    clk
    Y9                   IBUF (Prop_ibuf_I_O)         0.446     0.446 r  clk_IBUF_inst/O
                         net (fo=1, routed)           0.719     1.165    clk_IBUF
    BUFGCTRL_X0Y0        BUFG (Prop_bufg_I_O)         0.029     1.194 r  clk_IBUF_BUFG_inst/O
                         net (fo=376, routed)         0.844     2.038    u_s2/CLK
    SLICE_X85Y28         FDCE                                         r  u_s2/delay_ptr_reg[1]/C
                         clock pessimism             -0.514     1.524    
                         clock uncertainty            0.200     1.724    
    SLICE_X85Y28         FDCE (Hold_fdce_C_D)         0.107     1.831    u_s2/delay_ptr_reg[1]
  -------------------------------------------------------------------
                         required time                         -1.831    
                         arrival time                           1.922    
  -------------------------------------------------------------------
                         slack                                  0.091    

Slack (MET) :             0.097ns  (arrival time - required time)
  Source:                 u_s1/phase_counter_reg[0]/C
                            (rising edge-triggered cell FDCE clocked by clk  {rise@0.000ns fall@10.000ns period=20.000ns})
  Destination:            u_s1/phase_counter_reg[0]/D
                            (rising edge-triggered cell FDCE clocked by clk  {rise@0.000ns fall@10.000ns period=20.000ns})
  Path Group:             clk
  Path Type:              Hold (Min at Fast Process Corner)
  Requirement:            0.000ns  (clk rise@0.000ns - clk rise@0.000ns)
  Data Path Delay:        0.417ns  (logic 0.209ns (50.153%)  route 0.208ns (49.847%))
  Logic Levels:           1  (LUT1=1)
  Clock Path Skew:        0.000ns (DCD - SCD - CPR)
    Destination Clock Delay (DCD):    2.065ns
    Source Clock Delay      (SCD):    1.550ns
    Clock Pessimism Removal (CPR):    0.515ns
  Clock Uncertainty:      0.200ns  ((TSJ^2 + TIJ^2)^1/2 + DJ) / 2 + PE + UU
    Total System Jitter     (TSJ):    0.000ns
    Total Input Jitter      (TIJ):    0.000ns
    Discrete Jitter          (DJ):    0.000ns
    Phase Error              (PE):    0.000ns
    User Uncertainty         (UU):    0.200ns

    Location             Delay type                Incr(ns)  Path(ns)    Netlist Resource(s)
  -------------------------------------------------------------------    -------------------
                         (clock clk rise edge)        0.000     0.000 r  
    Y9                                                0.000     0.000 r  clk (IN)
                         net (fo=0)                   0.000     0.000    clk
    Y9                   IBUF (Prop_ibuf_I_O)         0.258     0.258 r  clk_IBUF_inst/O
                         net (fo=1, routed)           0.663     0.921    clk_IBUF
    BUFGCTRL_X0Y0        BUFG (Prop_bufg_I_O)         0.026     0.947 r  clk_IBUF_BUFG_inst/O
                         net (fo=376, routed)         0.603     1.550    u_s1/CLK
    SLICE_X96Y30         FDCE                                         r  u_s1/phase_counter_reg[0]/C
  -------------------------------------------------------------------    -------------------
    SLICE_X96Y30         FDCE (Prop_fdce_C_Q)         0.164     1.714 f  u_s1/phase_counter_reg[0]/Q
                         net (fo=21, routed)          0.208     1.922    u_s1/s1_twiddle_addr[0]
    SLICE_X96Y30         LUT1 (Prop_lut1_I0_O)        0.045     1.967 r  u_s1/phase_counter[0]_i_1__0/O
                         net (fo=1, routed)           0.000     1.967    u_s1/phase_counter[0]_i_1__0_n_0
    SLICE_X96Y30         FDCE                                         r  u_s1/phase_counter_reg[0]/D
  -------------------------------------------------------------------    -------------------

                         (clock clk rise edge)        0.000     0.000 r  
    Y9                                                0.000     0.000 r  clk (IN)
                         net (fo=0)                   0.000     0.000    clk
    Y9                   IBUF (Prop_ibuf_I_O)         0.446     0.446 r  clk_IBUF_inst/O
                         net (fo=1, routed)           0.719     1.165    clk_IBUF
    BUFGCTRL_X0Y0        BUFG (Prop_bufg_I_O)         0.029     1.194 r  clk_IBUF_BUFG_inst/O
                         net (fo=376, routed)         0.871     2.065    u_s1/CLK
    SLICE_X96Y30         FDCE                                         r  u_s1/phase_counter_reg[0]/C
                         clock pessimism             -0.515     1.550    
                         clock uncertainty            0.200     1.750    
    SLICE_X96Y30         FDCE (Hold_fdce_C_D)         0.120     1.870    u_s1/phase_counter_reg[0]
  -------------------------------------------------------------------
                         required time                         -1.870    
                         arrival time                           1.967    
  -------------------------------------------------------------------
                         slack                                  0.097    

Slack (MET) :             0.109ns  (arrival time - required time)
  Source:                 u_s3/delay_line_re_reg[1][6]/C
                            (rising edge-triggered cell FDCE clocked by clk  {rise@0.000ns fall@10.000ns period=20.000ns})
  Destination:            u_s4/delay_line_re_reg[0][6]/D
                            (rising edge-triggered cell FDCE clocked by clk  {rise@0.000ns fall@10.000ns period=20.000ns})
  Path Group:             clk
  Path Type:              Hold (Min at Fast Process Corner)
  Requirement:            0.000ns  (clk rise@0.000ns - clk rise@0.000ns)
  Data Path Delay:        0.415ns  (logic 0.231ns (55.664%)  route 0.184ns (44.336%))
  Logic Levels:           2  (LUT3=1 LUT5=1)
  Clock Path Skew:        0.015ns (DCD - SCD - CPR)
    Destination Clock Delay (DCD):    2.040ns
    Source Clock Delay      (SCD):    1.526ns
    Clock Pessimism Removal (CPR):    0.499ns
  Clock Uncertainty:      0.200ns  ((TSJ^2 + TIJ^2)^1/2 + DJ) / 2 + PE + UU
    Total System Jitter     (TSJ):    0.000ns
    Total Input Jitter      (TIJ):    0.000ns
    Discrete Jitter          (DJ):    0.000ns
    Phase Error              (PE):    0.000ns
    User Uncertainty         (UU):    0.200ns

    Location             Delay type                Incr(ns)  Path(ns)    Netlist Resource(s)
  -------------------------------------------------------------------    -------------------
                         (clock clk rise edge)        0.000     0.000 r  
    Y9                                                0.000     0.000 r  clk (IN)
                         net (fo=0)                   0.000     0.000    clk
    Y9                   IBUF (Prop_ibuf_I_O)         0.258     0.258 r  clk_IBUF_inst/O
                         net (fo=1, routed)           0.663     0.921    clk_IBUF
    BUFGCTRL_X0Y0        BUFG (Prop_bufg_I_O)         0.026     0.947 r  clk_IBUF_BUFG_inst/O
                         net (fo=376, routed)         0.579     1.526    u_s3/CLK
    SLICE_X87Y29         FDCE                                         r  u_s3/delay_line_re_reg[1][6]/C
  -------------------------------------------------------------------    -------------------
    SLICE_X87Y29         FDCE (Prop_fdce_C_Q)         0.141     1.667 r  u_s3/delay_line_re_reg[1][6]/Q
                         net (fo=5, routed)           0.122     1.789    u_s3/u_bf/delay_line_re_reg[1][11][6]
    SLICE_X87Y30         LUT3 (Prop_lut3_I0_O)        0.045     1.834 r  u_s3/u_bf/butterfly_diff_re_carry__0_i_2__0/O
                         net (fo=3, routed)           0.062     1.896    u_s3/u_bf/delayed_re[6]
    SLICE_X87Y30         LUT5 (Prop_lut5_I4_O)        0.045     1.941 r  u_s3/u_bf/delay_line_re[0][6]_i_1/O
                         net (fo=1, routed)           0.000     1.941    u_s4/D[6]
    SLICE_X87Y30         FDCE                                         r  u_s4/delay_line_re_reg[0][6]/D
  -------------------------------------------------------------------    -------------------

                         (clock clk rise edge)        0.000     0.000 r  
    Y9                                                0.000     0.000 r  clk (IN)
                         net (fo=0)                   0.000     0.000    clk
    Y9                   IBUF (Prop_ibuf_I_O)         0.446     0.446 r  clk_IBUF_inst/O
                         net (fo=1, routed)           0.719     1.165    clk_IBUF
    BUFGCTRL_X0Y0        BUFG (Prop_bufg_I_O)         0.029     1.194 r  clk_IBUF_BUFG_inst/O
                         net (fo=376, routed)         0.846     2.040    u_s4/CLK
    SLICE_X87Y30         FDCE                                         r  u_s4/delay_line_re_reg[0][6]/C
                         clock pessimism             -0.499     1.541    
                         clock uncertainty            0.200     1.741    
    SLICE_X87Y30         FDCE (Hold_fdce_C_D)         0.091     1.832    u_s4/delay_line_re_reg[0][6]
  -------------------------------------------------------------------
                         required time                         -1.832    
                         arrival time                           1.941    
  -------------------------------------------------------------------
                         slack                                  0.109    

Slack (MET) :             0.110ns  (arrival time - required time)
  Source:                 u_s2/delay_ptr_reg[0]/C
                            (rising edge-triggered cell FDCE clocked by clk  {rise@0.000ns fall@10.000ns period=20.000ns})
  Destination:            u_s2/delay_ptr_reg[0]/D
                            (rising edge-triggered cell FDCE clocked by clk  {rise@0.000ns fall@10.000ns period=20.000ns})
  Path Group:             clk
  Path Type:              Hold (Min at Fast Process Corner)
  Requirement:            0.000ns  (clk rise@0.000ns - clk rise@0.000ns)
  Data Path Delay:        0.401ns  (logic 0.186ns (46.405%)  route 0.215ns (53.595%))
  Logic Levels:           1  (LUT1=1)
  Clock Path Skew:        0.000ns (DCD - SCD - CPR)
    Destination Clock Delay (DCD):    2.038ns
    Source Clock Delay      (SCD):    1.524ns
    Clock Pessimism Removal (CPR):    0.514ns
  Clock Uncertainty:      0.200ns  ((TSJ^2 + TIJ^2)^1/2 + DJ) / 2 + PE + UU
    Total System Jitter     (TSJ):    0.000ns
    Total Input Jitter      (TIJ):    0.000ns
    Discrete Jitter          (DJ):    0.000ns
    Phase Error              (PE):    0.000ns
    User Uncertainty         (UU):    0.200ns

    Location             Delay type                Incr(ns)  Path(ns)    Netlist Resource(s)
  -------------------------------------------------------------------    -------------------
                         (clock clk rise edge)        0.000     0.000 r  
    Y9                                                0.000     0.000 r  clk (IN)
                         net (fo=0)                   0.000     0.000    clk
    Y9                   IBUF (Prop_ibuf_I_O)         0.258     0.258 r  clk_IBUF_inst/O
                         net (fo=1, routed)           0.663     0.921    clk_IBUF
    BUFGCTRL_X0Y0        BUFG (Prop_bufg_I_O)         0.026     0.947 r  clk_IBUF_BUFG_inst/O
                         net (fo=376, routed)         0.577     1.524    u_s2/CLK
    SLICE_X85Y28         FDCE                                         r  u_s2/delay_ptr_reg[0]/C
  -------------------------------------------------------------------    -------------------
    SLICE_X85Y28         FDCE (Prop_fdce_C_Q)         0.141     1.665 f  u_s2/delay_ptr_reg[0]/Q
                         net (fo=32, routed)          0.215     1.880    u_s2/delay_ptr_0[0]
    SLICE_X85Y28         LUT1 (Prop_lut1_I0_O)        0.045     1.925 r  u_s2/delay_ptr[0]_i_1__1/O
                         net (fo=1, routed)           0.000     1.925    u_s2/delay_ptr[0]_i_1__1_n_0
    SLICE_X85Y28         FDCE                                         r  u_s2/delay_ptr_reg[0]/D
  -------------------------------------------------------------------    -------------------

                         (clock clk rise edge)        0.000     0.000 r  
    Y9                                                0.000     0.000 r  clk (IN)
                         net (fo=0)                   0.000     0.000    clk
    Y9                   IBUF (Prop_ibuf_I_O)         0.446     0.446 r  clk_IBUF_inst/O
                         net (fo=1, routed)           0.719     1.165    clk_IBUF
    BUFGCTRL_X0Y0        BUFG (Prop_bufg_I_O)         0.029     1.194 r  clk_IBUF_BUFG_inst/O
                         net (fo=376, routed)         0.844     2.038    u_s2/CLK
    SLICE_X85Y28         FDCE                                         r  u_s2/delay_ptr_reg[0]/C
                         clock pessimism             -0.514     1.524    
                         clock uncertainty            0.200     1.724    
    SLICE_X85Y28         FDCE (Hold_fdce_C_D)         0.091     1.815    u_s2/delay_ptr_reg[0]
  -------------------------------------------------------------------
                         required time                         -1.815    
                         arrival time                           1.925    
  -------------------------------------------------------------------
                         slack                                  0.110    

Slack (MET) :             0.128ns  (arrival time - required time)
  Source:                 u_s1/delay_ptr_reg[0]/C
                            (rising edge-triggered cell FDCE clocked by clk  {rise@0.000ns fall@10.000ns period=20.000ns})
  Destination:            u_s1/delay_ptr_reg[1]/D
                            (rising edge-triggered cell FDCE clocked by clk  {rise@0.000ns fall@10.000ns period=20.000ns})
  Path Group:             clk
  Path Type:              Hold (Min at Fast Process Corner)
  Requirement:            0.000ns  (clk rise@0.000ns - clk rise@0.000ns)
  Data Path Delay:        0.435ns  (logic 0.183ns (42.097%)  route 0.252ns (57.903%))
  Logic Levels:           1  (LUT2=1)
  Clock Path Skew:        0.000ns (DCD - SCD - CPR)
    Destination Clock Delay (DCD):    2.068ns
    Source Clock Delay      (SCD):    1.553ns
    Clock Pessimism Removal (CPR):    0.515ns
  Clock Uncertainty:      0.200ns  ((TSJ^2 + TIJ^2)^1/2 + DJ) / 2 + PE + UU
    Total System Jitter     (TSJ):    0.000ns
    Total Input Jitter      (TIJ):    0.000ns
    Discrete Jitter          (DJ):    0.000ns
    Phase Error              (PE):    0.000ns
    User Uncertainty         (UU):    0.200ns

    Location             Delay type                Incr(ns)  Path(ns)    Netlist Resource(s)
  -------------------------------------------------------------------    -------------------
                         (clock clk rise edge)        0.000     0.000 r  
    Y9                                                0.000     0.000 r  clk (IN)
                         net (fo=0)                   0.000     0.000    clk
    Y9                   IBUF (Prop_ibuf_I_O)         0.258     0.258 r  clk_IBUF_inst/O
                         net (fo=1, routed)           0.663     0.921    clk_IBUF
    BUFGCTRL_X0Y0        BUFG (Prop_bufg_I_O)         0.026     0.947 r  clk_IBUF_BUFG_inst/O
                         net (fo=376, routed)         0.606     1.553    u_s1/CLK
    SLICE_X105Y32        FDCE                                         r  u_s1/delay_ptr_reg[0]/C
  -------------------------------------------------------------------    -------------------
    SLICE_X105Y32        FDCE (Prop_fdce_C_Q)         0.141     1.694 r  u_s1/delay_ptr_reg[0]/Q
                         net (fo=59, routed)          0.252     1.946    u_s1/delay_ptr[0]
    SLICE_X105Y32        LUT2 (Prop_lut2_I0_O)        0.042     1.988 r  u_s1/delay_ptr[1]_i_1/O
                         net (fo=1, routed)           0.000     1.988    u_s1/delay_ptr[1]_i_1_n_0
    SLICE_X105Y32        FDCE                                         r  u_s1/delay_ptr_reg[1]/D
  -------------------------------------------------------------------    -------------------

                         (clock clk rise edge)        0.000     0.000 r  
    Y9                                                0.000     0.000 r  clk (IN)
                         net (fo=0)                   0.000     0.000    clk
    Y9                   IBUF (Prop_ibuf_I_O)         0.446     0.446 r  clk_IBUF_inst/O
                         net (fo=1, routed)           0.719     1.165    clk_IBUF
    BUFGCTRL_X0Y0        BUFG (Prop_bufg_I_O)         0.029     1.194 r  clk_IBUF_BUFG_inst/O
                         net (fo=376, routed)         0.874     2.068    u_s1/CLK
    SLICE_X105Y32        FDCE                                         r  u_s1/delay_ptr_reg[1]/C
                         clock pessimism             -0.515     1.553    
                         clock uncertainty            0.200     1.753    
    SLICE_X105Y32        FDCE (Hold_fdce_C_D)         0.107     1.860    u_s1/delay_ptr_reg[1]
  -------------------------------------------------------------------
                         required time                         -1.860    
                         arrival time                           1.988    
  -------------------------------------------------------------------
                         slack                                  0.128    

Slack (MET) :             0.147ns  (arrival time - required time)
  Source:                 u_s1/delay_ptr_reg[0]/C
                            (rising edge-triggered cell FDCE clocked by clk  {rise@0.000ns fall@10.000ns period=20.000ns})
  Destination:            u_s1/delay_ptr_reg[0]/D
                            (rising edge-triggered cell FDCE clocked by clk  {rise@0.000ns fall@10.000ns period=20.000ns})
  Path Group:             clk
  Path Type:              Hold (Min at Fast Process Corner)
  Requirement:            0.000ns  (clk rise@0.000ns - clk rise@0.000ns)
  Data Path Delay:        0.438ns  (logic 0.186ns (42.494%)  route 0.252ns (57.506%))
  Logic Levels:           1  (LUT1=1)
  Clock Path Skew:        0.000ns (DCD - SCD - CPR)
    Destination Clock Delay (DCD):    2.068ns
    Source Clock Delay      (SCD):    1.553ns
    Clock Pessimism Removal (CPR):    0.515ns
  Clock Uncertainty:      0.200ns  ((TSJ^2 + TIJ^2)^1/2 + DJ) / 2 + PE + UU
    Total System Jitter     (TSJ):    0.000ns
    Total Input Jitter      (TIJ):    0.000ns
    Discrete Jitter          (DJ):    0.000ns
    Phase Error              (PE):    0.000ns
    User Uncertainty         (UU):    0.200ns

    Location             Delay type                Incr(ns)  Path(ns)    Netlist Resource(s)
  -------------------------------------------------------------------    -------------------
                         (clock clk rise edge)        0.000     0.000 r  
    Y9                                                0.000     0.000 r  clk (IN)
                         net (fo=0)                   0.000     0.000    clk
    Y9                   IBUF (Prop_ibuf_I_O)         0.258     0.258 r  clk_IBUF_inst/O
                         net (fo=1, routed)           0.663     0.921    clk_IBUF
    BUFGCTRL_X0Y0        BUFG (Prop_bufg_I_O)         0.026     0.947 r  clk_IBUF_BUFG_inst/O
                         net (fo=376, routed)         0.606     1.553    u_s1/CLK
    SLICE_X105Y32        FDCE                                         r  u_s1/delay_ptr_reg[0]/C
  -------------------------------------------------------------------    -------------------
    SLICE_X105Y32        FDCE (Prop_fdce_C_Q)         0.141     1.694 f  u_s1/delay_ptr_reg[0]/Q
                         net (fo=59, routed)          0.252     1.946    u_s1/delay_ptr[0]
    SLICE_X105Y32        LUT1 (Prop_lut1_I0_O)        0.045     1.991 r  u_s1/delay_ptr[0]_i_1__0/O
                         net (fo=1, routed)           0.000     1.991    u_s1/delay_ptr[0]_i_1__0_n_0
    SLICE_X105Y32        FDCE                                         r  u_s1/delay_ptr_reg[0]/D
  -------------------------------------------------------------------    -------------------

                         (clock clk rise edge)        0.000     0.000 r  
    Y9                                                0.000     0.000 r  clk (IN)
                         net (fo=0)                   0.000     0.000    clk
    Y9                   IBUF (Prop_ibuf_I_O)         0.446     0.446 r  clk_IBUF_inst/O
                         net (fo=1, routed)           0.719     1.165    clk_IBUF
    BUFGCTRL_X0Y0        BUFG (Prop_bufg_I_O)         0.029     1.194 r  clk_IBUF_BUFG_inst/O
                         net (fo=376, routed)         0.874     2.068    u_s1/CLK
    SLICE_X105Y32        FDCE                                         r  u_s1/delay_ptr_reg[0]/C
                         clock pessimism             -0.515     1.553    
                         clock uncertainty            0.200     1.753    
    SLICE_X105Y32        FDCE (Hold_fdce_C_D)         0.091     1.844    u_s1/delay_ptr_reg[0]
  -------------------------------------------------------------------
                         required time                         -1.844    
                         arrival time                           1.991    
  -------------------------------------------------------------------
                         slack                                  0.147    





Pulse Width Checks
--------------------------------------------------------------------------------------
Clock Name:         clk
Waveform(ns):       { 0.000 10.000 }
Period(ns):         20.000
Sources:            { clk }

Check Type        Corner  Lib Pin  Reference Pin  Required(ns)  Actual(ns)  Slack(ns)  Location       Pin
Min Period        n/a     BUFG/I   n/a            1.592         20.000      18.408     BUFGCTRL_X0Y0  clk_IBUF_BUFG_inst/I
Min Period        n/a     FDCE/C   n/a            1.000         20.000      19.000     SLICE_X96Y30   u_s1/phase_counter_reg[0]/C
Min Period        n/a     FDCE/C   n/a            1.000         20.000      19.000     SLICE_X96Y30   u_s1/phase_counter_reg[1]/C
Min Period        n/a     FDCE/C   n/a            1.000         20.000      19.000     SLICE_X96Y31   u_s1/phase_counter_reg[2]/C
Min Period        n/a     FDCE/C   n/a            1.000         20.000      19.000     SLICE_X96Y31   u_s1/phase_counter_reg[3]/C
Min Period        n/a     FDCE/C   n/a            1.000         20.000      19.000     SLICE_X98Y27   u_s2/phase_counter_reg[0]/C
Min Period        n/a     FDCE/C   n/a            1.000         20.000      19.000     SLICE_X98Y27   u_s2/phase_counter_reg[1]/C
Min Period        n/a     FDCE/C   n/a            1.000         20.000      19.000     SLICE_X98Y27   u_s2/phase_counter_reg[2]/C
Min Period        n/a     FDCE/C   n/a            1.000         20.000      19.000     SLICE_X104Y29  u_s1/delay_line_im_reg[0][0]/C
Min Period        n/a     FDCE/C   n/a            1.000         20.000      19.000     SLICE_X101Y33  u_s1/delay_line_im_reg[0][10]/C
Low Pulse Width   Slow    FDCE/C   n/a            0.500         10.000      9.500      SLICE_X96Y30   u_s1/phase_counter_reg[0]/C
Low Pulse Width   Fast    FDCE/C   n/a            0.500         10.000      9.500      SLICE_X96Y30   u_s1/phase_counter_reg[0]/C
Low Pulse Width   Slow    FDCE/C   n/a            0.500         10.000      9.500      SLICE_X96Y30   u_s1/phase_counter_reg[1]/C
Low Pulse Width   Fast    FDCE/C   n/a            0.500         10.000      9.500      SLICE_X96Y30   u_s1/phase_counter_reg[1]/C
Low Pulse Width   Fast    FDCE/C   n/a            0.500         10.000      9.500      SLICE_X96Y31   u_s1/phase_counter_reg[2]/C
Low Pulse Width   Fast    FDCE/C   n/a            0.500         10.000      9.500      SLICE_X96Y31   u_s1/phase_counter_reg[3]/C
Low Pulse Width   Slow    FDCE/C   n/a            0.500         10.000      9.500      SLICE_X98Y27   u_s2/phase_counter_reg[0]/C
Low Pulse Width   Fast    FDCE/C   n/a            0.500         10.000      9.500      SLICE_X98Y27   u_s2/phase_counter_reg[0]/C
Low Pulse Width   Slow    FDCE/C   n/a            0.500         10.000      9.500      SLICE_X98Y27   u_s2/phase_counter_reg[1]/C
Low Pulse Width   Fast    FDCE/C   n/a            0.500         10.000      9.500      SLICE_X98Y27   u_s2/phase_counter_reg[1]/C
High Pulse Width  Slow    FDCE/C   n/a            0.500         10.000      9.500      SLICE_X105Y30  u_s1/delay_line_im_reg[0][6]/C
High Pulse Width  Slow    FDCE/C   n/a            0.500         10.000      9.500      SLICE_X102Y32  u_s1/delay_line_im_reg[0][7]/C
High Pulse Width  Slow    FDCE/C   n/a            0.500         10.000      9.500      SLICE_X105Y31  u_s1/delay_line_im_reg[2][6]/C
High Pulse Width  Slow    FDCE/C   n/a            0.500         10.000      9.500      SLICE_X105Y31  u_s1/delay_line_im_reg[2][7]/C
High Pulse Width  Slow    FDCE/C   n/a            0.500         10.000      9.500      SLICE_X100Y32  u_s1/delay_line_im_reg[3][11]/C
High Pulse Width  Slow    FDCE/C   n/a            0.500         10.000      9.500      SLICE_X104Y31  u_s1/delay_line_im_reg[3][6]/C
High Pulse Width  Slow    FDCE/C   n/a            0.500         10.000      9.500      SLICE_X104Y31  u_s1/delay_line_im_reg[3][7]/C
High Pulse Width  Slow    FDCE/C   n/a            0.500         10.000      9.500      SLICE_X100Y32  u_s1/delay_line_im_reg[3][8]/C
High Pulse Width  Slow    FDCE/C   n/a            0.500         10.000      9.500      SLICE_X103Y27  u_s1/delay_line_im_reg[4][0]/C
High Pulse Width  Slow    FDCE/C   n/a            0.500         10.000      9.500      SLICE_X101Y32  u_s1/delay_line_im_reg[4][11]/C



