
 /----------------------------------------------------------------------------\
 |                                                                            |
 |  yosys -- Yosys Open SYnthesis Suite                                       |
 |                                                                            |
 |  Copyright (C) 2012 - 2020  Claire Xenia Wolf <claire@yosyshq.com>         |
 |                                                                            |
 |  Permission to use, copy, modify, and/or distribute this software for any  |
 |  purpose with or without fee is hereby granted, provided that the above    |
 |  copyright notice and this permission notice appear in all copies.         |
 |                                                                            |
 |  THE SOFTWARE IS PROVIDED "AS IS" AND THE AUTHOR DISCLAIMS ALL WARRANTIES  |
 |  WITH REGARD TO THIS SOFTWARE INCLUDING ALL IMPLIED WARRANTIES OF          |
 |  MERCHANTABILITY AND FITNESS. IN NO EVENT SHALL THE AUTHOR BE LIABLE FOR   |
 |  ANY SPECIAL, DIRECT, INDIRECT, OR CONSEQUENTIAL DAMAGES OR ANY DAMAGES    |
 |  WHATSOEVER RESULTING FROM LOSS OF USE, DATA OR PROFITS, WHETHER IN AN     |
 |  ACTION OF CONTRACT, NEGLIGENCE OR OTHER TORTIOUS ACTION, ARISING OUT OF   |
 |  OR IN CONNECTION WITH THE USE OR PERFORMANCE OF THIS SOFTWARE.            |
 |                                                                            |
 \----------------------------------------------------------------------------/

 Yosys 0.30+48 (git sha1 14d50a176d5, gcc 8.3.1 -fPIC -Os)

[TCL: yosys -import] Command name collision: found pre-existing command `cd' -> skip.
[TCL: yosys -import] Command name collision: found pre-existing command `eval' -> skip.
[TCL: yosys -import] Command name collision: found pre-existing command `exec' -> skip.
[TCL: yosys -import] Command name collision: found pre-existing command `read' -> skip.
[TCL: yosys -import] Command name collision: found pre-existing command `trace' -> skip.

1. Executing Verilog-2005 frontend: /openlane/designs/FFT/src/twiddle_rom.v
Parsing SystemVerilog input from `/openlane/designs/FFT/src/twiddle_rom.v' to AST representation.
Generating RTLIL representation for module `\twiddle_rom'.
Successfully finished Verilog frontend.

2. Executing Verilog-2005 frontend: /openlane/designs/FFT/src/cmult.v
Parsing SystemVerilog input from `/openlane/designs/FFT/src/cmult.v' to AST representation.
Generating RTLIL representation for module `\cmult'.
Successfully finished Verilog frontend.

3. Executing Verilog-2005 frontend: /openlane/designs/FFT/src/butterfly.v
Parsing SystemVerilog input from `/openlane/designs/FFT/src/butterfly.v' to AST representation.
Generating RTLIL representation for module `\butterfly'.
Successfully finished Verilog frontend.

4. Executing Verilog-2005 frontend: /openlane/designs/FFT/src/fft_wrapper.v
Parsing SystemVerilog input from `/openlane/designs/FFT/src/fft_wrapper.v' to AST representation.
Generating RTLIL representation for module `\fft_wrapper'.
Successfully finished Verilog frontend.

5. Executing Verilog-2005 frontend: /openlane/designs/FFT/src/sdf_stage.v
Parsing SystemVerilog input from `/openlane/designs/FFT/src/sdf_stage.v' to AST representation.
Generating RTLIL representation for module `\sdf_stage'.
Warning: Replacing memory \delay_line_im with list of registers. See /openlane/designs/FFT/src/sdf_stage.v:135
Warning: Replacing memory \delay_line_re with list of registers. See /openlane/designs/FFT/src/sdf_stage.v:134
Successfully finished Verilog frontend.

6. Generating Graphviz representation of design.
Writing dot description to `/openlane/designs/FFT/runs/full_flow_4/tmp/synthesis/hierarchy.dot'.
Dumping module fft_wrapper to page 1.

7. Executing HIERARCHY pass (managing design hierarchy).

7.1. Analyzing design hierarchy..
Top module:  \fft_wrapper
Used module:     \sdf_stage
Used module:         \cmult
Used module:         \butterfly
Used module:     \twiddle_rom
Parameter \DATA_WIDTH = 16
Parameter \DELAY_DEPTH = 1
Parameter \ADDR_WIDTH = 1
Parameter \USE_TWIDDLE_MULTIPLIER = 0
Parameter \TWIDDLE_WIDTH = 16
Parameter \TWIDDLE_FRAC_BITS = 14

7.2. Executing AST frontend in derive mode using pre-parsed AST for module `\sdf_stage'.
Parameter \DATA_WIDTH = 16
Parameter \DELAY_DEPTH = 1
Parameter \ADDR_WIDTH = 1
Parameter \USE_TWIDDLE_MULTIPLIER = 0
Parameter \TWIDDLE_WIDTH = 16
Parameter \TWIDDLE_FRAC_BITS = 14
Generating RTLIL representation for module `$paramod$54c822d3a425f00a73fd5310cde249d2419183d2\sdf_stage'.
Warning: Replacing memory \delay_line_im with list of registers. See /openlane/designs/FFT/src/sdf_stage.v:135
Warning: Replacing memory \delay_line_re with list of registers. See /openlane/designs/FFT/src/sdf_stage.v:134
Parameter \DATA_WIDTH = 16
Parameter \DELAY_DEPTH = 2
Parameter \ADDR_WIDTH = 1
Parameter \USE_TWIDDLE_MULTIPLIER = 0
Parameter \TWIDDLE_WIDTH = 16
Parameter \TWIDDLE_FRAC_BITS = 14

7.3. Executing AST frontend in derive mode using pre-parsed AST for module `\sdf_stage'.
Parameter \DATA_WIDTH = 16
Parameter \DELAY_DEPTH = 2
Parameter \ADDR_WIDTH = 1
Parameter \USE_TWIDDLE_MULTIPLIER = 0
Parameter \TWIDDLE_WIDTH = 16
Parameter \TWIDDLE_FRAC_BITS = 14
Generating RTLIL representation for module `$paramod$5fe87357bce76e971437aac5200aca51a738dbb3\sdf_stage'.
Warning: Replacing memory \delay_line_im with list of registers. See /openlane/designs/FFT/src/sdf_stage.v:135
Warning: Replacing memory \delay_line_re with list of registers. See /openlane/designs/FFT/src/sdf_stage.v:134
Parameter \DEPTH = 4
Parameter \AW = 2
Parameter \CW = 16

7.4. Executing AST frontend in derive mode using pre-parsed AST for module `\twiddle_rom'.
Parameter \DEPTH = 4
Parameter \AW = 2
Parameter \CW = 16
Generating RTLIL representation for module `$paramod$4805dfc363d118adfc2c54d494fe9ce54dbb2802\twiddle_rom'.
Parameter \DATA_WIDTH = 16
Parameter \DELAY_DEPTH = 4
Parameter \ADDR_WIDTH = 2
Parameter \USE_TWIDDLE_MULTIPLIER = 1
Parameter \TWIDDLE_WIDTH = 16
Parameter \TWIDDLE_FRAC_BITS = 14

7.5. Executing AST frontend in derive mode using pre-parsed AST for module `\sdf_stage'.
Parameter \DATA_WIDTH = 16
Parameter \DELAY_DEPTH = 4
Parameter \ADDR_WIDTH = 2
Parameter \USE_TWIDDLE_MULTIPLIER = 1
Parameter \TWIDDLE_WIDTH = 16
Parameter \TWIDDLE_FRAC_BITS = 14
Generating RTLIL representation for module `$paramod$57cfdb7dc65a13d866b50e712bed5afc349d1709\sdf_stage'.
Warning: Replacing memory \delay_line_im with list of registers. See /openlane/designs/FFT/src/sdf_stage.v:135
Warning: Replacing memory \delay_line_re with list of registers. See /openlane/designs/FFT/src/sdf_stage.v:134
Parameter \DEPTH = 8
Parameter \AW = 3
Parameter \CW = 16

7.6. Executing AST frontend in derive mode using pre-parsed AST for module `\twiddle_rom'.
Parameter \DEPTH = 8
Parameter \AW = 3
Parameter \CW = 16
Generating RTLIL representation for module `$paramod$668a20d904a69fed1d087580d6f1e0e53fa51d3e\twiddle_rom'.
Parameter \DATA_WIDTH = 16
Parameter \DELAY_DEPTH = 8
Parameter \ADDR_WIDTH = 3
Parameter \USE_TWIDDLE_MULTIPLIER = 1
Parameter \TWIDDLE_WIDTH = 16
Parameter \TWIDDLE_FRAC_BITS = 14

7.7. Executing AST frontend in derive mode using pre-parsed AST for module `\sdf_stage'.
Parameter \DATA_WIDTH = 16
Parameter \DELAY_DEPTH = 8
Parameter \ADDR_WIDTH = 3
Parameter \USE_TWIDDLE_MULTIPLIER = 1
Parameter \TWIDDLE_WIDTH = 16
Parameter \TWIDDLE_FRAC_BITS = 14
Generating RTLIL representation for module `$paramod$dbea8a608c7cad9680e1f20d0fbd3273350ec8d0\sdf_stage'.
Warning: Replacing memory \delay_line_im with list of registers. See /openlane/designs/FFT/src/sdf_stage.v:135
Warning: Replacing memory \delay_line_re with list of registers. See /openlane/designs/FFT/src/sdf_stage.v:134
Parameter \DATA_WIDTH = 16
Parameter \TWIDDLE_WIDTH = 16
Parameter \TWIDDLE_FRAC_BITS = 14

7.8. Executing AST frontend in derive mode using pre-parsed AST for module `\cmult'.
Parameter \DATA_WIDTH = 16
Parameter \TWIDDLE_WIDTH = 16
Parameter \TWIDDLE_FRAC_BITS = 14
Generating RTLIL representation for module `$paramod$9b1cdd1fab68e531e857ce40f76519c1d7f942d7\cmult'.
Parameter \DATA_WIDTH = 16

7.9. Executing AST frontend in derive mode using pre-parsed AST for module `\butterfly'.
Parameter \DATA_WIDTH = 16
Generating RTLIL representation for module `$paramod\butterfly\DATA_WIDTH=s32'00000000000000000000000000010000'.

7.10. Analyzing design hierarchy..
Top module:  \fft_wrapper
Used module:     $paramod$54c822d3a425f00a73fd5310cde249d2419183d2\sdf_stage
Used module:         \butterfly
Used module:     $paramod$5fe87357bce76e971437aac5200aca51a738dbb3\sdf_stage
Used module:     $paramod$4805dfc363d118adfc2c54d494fe9ce54dbb2802\twiddle_rom
Used module:     $paramod$57cfdb7dc65a13d866b50e712bed5afc349d1709\sdf_stage
Used module:         \cmult
Used module:     $paramod$668a20d904a69fed1d087580d6f1e0e53fa51d3e\twiddle_rom
Used module:     $paramod$dbea8a608c7cad9680e1f20d0fbd3273350ec8d0\sdf_stage
Parameter \DATA_WIDTH = 16
Found cached RTLIL representation for module `$paramod\butterfly\DATA_WIDTH=s32'00000000000000000000000000010000'.
Parameter \DATA_WIDTH = 16
Found cached RTLIL representation for module `$paramod\butterfly\DATA_WIDTH=s32'00000000000000000000000000010000'.
Parameter \DATA_WIDTH = 16
Parameter \TWIDDLE_WIDTH = 16
Parameter \TWIDDLE_FRAC_BITS = 14
Found cached RTLIL representation for module `$paramod$9b1cdd1fab68e531e857ce40f76519c1d7f942d7\cmult'.
Parameter \DATA_WIDTH = 16
Found cached RTLIL representation for module `$paramod\butterfly\DATA_WIDTH=s32'00000000000000000000000000010000'.
Parameter \DATA_WIDTH = 16
Parameter \TWIDDLE_WIDTH = 16
Parameter \TWIDDLE_FRAC_BITS = 14
Found cached RTLIL representation for module `$paramod$9b1cdd1fab68e531e857ce40f76519c1d7f942d7\cmult'.
Parameter \DATA_WIDTH = 16
Found cached RTLIL representation for module `$paramod\butterfly\DATA_WIDTH=s32'00000000000000000000000000010000'.

7.11. Analyzing design hierarchy..
Top module:  \fft_wrapper
Used module:     $paramod$54c822d3a425f00a73fd5310cde249d2419183d2\sdf_stage
Used module:         $paramod\butterfly\DATA_WIDTH=s32'00000000000000000000000000010000
Used module:     $paramod$5fe87357bce76e971437aac5200aca51a738dbb3\sdf_stage
Used module:     $paramod$4805dfc363d118adfc2c54d494fe9ce54dbb2802\twiddle_rom
Used module:     $paramod$57cfdb7dc65a13d866b50e712bed5afc349d1709\sdf_stage
Used module:         $paramod$9b1cdd1fab68e531e857ce40f76519c1d7f942d7\cmult
Used module:     $paramod$668a20d904a69fed1d087580d6f1e0e53fa51d3e\twiddle_rom
Used module:     $paramod$dbea8a608c7cad9680e1f20d0fbd3273350ec8d0\sdf_stage

7.12. Analyzing design hierarchy..
Top module:  \fft_wrapper
Used module:     $paramod$54c822d3a425f00a73fd5310cde249d2419183d2\sdf_stage
Used module:         $paramod\butterfly\DATA_WIDTH=s32'00000000000000000000000000010000
Used module:     $paramod$5fe87357bce76e971437aac5200aca51a738dbb3\sdf_stage
Used module:     $paramod$4805dfc363d118adfc2c54d494fe9ce54dbb2802\twiddle_rom
Used module:     $paramod$57cfdb7dc65a13d866b50e712bed5afc349d1709\sdf_stage
Used module:         $paramod$9b1cdd1fab68e531e857ce40f76519c1d7f942d7\cmult
Used module:     $paramod$668a20d904a69fed1d087580d6f1e0e53fa51d3e\twiddle_rom
Used module:     $paramod$dbea8a608c7cad9680e1f20d0fbd3273350ec8d0\sdf_stage
Removing unused module `\sdf_stage'.
Removing unused module `\butterfly'.
Removing unused module `\cmult'.
Removing unused module `\twiddle_rom'.
Removed 4 unused modules.

8. Executing TRIBUF pass.

9. Executing HIERARCHY pass (managing design hierarchy).

9.1. Analyzing design hierarchy..
Top module:  \fft_wrapper
Used module:     $paramod$54c822d3a425f00a73fd5310cde249d2419183d2\sdf_stage
Used module:         $paramod\butterfly\DATA_WIDTH=s32'00000000000000000000000000010000
Used module:     $paramod$5fe87357bce76e971437aac5200aca51a738dbb3\sdf_stage
Used module:     $paramod$4805dfc363d118adfc2c54d494fe9ce54dbb2802\twiddle_rom
Used module:     $paramod$57cfdb7dc65a13d866b50e712bed5afc349d1709\sdf_stage
Used module:         $paramod$9b1cdd1fab68e531e857ce40f76519c1d7f942d7\cmult
Used module:     $paramod$668a20d904a69fed1d087580d6f1e0e53fa51d3e\twiddle_rom
Used module:     $paramod$dbea8a608c7cad9680e1f20d0fbd3273350ec8d0\sdf_stage

9.2. Analyzing design hierarchy..
Top module:  \fft_wrapper
Used module:     $paramod$54c822d3a425f00a73fd5310cde249d2419183d2\sdf_stage
Used module:         $paramod\butterfly\DATA_WIDTH=s32'00000000000000000000000000010000
Used module:     $paramod$5fe87357bce76e971437aac5200aca51a738dbb3\sdf_stage
Used module:     $paramod$4805dfc363d118adfc2c54d494fe9ce54dbb2802\twiddle_rom
Used module:     $paramod$57cfdb7dc65a13d866b50e712bed5afc349d1709\sdf_stage
Used module:         $paramod$9b1cdd1fab68e531e857ce40f76519c1d7f942d7\cmult
Used module:     $paramod$668a20d904a69fed1d087580d6f1e0e53fa51d3e\twiddle_rom
Used module:     $paramod$dbea8a608c7cad9680e1f20d0fbd3273350ec8d0\sdf_stage
Removed 0 unused modules.

10. Executing PROC_CLEAN pass (remove empty switches from decision trees).
Found and cleaned up 2 empty switches in `$paramod$4805dfc363d118adfc2c54d494fe9ce54dbb2802\twiddle_rom.$proc$/openlane/designs/FFT/src/twiddle_rom.v:12$151'.
Found and cleaned up 1 empty switch in `$paramod$668a20d904a69fed1d087580d6f1e0e53fa51d3e\twiddle_rom.$proc$/openlane/designs/FFT/src/twiddle_rom.v:12$198'.
Cleaned up 3 empty switches.

11. Executing PROC_RMDEAD pass (remove dead branches from decision trees).
Removed 1 dead cases from process $proc$/openlane/designs/FFT/src/sdf_stage.v:0$195 in module $paramod$57cfdb7dc65a13d866b50e712bed5afc349d1709\sdf_stage.
Marked 1 switch rules as full_case in process $proc$/openlane/designs/FFT/src/sdf_stage.v:0$195 in module $paramod$57cfdb7dc65a13d866b50e712bed5afc349d1709\sdf_stage.
Removed 1 dead cases from process $proc$/openlane/designs/FFT/src/sdf_stage.v:0$192 in module $paramod$57cfdb7dc65a13d866b50e712bed5afc349d1709\sdf_stage.
Marked 1 switch rules as full_case in process $proc$/openlane/designs/FFT/src/sdf_stage.v:0$192 in module $paramod$57cfdb7dc65a13d866b50e712bed5afc349d1709\sdf_stage.
Marked 4 switch rules as full_case in process $proc$/openlane/designs/FFT/src/sdf_stage.v:129$167 in module $paramod$57cfdb7dc65a13d866b50e712bed5afc349d1709\sdf_stage.
Removed 1 dead cases from process $proc$/openlane/designs/FFT/src/twiddle_rom.v:12$151 in module $paramod$4805dfc363d118adfc2c54d494fe9ce54dbb2802\twiddle_rom.
Marked 1 switch rules as full_case in process $proc$/openlane/designs/FFT/src/twiddle_rom.v:12$151 in module $paramod$4805dfc363d118adfc2c54d494fe9ce54dbb2802\twiddle_rom.
Removed 1 dead cases from process $proc$/openlane/designs/FFT/src/sdf_stage.v:0$148 in module $paramod$5fe87357bce76e971437aac5200aca51a738dbb3\sdf_stage.
Marked 1 switch rules as full_case in process $proc$/openlane/designs/FFT/src/sdf_stage.v:0$148 in module $paramod$5fe87357bce76e971437aac5200aca51a738dbb3\sdf_stage.
Removed 1 dead cases from process $proc$/openlane/designs/FFT/src/sdf_stage.v:0$145 in module $paramod$5fe87357bce76e971437aac5200aca51a738dbb3\sdf_stage.
Marked 1 switch rules as full_case in process $proc$/openlane/designs/FFT/src/sdf_stage.v:0$145 in module $paramod$5fe87357bce76e971437aac5200aca51a738dbb3\sdf_stage.
Marked 4 switch rules as full_case in process $proc$/openlane/designs/FFT/src/sdf_stage.v:129$122 in module $paramod$5fe87357bce76e971437aac5200aca51a738dbb3\sdf_stage.
Marked 1 switch rules as full_case in process $proc$/openlane/designs/FFT/src/sdf_stage.v:0$104 in module $paramod$54c822d3a425f00a73fd5310cde249d2419183d2\sdf_stage.
Marked 1 switch rules as full_case in process $proc$/openlane/designs/FFT/src/sdf_stage.v:0$101 in module $paramod$54c822d3a425f00a73fd5310cde249d2419183d2\sdf_stage.
Marked 2 switch rules as full_case in process $proc$/openlane/designs/FFT/src/sdf_stage.v:129$78 in module $paramod$54c822d3a425f00a73fd5310cde249d2419183d2\sdf_stage.
Removed 1 dead cases from process $proc$/openlane/designs/FFT/src/sdf_stage.v:0$242 in module $paramod$dbea8a608c7cad9680e1f20d0fbd3273350ec8d0\sdf_stage.
Marked 1 switch rules as full_case in process $proc$/openlane/designs/FFT/src/sdf_stage.v:0$242 in module $paramod$dbea8a608c7cad9680e1f20d0fbd3273350ec8d0\sdf_stage.
Removed 1 dead cases from process $proc$/openlane/designs/FFT/src/sdf_stage.v:0$239 in module $paramod$dbea8a608c7cad9680e1f20d0fbd3273350ec8d0\sdf_stage.
Marked 1 switch rules as full_case in process $proc$/openlane/designs/FFT/src/sdf_stage.v:0$239 in module $paramod$dbea8a608c7cad9680e1f20d0fbd3273350ec8d0\sdf_stage.
Marked 4 switch rules as full_case in process $proc$/openlane/designs/FFT/src/sdf_stage.v:129$214 in module $paramod$dbea8a608c7cad9680e1f20d0fbd3273350ec8d0\sdf_stage.
Removed 1 dead cases from process $proc$/openlane/designs/FFT/src/twiddle_rom.v:12$198 in module $paramod$668a20d904a69fed1d087580d6f1e0e53fa51d3e\twiddle_rom.
Marked 1 switch rules as full_case in process $proc$/openlane/designs/FFT/src/twiddle_rom.v:12$198 in module $paramod$668a20d904a69fed1d087580d6f1e0e53fa51d3e\twiddle_rom.
Removed a total of 8 dead cases.

12. Executing PROC_PRUNE pass (remove redundant assignments in processes).
Removed 0 redundant assignments.
Promoted 38 assignments to connections.

13. Executing PROC_INIT pass (extract init attributes).

14. Executing PROC_ARST pass (detect async resets in processes).
Found async reset \rst_n in `$paramod$57cfdb7dc65a13d866b50e712bed5afc349d1709\sdf_stage.$proc$/openlane/designs/FFT/src/sdf_stage.v:129$167'.
Found async reset \rst_n in `$paramod$5fe87357bce76e971437aac5200aca51a738dbb3\sdf_stage.$proc$/openlane/designs/FFT/src/sdf_stage.v:129$122'.
Found async reset \rst_n in `$paramod$54c822d3a425f00a73fd5310cde249d2419183d2\sdf_stage.$proc$/openlane/designs/FFT/src/sdf_stage.v:129$78'.
Found async reset \rst_n in `$paramod$dbea8a608c7cad9680e1f20d0fbd3273350ec8d0\sdf_stage.$proc$/openlane/designs/FFT/src/sdf_stage.v:129$214'.

15. Executing PROC_ROM pass (convert switches to ROMs).
Converted 1 switch.
<suppressed ~21 debug messages>

16. Executing PROC_MUX pass (convert decision trees to multiplexers).
Creating decoders for process `$paramod$57cfdb7dc65a13d866b50e712bed5afc349d1709\sdf_stage.$proc$/openlane/designs/FFT/src/sdf_stage.v:0$195'.
     1/1: $1$mem2reg_rd$\delay_line_im$/openlane/designs/FFT/src/sdf_stage.v:67$153_DATA[15:0]$197
Creating decoders for process `$paramod$57cfdb7dc65a13d866b50e712bed5afc349d1709\sdf_stage.$proc$/openlane/designs/FFT/src/sdf_stage.v:0$192'.
     1/1: $1$mem2reg_rd$\delay_line_re$/openlane/designs/FFT/src/sdf_stage.v:66$152_DATA[15:0]$194
Creating decoders for process `$paramod$57cfdb7dc65a13d866b50e712bed5afc349d1709\sdf_stage.$proc$/openlane/designs/FFT/src/sdf_stage.v:129$167'.
     1/19: $2$mem2reg_wr$\delay_line_im$/openlane/designs/FFT/src/sdf_stage.v:140$155_ADDR[1:0]$179
     2/19: $2$mem2reg_wr$\delay_line_im$/openlane/designs/FFT/src/sdf_stage.v:140$155_DATA[15:0]$180
     3/19: $2$mem2reg_wr$\delay_line_re$/openlane/designs/FFT/src/sdf_stage.v:139$154_ADDR[1:0]$177
     4/19: $2$mem2reg_wr$\delay_line_re$/openlane/designs/FFT/src/sdf_stage.v:139$154_DATA[15:0]$178
     5/19: $1$mem2reg_wr$\delay_line_im$/openlane/designs/FFT/src/sdf_stage.v:140$155_DATA[15:0]$176
     6/19: $1$mem2reg_wr$\delay_line_im$/openlane/designs/FFT/src/sdf_stage.v:140$155_ADDR[1:0]$175
     7/19: $1$mem2reg_wr$\delay_line_re$/openlane/designs/FFT/src/sdf_stage.v:139$154_DATA[15:0]$174
     8/19: $1$mem2reg_wr$\delay_line_re$/openlane/designs/FFT/src/sdf_stage.v:139$154_ADDR[1:0]$173
     9/19: $1\i[31:0]
    10/19: $0\delay_line_im[3][15:0]
    11/19: $0\delay_line_im[2][15:0]
    12/19: $0\delay_line_im[1][15:0]
    13/19: $0\delay_line_im[0][15:0]
    14/19: $0\delay_line_re[3][15:0]
    15/19: $0\delay_line_re[2][15:0]
    16/19: $0\delay_line_re[1][15:0]
    17/19: $0\delay_line_re[0][15:0]
    18/19: $0\phase_counter[2:0]
    19/19: $0\delay_ptr[1:0]
Creating decoders for process `$paramod$4805dfc363d118adfc2c54d494fe9ce54dbb2802\twiddle_rom.$proc$/openlane/designs/FFT/src/twiddle_rom.v:12$151'.
     1/2: $3\w_im[15:0]
     2/2: $3\w_re[15:0]
Creating decoders for process `$paramod$5fe87357bce76e971437aac5200aca51a738dbb3\sdf_stage.$proc$/openlane/designs/FFT/src/sdf_stage.v:0$148'.
     1/1: $1$mem2reg_rd$\delay_line_im$/openlane/designs/FFT/src/sdf_stage.v:67$108_DATA[15:0]$150
Creating decoders for process `$paramod$5fe87357bce76e971437aac5200aca51a738dbb3\sdf_stage.$proc$/openlane/designs/FFT/src/sdf_stage.v:0$145'.
     1/1: $1$mem2reg_rd$\delay_line_re$/openlane/designs/FFT/src/sdf_stage.v:66$107_DATA[15:0]$147
Creating decoders for process `$paramod$5fe87357bce76e971437aac5200aca51a738dbb3\sdf_stage.$proc$/openlane/designs/FFT/src/sdf_stage.v:129$122'.
     1/15: $2$mem2reg_wr$\delay_line_im$/openlane/designs/FFT/src/sdf_stage.v:140$110_ADDR[0:0]$134
     2/15: $2$mem2reg_wr$\delay_line_im$/openlane/designs/FFT/src/sdf_stage.v:140$110_DATA[15:0]$135
     3/15: $2$mem2reg_wr$\delay_line_re$/openlane/designs/FFT/src/sdf_stage.v:139$109_ADDR[0:0]$132
     4/15: $2$mem2reg_wr$\delay_line_re$/openlane/designs/FFT/src/sdf_stage.v:139$109_DATA[15:0]$133
     5/15: $1$mem2reg_wr$\delay_line_im$/openlane/designs/FFT/src/sdf_stage.v:140$110_DATA[15:0]$131
     6/15: $1$mem2reg_wr$\delay_line_im$/openlane/designs/FFT/src/sdf_stage.v:140$110_ADDR[0:0]$130
     7/15: $1$mem2reg_wr$\delay_line_re$/openlane/designs/FFT/src/sdf_stage.v:139$109_DATA[15:0]$129
     8/15: $1$mem2reg_wr$\delay_line_re$/openlane/designs/FFT/src/sdf_stage.v:139$109_ADDR[0:0]$128
     9/15: $1\i[31:0]
    10/15: $0\delay_line_im[1][15:0]
    11/15: $0\delay_line_im[0][15:0]
    12/15: $0\delay_line_re[1][15:0]
    13/15: $0\delay_line_re[0][15:0]
    14/15: $0\phase_counter[1:0]
    15/15: $0\delay_ptr[0:0]
Creating decoders for process `$paramod$54c822d3a425f00a73fd5310cde249d2419183d2\sdf_stage.$proc$/openlane/designs/FFT/src/sdf_stage.v:0$104'.
     1/1: $1$mem2reg_rd$\delay_line_im$/openlane/designs/FFT/src/sdf_stage.v:67$64_DATA[15:0]$106
Creating decoders for process `$paramod$54c822d3a425f00a73fd5310cde249d2419183d2\sdf_stage.$proc$/openlane/designs/FFT/src/sdf_stage.v:0$101'.
     1/1: $1$mem2reg_rd$\delay_line_re$/openlane/designs/FFT/src/sdf_stage.v:66$63_DATA[15:0]$103
Creating decoders for process `$paramod$54c822d3a425f00a73fd5310cde249d2419183d2\sdf_stage.$proc$/openlane/designs/FFT/src/sdf_stage.v:129$78'.
     1/13: $2$mem2reg_wr$\delay_line_im$/openlane/designs/FFT/src/sdf_stage.v:140$66_ADDR[0:0]$90
     2/13: $2$mem2reg_wr$\delay_line_im$/openlane/designs/FFT/src/sdf_stage.v:140$66_DATA[15:0]$91
     3/13: $2$mem2reg_wr$\delay_line_re$/openlane/designs/FFT/src/sdf_stage.v:139$65_ADDR[0:0]$88
     4/13: $2$mem2reg_wr$\delay_line_re$/openlane/designs/FFT/src/sdf_stage.v:139$65_DATA[15:0]$89
     5/13: $1$mem2reg_wr$\delay_line_im$/openlane/designs/FFT/src/sdf_stage.v:140$66_DATA[15:0]$87
     6/13: $1$mem2reg_wr$\delay_line_im$/openlane/designs/FFT/src/sdf_stage.v:140$66_ADDR[0:0]$86
     7/13: $1$mem2reg_wr$\delay_line_re$/openlane/designs/FFT/src/sdf_stage.v:139$65_DATA[15:0]$85
     8/13: $1$mem2reg_wr$\delay_line_re$/openlane/designs/FFT/src/sdf_stage.v:139$65_ADDR[0:0]$84
     9/13: $1\i[31:0]
    10/13: $0\delay_line_im[0][15:0]
    11/13: $0\delay_line_re[0][15:0]
    12/13: $0\phase_counter[1:0]
    13/13: $0\delay_ptr[0:0]
Creating decoders for process `$paramod$dbea8a608c7cad9680e1f20d0fbd3273350ec8d0\sdf_stage.$proc$/openlane/designs/FFT/src/sdf_stage.v:0$242'.
     1/1: $1$mem2reg_rd$\delay_line_im$/openlane/designs/FFT/src/sdf_stage.v:67$200_DATA[15:0]$244
Creating decoders for process `$paramod$dbea8a608c7cad9680e1f20d0fbd3273350ec8d0\sdf_stage.$proc$/openlane/designs/FFT/src/sdf_stage.v:0$239'.
     1/1: $1$mem2reg_rd$\delay_line_re$/openlane/designs/FFT/src/sdf_stage.v:66$199_DATA[15:0]$241
Creating decoders for process `$paramod$dbea8a608c7cad9680e1f20d0fbd3273350ec8d0\sdf_stage.$proc$/openlane/designs/FFT/src/sdf_stage.v:129$214'.
     1/27: $2$mem2reg_wr$\delay_line_im$/openlane/designs/FFT/src/sdf_stage.v:140$202_ADDR[2:0]$226
     2/27: $2$mem2reg_wr$\delay_line_im$/openlane/designs/FFT/src/sdf_stage.v:140$202_DATA[15:0]$227
     3/27: $2$mem2reg_wr$\delay_line_re$/openlane/designs/FFT/src/sdf_stage.v:139$201_ADDR[2:0]$224
     4/27: $2$mem2reg_wr$\delay_line_re$/openlane/designs/FFT/src/sdf_stage.v:139$201_DATA[15:0]$225
     5/27: $1$mem2reg_wr$\delay_line_im$/openlane/designs/FFT/src/sdf_stage.v:140$202_DATA[15:0]$223
     6/27: $1$mem2reg_wr$\delay_line_im$/openlane/designs/FFT/src/sdf_stage.v:140$202_ADDR[2:0]$222
     7/27: $1$mem2reg_wr$\delay_line_re$/openlane/designs/FFT/src/sdf_stage.v:139$201_DATA[15:0]$221
     8/27: $1$mem2reg_wr$\delay_line_re$/openlane/designs/FFT/src/sdf_stage.v:139$201_ADDR[2:0]$220
     9/27: $1\i[31:0]
    10/27: $0\delay_line_im[7][15:0]
    11/27: $0\delay_line_im[6][15:0]
    12/27: $0\delay_line_im[5][15:0]
    13/27: $0\delay_line_im[4][15:0]
    14/27: $0\delay_line_im[3][15:0]
    15/27: $0\delay_line_im[2][15:0]
    16/27: $0\delay_line_im[1][15:0]
    17/27: $0\delay_line_im[0][15:0]
    18/27: $0\delay_line_re[7][15:0]
    19/27: $0\delay_line_re[6][15:0]
    20/27: $0\delay_line_re[5][15:0]
    21/27: $0\delay_line_re[4][15:0]
    22/27: $0\delay_line_re[3][15:0]
    23/27: $0\delay_line_re[2][15:0]
    24/27: $0\delay_line_re[1][15:0]
    25/27: $0\delay_line_re[0][15:0]
    26/27: $0\phase_counter[3:0]
    27/27: $0\delay_ptr[2:0]
Creating decoders for process `$paramod$668a20d904a69fed1d087580d6f1e0e53fa51d3e\twiddle_rom.$proc$/openlane/designs/FFT/src/twiddle_rom.v:12$198'.
     1/1: { $2\w_im[15:0] $2\w_re[15:0] }

17. Executing PROC_DLATCH pass (convert process syncs to latches).
No latch inferred for signal `$paramod$57cfdb7dc65a13d866b50e712bed5afc349d1709\sdf_stage.$mem2reg_rd$\delay_line_im$/openlane/designs/FFT/src/sdf_stage.v:67$153_DATA' from process `$paramod$57cfdb7dc65a13d866b50e712bed5afc349d1709\sdf_stage.$proc$/openlane/designs/FFT/src/sdf_stage.v:0$195'.
No latch inferred for signal `$paramod$57cfdb7dc65a13d866b50e712bed5afc349d1709\sdf_stage.$mem2reg_rd$\delay_line_re$/openlane/designs/FFT/src/sdf_stage.v:66$152_DATA' from process `$paramod$57cfdb7dc65a13d866b50e712bed5afc349d1709\sdf_stage.$proc$/openlane/designs/FFT/src/sdf_stage.v:0$192'.
No latch inferred for signal `$paramod$4805dfc363d118adfc2c54d494fe9ce54dbb2802\twiddle_rom.\w_re' from process `$paramod$4805dfc363d118adfc2c54d494fe9ce54dbb2802\twiddle_rom.$proc$/openlane/designs/FFT/src/twiddle_rom.v:12$151'.
No latch inferred for signal `$paramod$4805dfc363d118adfc2c54d494fe9ce54dbb2802\twiddle_rom.\w_im' from process `$paramod$4805dfc363d118adfc2c54d494fe9ce54dbb2802\twiddle_rom.$proc$/openlane/designs/FFT/src/twiddle_rom.v:12$151'.
No latch inferred for signal `$paramod$5fe87357bce76e971437aac5200aca51a738dbb3\sdf_stage.$mem2reg_rd$\delay_line_im$/openlane/designs/FFT/src/sdf_stage.v:67$108_DATA' from process `$paramod$5fe87357bce76e971437aac5200aca51a738dbb3\sdf_stage.$proc$/openlane/designs/FFT/src/sdf_stage.v:0$148'.
No latch inferred for signal `$paramod$5fe87357bce76e971437aac5200aca51a738dbb3\sdf_stage.$mem2reg_rd$\delay_line_re$/openlane/designs/FFT/src/sdf_stage.v:66$107_DATA' from process `$paramod$5fe87357bce76e971437aac5200aca51a738dbb3\sdf_stage.$proc$/openlane/designs/FFT/src/sdf_stage.v:0$145'.
No latch inferred for signal `$paramod$54c822d3a425f00a73fd5310cde249d2419183d2\sdf_stage.$mem2reg_rd$\delay_line_im$/openlane/designs/FFT/src/sdf_stage.v:67$64_DATA' from process `$paramod$54c822d3a425f00a73fd5310cde249d2419183d2\sdf_stage.$proc$/openlane/designs/FFT/src/sdf_stage.v:0$104'.
No latch inferred for signal `$paramod$54c822d3a425f00a73fd5310cde249d2419183d2\sdf_stage.$mem2reg_rd$\delay_line_re$/openlane/designs/FFT/src/sdf_stage.v:66$63_DATA' from process `$paramod$54c822d3a425f00a73fd5310cde249d2419183d2\sdf_stage.$proc$/openlane/designs/FFT/src/sdf_stage.v:0$101'.
No latch inferred for signal `$paramod$dbea8a608c7cad9680e1f20d0fbd3273350ec8d0\sdf_stage.$mem2reg_rd$\delay_line_im$/openlane/designs/FFT/src/sdf_stage.v:67$200_DATA' from process `$paramod$dbea8a608c7cad9680e1f20d0fbd3273350ec8d0\sdf_stage.$proc$/openlane/designs/FFT/src/sdf_stage.v:0$242'.
No latch inferred for signal `$paramod$dbea8a608c7cad9680e1f20d0fbd3273350ec8d0\sdf_stage.$mem2reg_rd$\delay_line_re$/openlane/designs/FFT/src/sdf_stage.v:66$199_DATA' from process `$paramod$dbea8a608c7cad9680e1f20d0fbd3273350ec8d0\sdf_stage.$proc$/openlane/designs/FFT/src/sdf_stage.v:0$239'.
No latch inferred for signal `$paramod$668a20d904a69fed1d087580d6f1e0e53fa51d3e\twiddle_rom.\w_re' from process `$paramod$668a20d904a69fed1d087580d6f1e0e53fa51d3e\twiddle_rom.$proc$/openlane/designs/FFT/src/twiddle_rom.v:12$198'.
No latch inferred for signal `$paramod$668a20d904a69fed1d087580d6f1e0e53fa51d3e\twiddle_rom.\w_im' from process `$paramod$668a20d904a69fed1d087580d6f1e0e53fa51d3e\twiddle_rom.$proc$/openlane/designs/FFT/src/twiddle_rom.v:12$198'.

18. Executing PROC_DFF pass (convert process syncs to FFs).
Creating register for signal `$paramod$57cfdb7dc65a13d866b50e712bed5afc349d1709\sdf_stage.\delay_ptr' using process `$paramod$57cfdb7dc65a13d866b50e712bed5afc349d1709\sdf_stage.$proc$/openlane/designs/FFT/src/sdf_stage.v:129$167'.
  created $adff cell `$procdff$606' with positive edge clock and negative level reset.
Creating register for signal `$paramod$57cfdb7dc65a13d866b50e712bed5afc349d1709\sdf_stage.\phase_counter' using process `$paramod$57cfdb7dc65a13d866b50e712bed5afc349d1709\sdf_stage.$proc$/openlane/designs/FFT/src/sdf_stage.v:129$167'.
  created $adff cell `$procdff$607' with positive edge clock and negative level reset.
Creating register for signal `$paramod$57cfdb7dc65a13d866b50e712bed5afc349d1709\sdf_stage.\i' using process `$paramod$57cfdb7dc65a13d866b50e712bed5afc349d1709\sdf_stage.$proc$/openlane/designs/FFT/src/sdf_stage.v:129$167'.
  created $adff cell `$procdff$608' with positive edge clock and negative level reset.
Creating register for signal `$paramod$57cfdb7dc65a13d866b50e712bed5afc349d1709\sdf_stage.\delay_line_re[0]' using process `$paramod$57cfdb7dc65a13d866b50e712bed5afc349d1709\sdf_stage.$proc$/openlane/designs/FFT/src/sdf_stage.v:129$167'.
  created $adff cell `$procdff$609' with positive edge clock and negative level reset.
Creating register for signal `$paramod$57cfdb7dc65a13d866b50e712bed5afc349d1709\sdf_stage.\delay_line_re[1]' using process `$paramod$57cfdb7dc65a13d866b50e712bed5afc349d1709\sdf_stage.$proc$/openlane/designs/FFT/src/sdf_stage.v:129$167'.
  created $adff cell `$procdff$610' with positive edge clock and negative level reset.
Creating register for signal `$paramod$57cfdb7dc65a13d866b50e712bed5afc349d1709\sdf_stage.\delay_line_re[2]' using process `$paramod$57cfdb7dc65a13d866b50e712bed5afc349d1709\sdf_stage.$proc$/openlane/designs/FFT/src/sdf_stage.v:129$167'.
  created $adff cell `$procdff$611' with positive edge clock and negative level reset.
Creating register for signal `$paramod$57cfdb7dc65a13d866b50e712bed5afc349d1709\sdf_stage.\delay_line_re[3]' using process `$paramod$57cfdb7dc65a13d866b50e712bed5afc349d1709\sdf_stage.$proc$/openlane/designs/FFT/src/sdf_stage.v:129$167'.
  created $adff cell `$procdff$612' with positive edge clock and negative level reset.
Creating register for signal `$paramod$57cfdb7dc65a13d866b50e712bed5afc349d1709\sdf_stage.\delay_line_im[0]' using process `$paramod$57cfdb7dc65a13d866b50e712bed5afc349d1709\sdf_stage.$proc$/openlane/designs/FFT/src/sdf_stage.v:129$167'.
  created $adff cell `$procdff$613' with positive edge clock and negative level reset.
Creating register for signal `$paramod$57cfdb7dc65a13d866b50e712bed5afc349d1709\sdf_stage.\delay_line_im[1]' using process `$paramod$57cfdb7dc65a13d866b50e712bed5afc349d1709\sdf_stage.$proc$/openlane/designs/FFT/src/sdf_stage.v:129$167'.
  created $adff cell `$procdff$614' with positive edge clock and negative level reset.
Creating register for signal `$paramod$57cfdb7dc65a13d866b50e712bed5afc349d1709\sdf_stage.\delay_line_im[2]' using process `$paramod$57cfdb7dc65a13d866b50e712bed5afc349d1709\sdf_stage.$proc$/openlane/designs/FFT/src/sdf_stage.v:129$167'.
  created $adff cell `$procdff$615' with positive edge clock and negative level reset.
Creating register for signal `$paramod$57cfdb7dc65a13d866b50e712bed5afc349d1709\sdf_stage.\delay_line_im[3]' using process `$paramod$57cfdb7dc65a13d866b50e712bed5afc349d1709\sdf_stage.$proc$/openlane/designs/FFT/src/sdf_stage.v:129$167'.
  created $adff cell `$procdff$616' with positive edge clock and negative level reset.
Creating register for signal `$paramod$57cfdb7dc65a13d866b50e712bed5afc349d1709\sdf_stage.$mem2reg_wr$\delay_line_re$/openlane/designs/FFT/src/sdf_stage.v:139$154_ADDR' using process `$paramod$57cfdb7dc65a13d866b50e712bed5afc349d1709\sdf_stage.$proc$/openlane/designs/FFT/src/sdf_stage.v:129$167'.
  created $adff cell `$procdff$617' with positive edge clock and negative level reset.
Creating register for signal `$paramod$57cfdb7dc65a13d866b50e712bed5afc349d1709\sdf_stage.$mem2reg_wr$\delay_line_re$/openlane/designs/FFT/src/sdf_stage.v:139$154_DATA' using process `$paramod$57cfdb7dc65a13d866b50e712bed5afc349d1709\sdf_stage.$proc$/openlane/designs/FFT/src/sdf_stage.v:129$167'.
  created $adff cell `$procdff$618' with positive edge clock and negative level reset.
Creating register for signal `$paramod$57cfdb7dc65a13d866b50e712bed5afc349d1709\sdf_stage.$mem2reg_wr$\delay_line_im$/openlane/designs/FFT/src/sdf_stage.v:140$155_ADDR' using process `$paramod$57cfdb7dc65a13d866b50e712bed5afc349d1709\sdf_stage.$proc$/openlane/designs/FFT/src/sdf_stage.v:129$167'.
  created $adff cell `$procdff$619' with positive edge clock and negative level reset.
Creating register for signal `$paramod$57cfdb7dc65a13d866b50e712bed5afc349d1709\sdf_stage.$mem2reg_wr$\delay_line_im$/openlane/designs/FFT/src/sdf_stage.v:140$155_DATA' using process `$paramod$57cfdb7dc65a13d866b50e712bed5afc349d1709\sdf_stage.$proc$/openlane/designs/FFT/src/sdf_stage.v:129$167'.
  created $adff cell `$procdff$620' with positive edge clock and negative level reset.
Creating register for signal `$paramod$5fe87357bce76e971437aac5200aca51a738dbb3\sdf_stage.\delay_ptr' using process `$paramod$5fe87357bce76e971437aac5200aca51a738dbb3\sdf_stage.$proc$/openlane/designs/FFT/src/sdf_stage.v:129$122'.
  created $adff cell `$procdff$621' with positive edge clock and negative level reset.
Creating register for signal `$paramod$5fe87357bce76e971437aac5200aca51a738dbb3\sdf_stage.\phase_counter' using process `$paramod$5fe87357bce76e971437aac5200aca51a738dbb3\sdf_stage.$proc$/openlane/designs/FFT/src/sdf_stage.v:129$122'.
  created $adff cell `$procdff$622' with positive edge clock and negative level reset.
Creating register for signal `$paramod$5fe87357bce76e971437aac5200aca51a738dbb3\sdf_stage.\i' using process `$paramod$5fe87357bce76e971437aac5200aca51a738dbb3\sdf_stage.$proc$/openlane/designs/FFT/src/sdf_stage.v:129$122'.
  created $adff cell `$procdff$623' with positive edge clock and negative level reset.
Creating register for signal `$paramod$5fe87357bce76e971437aac5200aca51a738dbb3\sdf_stage.\delay_line_re[0]' using process `$paramod$5fe87357bce76e971437aac5200aca51a738dbb3\sdf_stage.$proc$/openlane/designs/FFT/src/sdf_stage.v:129$122'.
  created $adff cell `$procdff$624' with positive edge clock and negative level reset.
Creating register for signal `$paramod$5fe87357bce76e971437aac5200aca51a738dbb3\sdf_stage.\delay_line_re[1]' using process `$paramod$5fe87357bce76e971437aac5200aca51a738dbb3\sdf_stage.$proc$/openlane/designs/FFT/src/sdf_stage.v:129$122'.
  created $adff cell `$procdff$625' with positive edge clock and negative level reset.
Creating register for signal `$paramod$5fe87357bce76e971437aac5200aca51a738dbb3\sdf_stage.\delay_line_im[0]' using process `$paramod$5fe87357bce76e971437aac5200aca51a738dbb3\sdf_stage.$proc$/openlane/designs/FFT/src/sdf_stage.v:129$122'.
  created $adff cell `$procdff$626' with positive edge clock and negative level reset.
Creating register for signal `$paramod$5fe87357bce76e971437aac5200aca51a738dbb3\sdf_stage.\delay_line_im[1]' using process `$paramod$5fe87357bce76e971437aac5200aca51a738dbb3\sdf_stage.$proc$/openlane/designs/FFT/src/sdf_stage.v:129$122'.
  created $adff cell `$procdff$627' with positive edge clock and negative level reset.
Creating register for signal `$paramod$5fe87357bce76e971437aac5200aca51a738dbb3\sdf_stage.$mem2reg_wr$\delay_line_re$/openlane/designs/FFT/src/sdf_stage.v:139$109_ADDR' using process `$paramod$5fe87357bce76e971437aac5200aca51a738dbb3\sdf_stage.$proc$/openlane/designs/FFT/src/sdf_stage.v:129$122'.
  created $adff cell `$procdff$628' with positive edge clock and negative level reset.
Creating register for signal `$paramod$5fe87357bce76e971437aac5200aca51a738dbb3\sdf_stage.$mem2reg_wr$\delay_line_re$/openlane/designs/FFT/src/sdf_stage.v:139$109_DATA' using process `$paramod$5fe87357bce76e971437aac5200aca51a738dbb3\sdf_stage.$proc$/openlane/designs/FFT/src/sdf_stage.v:129$122'.
  created $adff cell `$procdff$629' with positive edge clock and negative level reset.
Creating register for signal `$paramod$5fe87357bce76e971437aac5200aca51a738dbb3\sdf_stage.$mem2reg_wr$\delay_line_im$/openlane/designs/FFT/src/sdf_stage.v:140$110_ADDR' using process `$paramod$5fe87357bce76e971437aac5200aca51a738dbb3\sdf_stage.$proc$/openlane/designs/FFT/src/sdf_stage.v:129$122'.
  created $adff cell `$procdff$630' with positive edge clock and negative level reset.
Creating register for signal `$paramod$5fe87357bce76e971437aac5200aca51a738dbb3\sdf_stage.$mem2reg_wr$\delay_line_im$/openlane/designs/FFT/src/sdf_stage.v:140$110_DATA' using process `$paramod$5fe87357bce76e971437aac5200aca51a738dbb3\sdf_stage.$proc$/openlane/designs/FFT/src/sdf_stage.v:129$122'.
  created $adff cell `$procdff$631' with positive edge clock and negative level reset.
Creating register for signal `$paramod$54c822d3a425f00a73fd5310cde249d2419183d2\sdf_stage.\delay_ptr' using process `$paramod$54c822d3a425f00a73fd5310cde249d2419183d2\sdf_stage.$proc$/openlane/designs/FFT/src/sdf_stage.v:129$78'.
  created $adff cell `$procdff$632' with positive edge clock and negative level reset.
Creating register for signal `$paramod$54c822d3a425f00a73fd5310cde249d2419183d2\sdf_stage.\phase_counter' using process `$paramod$54c822d3a425f00a73fd5310cde249d2419183d2\sdf_stage.$proc$/openlane/designs/FFT/src/sdf_stage.v:129$78'.
  created $adff cell `$procdff$633' with positive edge clock and negative level reset.
Creating register for signal `$paramod$54c822d3a425f00a73fd5310cde249d2419183d2\sdf_stage.\i' using process `$paramod$54c822d3a425f00a73fd5310cde249d2419183d2\sdf_stage.$proc$/openlane/designs/FFT/src/sdf_stage.v:129$78'.
  created $adff cell `$procdff$634' with positive edge clock and negative level reset.
Creating register for signal `$paramod$54c822d3a425f00a73fd5310cde249d2419183d2\sdf_stage.\delay_line_re[0]' using process `$paramod$54c822d3a425f00a73fd5310cde249d2419183d2\sdf_stage.$proc$/openlane/designs/FFT/src/sdf_stage.v:129$78'.
  created $adff cell `$procdff$635' with positive edge clock and negative level reset.
Creating register for signal `$paramod$54c822d3a425f00a73fd5310cde249d2419183d2\sdf_stage.\delay_line_im[0]' using process `$paramod$54c822d3a425f00a73fd5310cde249d2419183d2\sdf_stage.$proc$/openlane/designs/FFT/src/sdf_stage.v:129$78'.
  created $adff cell `$procdff$636' with positive edge clock and negative level reset.
Creating register for signal `$paramod$54c822d3a425f00a73fd5310cde249d2419183d2\sdf_stage.$mem2reg_wr$\delay_line_re$/openlane/designs/FFT/src/sdf_stage.v:139$65_ADDR' using process `$paramod$54c822d3a425f00a73fd5310cde249d2419183d2\sdf_stage.$proc$/openlane/designs/FFT/src/sdf_stage.v:129$78'.
  created $adff cell `$procdff$637' with positive edge clock and negative level reset.
Creating register for signal `$paramod$54c822d3a425f00a73fd5310cde249d2419183d2\sdf_stage.$mem2reg_wr$\delay_line_re$/openlane/designs/FFT/src/sdf_stage.v:139$65_DATA' using process `$paramod$54c822d3a425f00a73fd5310cde249d2419183d2\sdf_stage.$proc$/openlane/designs/FFT/src/sdf_stage.v:129$78'.
  created $adff cell `$procdff$638' with positive edge clock and negative level reset.
Creating register for signal `$paramod$54c822d3a425f00a73fd5310cde249d2419183d2\sdf_stage.$mem2reg_wr$\delay_line_im$/openlane/designs/FFT/src/sdf_stage.v:140$66_ADDR' using process `$paramod$54c822d3a425f00a73fd5310cde249d2419183d2\sdf_stage.$proc$/openlane/designs/FFT/src/sdf_stage.v:129$78'.
  created $adff cell `$procdff$639' with positive edge clock and negative level reset.
Creating register for signal `$paramod$54c822d3a425f00a73fd5310cde249d2419183d2\sdf_stage.$mem2reg_wr$\delay_line_im$/openlane/designs/FFT/src/sdf_stage.v:140$66_DATA' using process `$paramod$54c822d3a425f00a73fd5310cde249d2419183d2\sdf_stage.$proc$/openlane/designs/FFT/src/sdf_stage.v:129$78'.
  created $adff cell `$procdff$640' with positive edge clock and negative level reset.
Creating register for signal `$paramod$dbea8a608c7cad9680e1f20d0fbd3273350ec8d0\sdf_stage.\delay_ptr' using process `$paramod$dbea8a608c7cad9680e1f20d0fbd3273350ec8d0\sdf_stage.$proc$/openlane/designs/FFT/src/sdf_stage.v:129$214'.
  created $adff cell `$procdff$641' with positive edge clock and negative level reset.
Creating register for signal `$paramod$dbea8a608c7cad9680e1f20d0fbd3273350ec8d0\sdf_stage.\phase_counter' using process `$paramod$dbea8a608c7cad9680e1f20d0fbd3273350ec8d0\sdf_stage.$proc$/openlane/designs/FFT/src/sdf_stage.v:129$214'.
  created $adff cell `$procdff$642' with positive edge clock and negative level reset.
Creating register for signal `$paramod$dbea8a608c7cad9680e1f20d0fbd3273350ec8d0\sdf_stage.\i' using process `$paramod$dbea8a608c7cad9680e1f20d0fbd3273350ec8d0\sdf_stage.$proc$/openlane/designs/FFT/src/sdf_stage.v:129$214'.
  created $adff cell `$procdff$643' with positive edge clock and negative level reset.
Creating register for signal `$paramod$dbea8a608c7cad9680e1f20d0fbd3273350ec8d0\sdf_stage.\delay_line_re[0]' using process `$paramod$dbea8a608c7cad9680e1f20d0fbd3273350ec8d0\sdf_stage.$proc$/openlane/designs/FFT/src/sdf_stage.v:129$214'.
  created $adff cell `$procdff$644' with positive edge clock and negative level reset.
Creating register for signal `$paramod$dbea8a608c7cad9680e1f20d0fbd3273350ec8d0\sdf_stage.\delay_line_re[1]' using process `$paramod$dbea8a608c7cad9680e1f20d0fbd3273350ec8d0\sdf_stage.$proc$/openlane/designs/FFT/src/sdf_stage.v:129$214'.
  created $adff cell `$procdff$645' with positive edge clock and negative level reset.
Creating register for signal `$paramod$dbea8a608c7cad9680e1f20d0fbd3273350ec8d0\sdf_stage.\delay_line_re[2]' using process `$paramod$dbea8a608c7cad9680e1f20d0fbd3273350ec8d0\sdf_stage.$proc$/openlane/designs/FFT/src/sdf_stage.v:129$214'.
  created $adff cell `$procdff$646' with positive edge clock and negative level reset.
Creating register for signal `$paramod$dbea8a608c7cad9680e1f20d0fbd3273350ec8d0\sdf_stage.\delay_line_re[3]' using process `$paramod$dbea8a608c7cad9680e1f20d0fbd3273350ec8d0\sdf_stage.$proc$/openlane/designs/FFT/src/sdf_stage.v:129$214'.
  created $adff cell `$procdff$647' with positive edge clock and negative level reset.
Creating register for signal `$paramod$dbea8a608c7cad9680e1f20d0fbd3273350ec8d0\sdf_stage.\delay_line_re[4]' using process `$paramod$dbea8a608c7cad9680e1f20d0fbd3273350ec8d0\sdf_stage.$proc$/openlane/designs/FFT/src/sdf_stage.v:129$214'.
  created $adff cell `$procdff$648' with positive edge clock and negative level reset.
Creating register for signal `$paramod$dbea8a608c7cad9680e1f20d0fbd3273350ec8d0\sdf_stage.\delay_line_re[5]' using process `$paramod$dbea8a608c7cad9680e1f20d0fbd3273350ec8d0\sdf_stage.$proc$/openlane/designs/FFT/src/sdf_stage.v:129$214'.
  created $adff cell `$procdff$649' with positive edge clock and negative level reset.
Creating register for signal `$paramod$dbea8a608c7cad9680e1f20d0fbd3273350ec8d0\sdf_stage.\delay_line_re[6]' using process `$paramod$dbea8a608c7cad9680e1f20d0fbd3273350ec8d0\sdf_stage.$proc$/openlane/designs/FFT/src/sdf_stage.v:129$214'.
  created $adff cell `$procdff$650' with positive edge clock and negative level reset.
Creating register for signal `$paramod$dbea8a608c7cad9680e1f20d0fbd3273350ec8d0\sdf_stage.\delay_line_re[7]' using process `$paramod$dbea8a608c7cad9680e1f20d0fbd3273350ec8d0\sdf_stage.$proc$/openlane/designs/FFT/src/sdf_stage.v:129$214'.
  created $adff cell `$procdff$651' with positive edge clock and negative level reset.
Creating register for signal `$paramod$dbea8a608c7cad9680e1f20d0fbd3273350ec8d0\sdf_stage.\delay_line_im[0]' using process `$paramod$dbea8a608c7cad9680e1f20d0fbd3273350ec8d0\sdf_stage.$proc$/openlane/designs/FFT/src/sdf_stage.v:129$214'.
  created $adff cell `$procdff$652' with positive edge clock and negative level reset.
Creating register for signal `$paramod$dbea8a608c7cad9680e1f20d0fbd3273350ec8d0\sdf_stage.\delay_line_im[1]' using process `$paramod$dbea8a608c7cad9680e1f20d0fbd3273350ec8d0\sdf_stage.$proc$/openlane/designs/FFT/src/sdf_stage.v:129$214'.
  created $adff cell `$procdff$653' with positive edge clock and negative level reset.
Creating register for signal `$paramod$dbea8a608c7cad9680e1f20d0fbd3273350ec8d0\sdf_stage.\delay_line_im[2]' using process `$paramod$dbea8a608c7cad9680e1f20d0fbd3273350ec8d0\sdf_stage.$proc$/openlane/designs/FFT/src/sdf_stage.v:129$214'.
  created $adff cell `$procdff$654' with positive edge clock and negative level reset.
Creating register for signal `$paramod$dbea8a608c7cad9680e1f20d0fbd3273350ec8d0\sdf_stage.\delay_line_im[3]' using process `$paramod$dbea8a608c7cad9680e1f20d0fbd3273350ec8d0\sdf_stage.$proc$/openlane/designs/FFT/src/sdf_stage.v:129$214'.
  created $adff cell `$procdff$655' with positive edge clock and negative level reset.
Creating register for signal `$paramod$dbea8a608c7cad9680e1f20d0fbd3273350ec8d0\sdf_stage.\delay_line_im[4]' using process `$paramod$dbea8a608c7cad9680e1f20d0fbd3273350ec8d0\sdf_stage.$proc$/openlane/designs/FFT/src/sdf_stage.v:129$214'.
  created $adff cell `$procdff$656' with positive edge clock and negative level reset.
Creating register for signal `$paramod$dbea8a608c7cad9680e1f20d0fbd3273350ec8d0\sdf_stage.\delay_line_im[5]' using process `$paramod$dbea8a608c7cad9680e1f20d0fbd3273350ec8d0\sdf_stage.$proc$/openlane/designs/FFT/src/sdf_stage.v:129$214'.
  created $adff cell `$procdff$657' with positive edge clock and negative level reset.
Creating register for signal `$paramod$dbea8a608c7cad9680e1f20d0fbd3273350ec8d0\sdf_stage.\delay_line_im[6]' using process `$paramod$dbea8a608c7cad9680e1f20d0fbd3273350ec8d0\sdf_stage.$proc$/openlane/designs/FFT/src/sdf_stage.v:129$214'.
  created $adff cell `$procdff$658' with positive edge clock and negative level reset.
Creating register for signal `$paramod$dbea8a608c7cad9680e1f20d0fbd3273350ec8d0\sdf_stage.\delay_line_im[7]' using process `$paramod$dbea8a608c7cad9680e1f20d0fbd3273350ec8d0\sdf_stage.$proc$/openlane/designs/FFT/src/sdf_stage.v:129$214'.
  created $adff cell `$procdff$659' with positive edge clock and negative level reset.
Creating register for signal `$paramod$dbea8a608c7cad9680e1f20d0fbd3273350ec8d0\sdf_stage.$mem2reg_wr$\delay_line_re$/openlane/designs/FFT/src/sdf_stage.v:139$201_ADDR' using process `$paramod$dbea8a608c7cad9680e1f20d0fbd3273350ec8d0\sdf_stage.$proc$/openlane/designs/FFT/src/sdf_stage.v:129$214'.
  created $adff cell `$procdff$660' with positive edge clock and negative level reset.
Creating register for signal `$paramod$dbea8a608c7cad9680e1f20d0fbd3273350ec8d0\sdf_stage.$mem2reg_wr$\delay_line_re$/openlane/designs/FFT/src/sdf_stage.v:139$201_DATA' using process `$paramod$dbea8a608c7cad9680e1f20d0fbd3273350ec8d0\sdf_stage.$proc$/openlane/designs/FFT/src/sdf_stage.v:129$214'.
  created $adff cell `$procdff$661' with positive edge clock and negative level reset.
Creating register for signal `$paramod$dbea8a608c7cad9680e1f20d0fbd3273350ec8d0\sdf_stage.$mem2reg_wr$\delay_line_im$/openlane/designs/FFT/src/sdf_stage.v:140$202_ADDR' using process `$paramod$dbea8a608c7cad9680e1f20d0fbd3273350ec8d0\sdf_stage.$proc$/openlane/designs/FFT/src/sdf_stage.v:129$214'.
  created $adff cell `$procdff$662' with positive edge clock and negative level reset.
Creating register for signal `$paramod$dbea8a608c7cad9680e1f20d0fbd3273350ec8d0\sdf_stage.$mem2reg_wr$\delay_line_im$/openlane/designs/FFT/src/sdf_stage.v:140$202_DATA' using process `$paramod$dbea8a608c7cad9680e1f20d0fbd3273350ec8d0\sdf_stage.$proc$/openlane/designs/FFT/src/sdf_stage.v:129$214'.
  created $adff cell `$procdff$663' with positive edge clock and negative level reset.

19. Executing PROC_MEMWR pass (convert process memory writes to cells).

20. Executing PROC_CLEAN pass (remove empty switches from decision trees).
Found and cleaned up 1 empty switch in `$paramod$57cfdb7dc65a13d866b50e712bed5afc349d1709\sdf_stage.$proc$/openlane/designs/FFT/src/sdf_stage.v:0$195'.
Removing empty process `$paramod$57cfdb7dc65a13d866b50e712bed5afc349d1709\sdf_stage.$proc$/openlane/designs/FFT/src/sdf_stage.v:0$195'.
Found and cleaned up 1 empty switch in `$paramod$57cfdb7dc65a13d866b50e712bed5afc349d1709\sdf_stage.$proc$/openlane/designs/FFT/src/sdf_stage.v:0$192'.
Removing empty process `$paramod$57cfdb7dc65a13d866b50e712bed5afc349d1709\sdf_stage.$proc$/openlane/designs/FFT/src/sdf_stage.v:0$192'.
Found and cleaned up 3 empty switches in `$paramod$57cfdb7dc65a13d866b50e712bed5afc349d1709\sdf_stage.$proc$/openlane/designs/FFT/src/sdf_stage.v:129$167'.
Removing empty process `$paramod$57cfdb7dc65a13d866b50e712bed5afc349d1709\sdf_stage.$proc$/openlane/designs/FFT/src/sdf_stage.v:129$167'.
Found and cleaned up 1 empty switch in `$paramod$4805dfc363d118adfc2c54d494fe9ce54dbb2802\twiddle_rom.$proc$/openlane/designs/FFT/src/twiddle_rom.v:12$151'.
Removing empty process `$paramod$4805dfc363d118adfc2c54d494fe9ce54dbb2802\twiddle_rom.$proc$/openlane/designs/FFT/src/twiddle_rom.v:12$151'.
Found and cleaned up 1 empty switch in `$paramod$5fe87357bce76e971437aac5200aca51a738dbb3\sdf_stage.$proc$/openlane/designs/FFT/src/sdf_stage.v:0$148'.
Removing empty process `$paramod$5fe87357bce76e971437aac5200aca51a738dbb3\sdf_stage.$proc$/openlane/designs/FFT/src/sdf_stage.v:0$148'.
Found and cleaned up 1 empty switch in `$paramod$5fe87357bce76e971437aac5200aca51a738dbb3\sdf_stage.$proc$/openlane/designs/FFT/src/sdf_stage.v:0$145'.
Removing empty process `$paramod$5fe87357bce76e971437aac5200aca51a738dbb3\sdf_stage.$proc$/openlane/designs/FFT/src/sdf_stage.v:0$145'.
Found and cleaned up 3 empty switches in `$paramod$5fe87357bce76e971437aac5200aca51a738dbb3\sdf_stage.$proc$/openlane/designs/FFT/src/sdf_stage.v:129$122'.
Removing empty process `$paramod$5fe87357bce76e971437aac5200aca51a738dbb3\sdf_stage.$proc$/openlane/designs/FFT/src/sdf_stage.v:129$122'.
Found and cleaned up 1 empty switch in `$paramod$54c822d3a425f00a73fd5310cde249d2419183d2\sdf_stage.$proc$/openlane/designs/FFT/src/sdf_stage.v:0$104'.
Removing empty process `$paramod$54c822d3a425f00a73fd5310cde249d2419183d2\sdf_stage.$proc$/openlane/designs/FFT/src/sdf_stage.v:0$104'.
Found and cleaned up 1 empty switch in `$paramod$54c822d3a425f00a73fd5310cde249d2419183d2\sdf_stage.$proc$/openlane/designs/FFT/src/sdf_stage.v:0$101'.
Removing empty process `$paramod$54c822d3a425f00a73fd5310cde249d2419183d2\sdf_stage.$proc$/openlane/designs/FFT/src/sdf_stage.v:0$101'.
Found and cleaned up 3 empty switches in `$paramod$54c822d3a425f00a73fd5310cde249d2419183d2\sdf_stage.$proc$/openlane/designs/FFT/src/sdf_stage.v:129$78'.
Removing empty process `$paramod$54c822d3a425f00a73fd5310cde249d2419183d2\sdf_stage.$proc$/openlane/designs/FFT/src/sdf_stage.v:129$78'.
Found and cleaned up 1 empty switch in `$paramod$dbea8a608c7cad9680e1f20d0fbd3273350ec8d0\sdf_stage.$proc$/openlane/designs/FFT/src/sdf_stage.v:0$242'.
Removing empty process `$paramod$dbea8a608c7cad9680e1f20d0fbd3273350ec8d0\sdf_stage.$proc$/openlane/designs/FFT/src/sdf_stage.v:0$242'.
Found and cleaned up 1 empty switch in `$paramod$dbea8a608c7cad9680e1f20d0fbd3273350ec8d0\sdf_stage.$proc$/openlane/designs/FFT/src/sdf_stage.v:0$239'.
Removing empty process `$paramod$dbea8a608c7cad9680e1f20d0fbd3273350ec8d0\sdf_stage.$proc$/openlane/designs/FFT/src/sdf_stage.v:0$239'.
Found and cleaned up 3 empty switches in `$paramod$dbea8a608c7cad9680e1f20d0fbd3273350ec8d0\sdf_stage.$proc$/openlane/designs/FFT/src/sdf_stage.v:129$214'.
Removing empty process `$paramod$dbea8a608c7cad9680e1f20d0fbd3273350ec8d0\sdf_stage.$proc$/openlane/designs/FFT/src/sdf_stage.v:129$214'.
Found and cleaned up 1 empty switch in `$paramod$668a20d904a69fed1d087580d6f1e0e53fa51d3e\twiddle_rom.$proc$/openlane/designs/FFT/src/twiddle_rom.v:12$198'.
Removing empty process `$paramod$668a20d904a69fed1d087580d6f1e0e53fa51d3e\twiddle_rom.$proc$/openlane/designs/FFT/src/twiddle_rom.v:12$198'.
Cleaned up 22 empty switches.

21. Executing CHECK pass (checking for obvious problems).
Checking module $paramod$57cfdb7dc65a13d866b50e712bed5afc349d1709\sdf_stage...
Checking module $paramod$4805dfc363d118adfc2c54d494fe9ce54dbb2802\twiddle_rom...
Checking module $paramod$5fe87357bce76e971437aac5200aca51a738dbb3\sdf_stage...
Checking module $paramod$54c822d3a425f00a73fd5310cde249d2419183d2\sdf_stage...
Checking module $paramod\butterfly\DATA_WIDTH=s32'00000000000000000000000000010000...
Checking module fft_wrapper...
Checking module $paramod$9b1cdd1fab68e531e857ce40f76519c1d7f942d7\cmult...
Checking module $paramod$dbea8a608c7cad9680e1f20d0fbd3273350ec8d0\sdf_stage...
Checking module $paramod$668a20d904a69fed1d087580d6f1e0e53fa51d3e\twiddle_rom...
Found and reported 0 problems.

22. Executing OPT_EXPR pass (perform const folding).
Optimizing module $paramod$57cfdb7dc65a13d866b50e712bed5afc349d1709\sdf_stage.
<suppressed ~9 debug messages>
Optimizing module $paramod$4805dfc363d118adfc2c54d494fe9ce54dbb2802\twiddle_rom.
<suppressed ~2 debug messages>
Optimizing module $paramod$5fe87357bce76e971437aac5200aca51a738dbb3\sdf_stage.
<suppressed ~15 debug messages>
Optimizing module $paramod$54c822d3a425f00a73fd5310cde249d2419183d2\sdf_stage.
<suppressed ~20 debug messages>
Optimizing module $paramod\butterfly\DATA_WIDTH=s32'00000000000000000000000000010000.
Optimizing module fft_wrapper.
Optimizing module $paramod$9b1cdd1fab68e531e857ce40f76519c1d7f942d7\cmult.
<suppressed ~2 debug messages>
Optimizing module $paramod$dbea8a608c7cad9680e1f20d0fbd3273350ec8d0\sdf_stage.
<suppressed ~9 debug messages>
Optimizing module $paramod$668a20d904a69fed1d087580d6f1e0e53fa51d3e\twiddle_rom.

23. Executing FLATTEN pass (flatten design).
Deleting now unused module $paramod$57cfdb7dc65a13d866b50e712bed5afc349d1709\sdf_stage.
Deleting now unused module $paramod$4805dfc363d118adfc2c54d494fe9ce54dbb2802\twiddle_rom.
Deleting now unused module $paramod$5fe87357bce76e971437aac5200aca51a738dbb3\sdf_stage.
Deleting now unused module $paramod$54c822d3a425f00a73fd5310cde249d2419183d2\sdf_stage.
Deleting now unused module $paramod\butterfly\DATA_WIDTH=s32'00000000000000000000000000010000.
Deleting now unused module $paramod$9b1cdd1fab68e531e857ce40f76519c1d7f942d7\cmult.
Deleting now unused module $paramod$dbea8a608c7cad9680e1f20d0fbd3273350ec8d0\sdf_stage.
Deleting now unused module $paramod$668a20d904a69fed1d087580d6f1e0e53fa51d3e\twiddle_rom.
<suppressed ~12 debug messages>

24. Executing OPT_EXPR pass (perform const folding).
Optimizing module fft_wrapper.

25. Executing OPT_CLEAN pass (remove unused cells and wires).
Finding unused cells or wires in module \fft_wrapper..
Removed 49 unused cells and 343 unused wires.
<suppressed ~55 debug messages>

26. Executing OPT pass (performing simple optimizations).

26.1. Executing OPT_EXPR pass (perform const folding).
Optimizing module fft_wrapper.

26.2. Executing OPT_MERGE pass (detect identical cells).
Finding identical cells in module `\fft_wrapper'.
<suppressed ~135 debug messages>
Removed a total of 45 cells.

26.3. Executing OPT_MUXTREE pass (detect dead branches in mux trees).
Running muxtree optimizer on module \fft_wrapper..
  Creating internal representation of mux trees.
  Evaluating internal representation of mux trees.
  Analyzing evaluation results.
Removed 0 multiplexer ports.
<suppressed ~62 debug messages>

26.4. Executing OPT_REDUCE pass (consolidate $*mux and $reduce_* inputs).
  Optimizing cells in module \fft_wrapper.
    New ctrl vector for $pmux cell $flatten\u_rom2.$procmux$343: { $flatten\u_rom2.$procmux$347_CMP $flatten\u_rom2.$procmux$345_CMP $auto$opt_reduce.cc:134:opt_pmux$665 }
  Optimizing cells in module \fft_wrapper.
Performed a total of 1 changes.

26.5. Executing OPT_MERGE pass (detect identical cells).
Finding identical cells in module `\fft_wrapper'.
Removed a total of 0 cells.

26.6. Executing OPT_DFF pass (perform DFF optimizations).

26.7. Executing OPT_CLEAN pass (remove unused cells and wires).
Finding unused cells or wires in module \fft_wrapper..
Removed 0 unused cells and 45 unused wires.
<suppressed ~1 debug messages>

26.8. Executing OPT_EXPR pass (perform const folding).
Optimizing module fft_wrapper.

26.9. Rerunning OPT passes. (Maybe there is more to do..)

26.10. Executing OPT_MUXTREE pass (detect dead branches in mux trees).
Running muxtree optimizer on module \fft_wrapper..
  Creating internal representation of mux trees.
  Evaluating internal representation of mux trees.
  Analyzing evaluation results.
Removed 0 multiplexer ports.
<suppressed ~62 debug messages>

26.11. Executing OPT_REDUCE pass (consolidate $*mux and $reduce_* inputs).
  Optimizing cells in module \fft_wrapper.
Performed a total of 0 changes.

26.12. Executing OPT_MERGE pass (detect identical cells).
Finding identical cells in module `\fft_wrapper'.
Removed a total of 0 cells.

26.13. Executing OPT_DFF pass (perform DFF optimizations).

26.14. Executing OPT_CLEAN pass (remove unused cells and wires).
Finding unused cells or wires in module \fft_wrapper..

26.15. Executing OPT_EXPR pass (perform const folding).
Optimizing module fft_wrapper.

26.16. Finished OPT passes. (There is nothing left to do.)

27. Executing FSM pass (extract and optimize FSM).

27.1. Executing FSM_DETECT pass (finding FSMs in design).

27.2. Executing FSM_EXTRACT pass (extracting FSM from design).

27.3. Executing FSM_OPT pass (simple optimizations of FSMs).

27.4. Executing OPT_CLEAN pass (remove unused cells and wires).
Finding unused cells or wires in module \fft_wrapper..

27.5. Executing FSM_OPT pass (simple optimizations of FSMs).

27.6. Executing FSM_RECODE pass (re-assigning FSM state encoding).

27.7. Executing FSM_INFO pass (dumping all available information on FSM cells).

27.8. Executing FSM_MAP pass (mapping FSMs to basic logic).

28. Executing OPT pass (performing simple optimizations).

28.1. Executing OPT_EXPR pass (perform const folding).
Optimizing module fft_wrapper.

28.2. Executing OPT_MERGE pass (detect identical cells).
Finding identical cells in module `\fft_wrapper'.
Removed a total of 0 cells.

28.3. Executing OPT_MUXTREE pass (detect dead branches in mux trees).
Running muxtree optimizer on module \fft_wrapper..
  Creating internal representation of mux trees.
  Evaluating internal representation of mux trees.
  Analyzing evaluation results.
Removed 0 multiplexer ports.
<suppressed ~62 debug messages>

28.4. Executing OPT_REDUCE pass (consolidate $*mux and $reduce_* inputs).
  Optimizing cells in module \fft_wrapper.
Performed a total of 0 changes.

28.5. Executing OPT_MERGE pass (detect identical cells).
Finding identical cells in module `\fft_wrapper'.
Removed a total of 0 cells.

28.6. Executing OPT_DFF pass (perform DFF optimizations).
Adding EN signal on $flatten\u_s4.$procdff$636 ($adff) from module fft_wrapper (D = \u_s4.delay_write_im, Q = \u_s4.delay_line_im[0]).
Adding EN signal on $flatten\u_s4.$procdff$635 ($adff) from module fft_wrapper (D = \u_s4.delay_write_re, Q = \u_s4.delay_line_re[0]).
Adding EN signal on $flatten\u_s4.$procdff$633 ($adff) from module fft_wrapper (D = $flatten\u_s4.$ternary$/openlane/designs/FFT/src/sdf_stage.v:142$97_Y [1:0], Q = \u_s4.phase_counter).
Adding EN signal on $flatten\u_s4.$procdff$632 ($adff) from module fft_wrapper (D = $flatten\u_s4.$ternary$/openlane/designs/FFT/src/sdf_stage.v:141$94_Y [0], Q = \u_s4.delay_ptr).
Adding EN signal on $flatten\u_s3.$procdff$627 ($adff) from module fft_wrapper (D = \u_s3.delay_write_im, Q = \u_s3.delay_line_im[1]).
Adding EN signal on $flatten\u_s3.$procdff$626 ($adff) from module fft_wrapper (D = \u_s3.delay_write_im, Q = \u_s3.delay_line_im[0]).
Adding EN signal on $flatten\u_s3.$procdff$625 ($adff) from module fft_wrapper (D = \u_s3.delay_write_re, Q = \u_s3.delay_line_re[1]).
Adding EN signal on $flatten\u_s3.$procdff$624 ($adff) from module fft_wrapper (D = \u_s3.delay_write_re, Q = \u_s3.delay_line_re[0]).
Adding EN signal on $flatten\u_s3.$procdff$622 ($adff) from module fft_wrapper (D = $flatten\u_s3.$ternary$/openlane/designs/FFT/src/sdf_stage.v:142$141_Y [1:0], Q = \u_s3.phase_counter).
Adding EN signal on $flatten\u_s3.$procdff$621 ($adff) from module fft_wrapper (D = $flatten\u_s3.$ternary$/openlane/designs/FFT/src/sdf_stage.v:141$138_Y [0], Q = \u_s3.delay_ptr).
Adding EN signal on $flatten\u_s2.$procdff$616 ($adff) from module fft_wrapper (D = \u_s2.delay_write_im, Q = \u_s2.delay_line_im[3]).
Adding EN signal on $flatten\u_s2.$procdff$615 ($adff) from module fft_wrapper (D = \u_s2.delay_write_im, Q = \u_s2.delay_line_im[2]).
Adding EN signal on $flatten\u_s2.$procdff$614 ($adff) from module fft_wrapper (D = \u_s2.delay_write_im, Q = \u_s2.delay_line_im[1]).
Adding EN signal on $flatten\u_s2.$procdff$613 ($adff) from module fft_wrapper (D = \u_s2.delay_write_im, Q = \u_s2.delay_line_im[0]).
Adding EN signal on $flatten\u_s2.$procdff$612 ($adff) from module fft_wrapper (D = \u_s2.delay_write_re, Q = \u_s2.delay_line_re[3]).
Adding EN signal on $flatten\u_s2.$procdff$611 ($adff) from module fft_wrapper (D = \u_s2.delay_write_re, Q = \u_s2.delay_line_re[2]).
Adding EN signal on $flatten\u_s2.$procdff$610 ($adff) from module fft_wrapper (D = \u_s2.delay_write_re, Q = \u_s2.delay_line_re[1]).
Adding EN signal on $flatten\u_s2.$procdff$609 ($adff) from module fft_wrapper (D = \u_s2.delay_write_re, Q = \u_s2.delay_line_re[0]).
Adding EN signal on $flatten\u_s2.$procdff$607 ($adff) from module fft_wrapper (D = $flatten\u_s2.$ternary$/openlane/designs/FFT/src/sdf_stage.v:142$186_Y [2:0], Q = \u_s2.phase_counter).
Adding EN signal on $flatten\u_s2.$procdff$606 ($adff) from module fft_wrapper (D = $flatten\u_s2.$ternary$/openlane/designs/FFT/src/sdf_stage.v:141$183_Y [1:0], Q = \u_s2.delay_ptr).
Adding EN signal on $flatten\u_s1.$procdff$659 ($adff) from module fft_wrapper (D = \u_s1.delay_write_im, Q = \u_s1.delay_line_im[7]).
Adding EN signal on $flatten\u_s1.$procdff$658 ($adff) from module fft_wrapper (D = \u_s1.delay_write_im, Q = \u_s1.delay_line_im[6]).
Adding EN signal on $flatten\u_s1.$procdff$657 ($adff) from module fft_wrapper (D = \u_s1.delay_write_im, Q = \u_s1.delay_line_im[5]).
Adding EN signal on $flatten\u_s1.$procdff$656 ($adff) from module fft_wrapper (D = \u_s1.delay_write_im, Q = \u_s1.delay_line_im[4]).
Adding EN signal on $flatten\u_s1.$procdff$655 ($adff) from module fft_wrapper (D = \u_s1.delay_write_im, Q = \u_s1.delay_line_im[3]).
Adding EN signal on $flatten\u_s1.$procdff$654 ($adff) from module fft_wrapper (D = \u_s1.delay_write_im, Q = \u_s1.delay_line_im[2]).
Adding EN signal on $flatten\u_s1.$procdff$653 ($adff) from module fft_wrapper (D = \u_s1.delay_write_im, Q = \u_s1.delay_line_im[1]).
Adding EN signal on $flatten\u_s1.$procdff$652 ($adff) from module fft_wrapper (D = \u_s1.delay_write_im, Q = \u_s1.delay_line_im[0]).
Adding EN signal on $flatten\u_s1.$procdff$651 ($adff) from module fft_wrapper (D = \u_s1.delay_write_re, Q = \u_s1.delay_line_re[7]).
Adding EN signal on $flatten\u_s1.$procdff$650 ($adff) from module fft_wrapper (D = \u_s1.delay_write_re, Q = \u_s1.delay_line_re[6]).
Adding EN signal on $flatten\u_s1.$procdff$649 ($adff) from module fft_wrapper (D = \u_s1.delay_write_re, Q = \u_s1.delay_line_re[5]).
Adding EN signal on $flatten\u_s1.$procdff$648 ($adff) from module fft_wrapper (D = \u_s1.delay_write_re, Q = \u_s1.delay_line_re[4]).
Adding EN signal on $flatten\u_s1.$procdff$647 ($adff) from module fft_wrapper (D = \u_s1.delay_write_re, Q = \u_s1.delay_line_re[3]).
Adding EN signal on $flatten\u_s1.$procdff$646 ($adff) from module fft_wrapper (D = \u_s1.delay_write_re, Q = \u_s1.delay_line_re[2]).
Adding EN signal on $flatten\u_s1.$procdff$645 ($adff) from module fft_wrapper (D = \u_s1.delay_write_re, Q = \u_s1.delay_line_re[1]).
Adding EN signal on $flatten\u_s1.$procdff$644 ($adff) from module fft_wrapper (D = \u_s1.delay_write_re, Q = \u_s1.delay_line_re[0]).
Adding EN signal on $flatten\u_s1.$procdff$642 ($adff) from module fft_wrapper (D = $flatten\u_s1.$ternary$/openlane/designs/FFT/src/sdf_stage.v:142$233_Y [3:0], Q = \u_s1.phase_counter).
Adding EN signal on $flatten\u_s1.$procdff$641 ($adff) from module fft_wrapper (D = $flatten\u_s1.$ternary$/openlane/designs/FFT/src/sdf_stage.v:141$230_Y [2:0], Q = \u_s1.delay_ptr).

28.7. Executing OPT_CLEAN pass (remove unused cells and wires).
Finding unused cells or wires in module \fft_wrapper..
Removed 68 unused cells and 68 unused wires.
<suppressed ~69 debug messages>

28.8. Executing OPT_EXPR pass (perform const folding).
Optimizing module fft_wrapper.

28.9. Rerunning OPT passes. (Maybe there is more to do..)

28.10. Executing OPT_MUXTREE pass (detect dead branches in mux trees).
Running muxtree optimizer on module \fft_wrapper..
  Creating internal representation of mux trees.
  Evaluating internal representation of mux trees.
  Analyzing evaluation results.
Removed 0 multiplexer ports.
<suppressed ~34 debug messages>

28.11. Executing OPT_REDUCE pass (consolidate $*mux and $reduce_* inputs).
  Optimizing cells in module \fft_wrapper.
Performed a total of 0 changes.

28.12. Executing OPT_MERGE pass (detect identical cells).
Finding identical cells in module `\fft_wrapper'.
<suppressed ~54 debug messages>
Removed a total of 18 cells.

28.13. Executing OPT_DFF pass (perform DFF optimizations).

28.14. Executing OPT_CLEAN pass (remove unused cells and wires).
Finding unused cells or wires in module \fft_wrapper..
Removed 0 unused cells and 18 unused wires.
<suppressed ~1 debug messages>

28.15. Executing OPT_EXPR pass (perform const folding).
Optimizing module fft_wrapper.

28.16. Rerunning OPT passes. (Maybe there is more to do..)

28.17. Executing OPT_MUXTREE pass (detect dead branches in mux trees).
Running muxtree optimizer on module \fft_wrapper..
  Creating internal representation of mux trees.
  Evaluating internal representation of mux trees.
  Analyzing evaluation results.
Removed 0 multiplexer ports.
<suppressed ~34 debug messages>

28.18. Executing OPT_REDUCE pass (consolidate $*mux and $reduce_* inputs).
  Optimizing cells in module \fft_wrapper.
Performed a total of 0 changes.

28.19. Executing OPT_MERGE pass (detect identical cells).
Finding identical cells in module `\fft_wrapper'.
Removed a total of 0 cells.

28.20. Executing OPT_DFF pass (perform DFF optimizations).

28.21. Executing OPT_CLEAN pass (remove unused cells and wires).
Finding unused cells or wires in module \fft_wrapper..

28.22. Executing OPT_EXPR pass (perform const folding).
Optimizing module fft_wrapper.

28.23. Finished OPT passes. (There is nothing left to do.)

29. Executing WREDUCE pass (reducing word size of cells).
Removed top 29 address bits (of 32) from memory init port fft_wrapper.$flatten\u_rom1.$auto$mem.cc:319:emit$262 ($flatten\u_rom1.$auto$proc_rom.cc:150:do_switch$260).
Removed top 18 bits (of 33) from port B of cell fft_wrapper.$flatten\u_s1.\g_mult.u_mul.$add$/openlane/designs/FFT/src/cmult.v:35$251 ($add).
Removed top 3 bits (of 33) from port Y of cell fft_wrapper.$flatten\u_s1.\g_mult.u_mul.$add$/openlane/designs/FFT/src/cmult.v:35$251 ($add).
Removed top 3 bits (of 33) from port A of cell fft_wrapper.$flatten\u_s1.\g_mult.u_mul.$add$/openlane/designs/FFT/src/cmult.v:35$251 ($add).
Removed top 18 bits (of 33) from port B of cell fft_wrapper.$flatten\u_s1.\g_mult.u_mul.$add$/openlane/designs/FFT/src/cmult.v:36$253 ($add).
Removed top 3 bits (of 33) from port Y of cell fft_wrapper.$flatten\u_s1.\g_mult.u_mul.$add$/openlane/designs/FFT/src/cmult.v:36$253 ($add).
Removed top 3 bits (of 33) from port A of cell fft_wrapper.$flatten\u_s1.\g_mult.u_mul.$add$/openlane/designs/FFT/src/cmult.v:36$253 ($add).
Removed top 2 bits (of 3) from port B of cell fft_wrapper.$flatten\u_s1.$procmux$440_CMP0 ($eq).
Removed top 1 bits (of 3) from port B of cell fft_wrapper.$flatten\u_s1.$procmux$439_CMP0 ($eq).
Removed top 1 bits (of 3) from port B of cell fft_wrapper.$flatten\u_s1.$procmux$438_CMP0 ($eq).
Removed top 28 bits (of 32) from mux cell fft_wrapper.$flatten\u_s1.$ternary$/openlane/designs/FFT/src/sdf_stage.v:142$233 ($mux).
Removed top 31 bits (of 32) from port B of cell fft_wrapper.$flatten\u_s1.$add$/openlane/designs/FFT/src/sdf_stage.v:142$232 ($add).
Removed top 28 bits (of 32) from port Y of cell fft_wrapper.$flatten\u_s1.$add$/openlane/designs/FFT/src/sdf_stage.v:142$232 ($add).
Removed top 29 bits (of 32) from mux cell fft_wrapper.$flatten\u_s1.$ternary$/openlane/designs/FFT/src/sdf_stage.v:141$230 ($mux).
Removed top 31 bits (of 32) from port B of cell fft_wrapper.$flatten\u_s1.$add$/openlane/designs/FFT/src/sdf_stage.v:141$229 ($add).
Removed top 29 bits (of 32) from port Y of cell fft_wrapper.$flatten\u_s1.$add$/openlane/designs/FFT/src/sdf_stage.v:141$229 ($add).
Removed top 28 bits (of 32) from port B of cell fft_wrapper.$flatten\u_s1.$ge$/openlane/designs/FFT/src/sdf_stage.v:53$203 ($ge).
Removed top 18 bits (of 33) from port B of cell fft_wrapper.$flatten\u_s2.\g_mult.u_mul.$add$/openlane/designs/FFT/src/cmult.v:35$251 ($add).
Removed top 3 bits (of 33) from port Y of cell fft_wrapper.$flatten\u_s2.\g_mult.u_mul.$add$/openlane/designs/FFT/src/cmult.v:35$251 ($add).
Removed top 3 bits (of 33) from port A of cell fft_wrapper.$flatten\u_s2.\g_mult.u_mul.$add$/openlane/designs/FFT/src/cmult.v:35$251 ($add).
Removed top 18 bits (of 33) from port B of cell fft_wrapper.$flatten\u_s2.\g_mult.u_mul.$add$/openlane/designs/FFT/src/cmult.v:36$253 ($add).
Removed top 3 bits (of 33) from port Y of cell fft_wrapper.$flatten\u_s2.\g_mult.u_mul.$add$/openlane/designs/FFT/src/cmult.v:36$253 ($add).
Removed top 3 bits (of 33) from port A of cell fft_wrapper.$flatten\u_s2.\g_mult.u_mul.$add$/openlane/designs/FFT/src/cmult.v:36$253 ($add).
Removed top 1 bits (of 2) from port B of cell fft_wrapper.$flatten\u_s2.$procmux$266_CMP0 ($eq).
Removed top 29 bits (of 32) from mux cell fft_wrapper.$flatten\u_s2.$ternary$/openlane/designs/FFT/src/sdf_stage.v:142$186 ($mux).
Removed top 31 bits (of 32) from port B of cell fft_wrapper.$flatten\u_s2.$add$/openlane/designs/FFT/src/sdf_stage.v:142$185 ($add).
Removed top 29 bits (of 32) from port Y of cell fft_wrapper.$flatten\u_s2.$add$/openlane/designs/FFT/src/sdf_stage.v:142$185 ($add).
Removed top 30 bits (of 32) from mux cell fft_wrapper.$flatten\u_s2.$ternary$/openlane/designs/FFT/src/sdf_stage.v:141$183 ($mux).
Removed top 31 bits (of 32) from port B of cell fft_wrapper.$flatten\u_s2.$add$/openlane/designs/FFT/src/sdf_stage.v:141$182 ($add).
Removed top 30 bits (of 32) from port Y of cell fft_wrapper.$flatten\u_s2.$add$/openlane/designs/FFT/src/sdf_stage.v:141$182 ($add).
Removed top 29 bits (of 32) from port B of cell fft_wrapper.$flatten\u_s2.$ge$/openlane/designs/FFT/src/sdf_stage.v:53$156 ($ge).
Removed top 1 bits (of 2) from port B of cell fft_wrapper.$flatten\u_rom2.$procmux$346_CMP0 ($eq).
Removed top 30 bits (of 32) from mux cell fft_wrapper.$flatten\u_s3.$ternary$/openlane/designs/FFT/src/sdf_stage.v:142$141 ($mux).
Removed top 31 bits (of 32) from port B of cell fft_wrapper.$flatten\u_s3.$add$/openlane/designs/FFT/src/sdf_stage.v:142$140 ($add).
Removed top 30 bits (of 32) from port Y of cell fft_wrapper.$flatten\u_s3.$add$/openlane/designs/FFT/src/sdf_stage.v:142$140 ($add).
Removed top 31 bits (of 32) from mux cell fft_wrapper.$flatten\u_s3.$ternary$/openlane/designs/FFT/src/sdf_stage.v:141$138 ($mux).
Removed top 31 bits (of 32) from port B of cell fft_wrapper.$flatten\u_s3.$add$/openlane/designs/FFT/src/sdf_stage.v:141$137 ($add).
Removed top 31 bits (of 32) from port Y of cell fft_wrapper.$flatten\u_s3.$add$/openlane/designs/FFT/src/sdf_stage.v:141$137 ($add).
Removed top 30 bits (of 32) from port B of cell fft_wrapper.$flatten\u_s3.$ge$/openlane/designs/FFT/src/sdf_stage.v:53$111 ($ge).
Removed top 30 bits (of 32) from mux cell fft_wrapper.$flatten\u_s4.$ternary$/openlane/designs/FFT/src/sdf_stage.v:142$97 ($mux).
Removed top 31 bits (of 32) from port B of cell fft_wrapper.$flatten\u_s4.$add$/openlane/designs/FFT/src/sdf_stage.v:142$96 ($add).
Removed top 30 bits (of 32) from port Y of cell fft_wrapper.$flatten\u_s4.$add$/openlane/designs/FFT/src/sdf_stage.v:142$96 ($add).
Removed top 1 bits (of 2) from port B of cell fft_wrapper.$flatten\u_s4.$eq$/openlane/designs/FFT/src/sdf_stage.v:142$95 ($eq).
Removed top 31 bits (of 32) from mux cell fft_wrapper.$flatten\u_s4.$ternary$/openlane/designs/FFT/src/sdf_stage.v:141$94 ($mux).
Removed top 31 bits (of 32) from port B of cell fft_wrapper.$flatten\u_s4.$add$/openlane/designs/FFT/src/sdf_stage.v:141$93 ($add).
Removed top 31 bits (of 32) from port Y of cell fft_wrapper.$flatten\u_s4.$add$/openlane/designs/FFT/src/sdf_stage.v:141$93 ($add).
Removed top 31 bits (of 32) from port B of cell fft_wrapper.$flatten\u_s4.$ge$/openlane/designs/FFT/src/sdf_stage.v:53$67 ($ge).
Removed top 3 bits (of 33) from port Y of cell fft_wrapper.$flatten\u_s1.\g_mult.u_mul.$sub$/openlane/designs/FFT/src/cmult.v:28$249 ($sub).
Removed top 2 bits (of 32) from port A of cell fft_wrapper.$flatten\u_s1.\g_mult.u_mul.$sub$/openlane/designs/FFT/src/cmult.v:28$249 ($sub).
Removed top 2 bits (of 32) from port B of cell fft_wrapper.$flatten\u_s1.\g_mult.u_mul.$sub$/openlane/designs/FFT/src/cmult.v:28$249 ($sub).
Removed top 3 bits (of 33) from port Y of cell fft_wrapper.$flatten\u_s1.\g_mult.u_mul.$add$/openlane/designs/FFT/src/cmult.v:29$250 ($add).
Removed top 2 bits (of 32) from port A of cell fft_wrapper.$flatten\u_s1.\g_mult.u_mul.$add$/openlane/designs/FFT/src/cmult.v:29$250 ($add).
Removed top 2 bits (of 32) from port B of cell fft_wrapper.$flatten\u_s1.\g_mult.u_mul.$add$/openlane/designs/FFT/src/cmult.v:29$250 ($add).
Removed top 3 bits (of 33) from port Y of cell fft_wrapper.$flatten\u_s2.\g_mult.u_mul.$sub$/openlane/designs/FFT/src/cmult.v:28$249 ($sub).
Removed top 2 bits (of 32) from port A of cell fft_wrapper.$flatten\u_s2.\g_mult.u_mul.$sub$/openlane/designs/FFT/src/cmult.v:28$249 ($sub).
Removed top 2 bits (of 32) from port B of cell fft_wrapper.$flatten\u_s2.\g_mult.u_mul.$sub$/openlane/designs/FFT/src/cmult.v:28$249 ($sub).
Removed top 3 bits (of 33) from port Y of cell fft_wrapper.$flatten\u_s2.\g_mult.u_mul.$add$/openlane/designs/FFT/src/cmult.v:29$250 ($add).
Removed top 2 bits (of 32) from port A of cell fft_wrapper.$flatten\u_s2.\g_mult.u_mul.$add$/openlane/designs/FFT/src/cmult.v:29$250 ($add).
Removed top 2 bits (of 32) from port B of cell fft_wrapper.$flatten\u_s2.\g_mult.u_mul.$add$/openlane/designs/FFT/src/cmult.v:29$250 ($add).
Removed top 2 bits (of 32) from port Y of cell fft_wrapper.$flatten\u_s1.\g_mult.u_mul.$mul$/openlane/designs/FFT/src/cmult.v:23$246 ($mul).
Removed top 2 bits (of 32) from port Y of cell fft_wrapper.$flatten\u_s1.\g_mult.u_mul.$mul$/openlane/designs/FFT/src/cmult.v:24$247 ($mul).
Removed top 2 bits (of 32) from port Y of cell fft_wrapper.$flatten\u_s1.\g_mult.u_mul.$mul$/openlane/designs/FFT/src/cmult.v:25$248 ($mul).
Removed top 2 bits (of 32) from port Y of cell fft_wrapper.$flatten\u_s1.\g_mult.u_mul.$mul$/openlane/designs/FFT/src/cmult.v:22$245 ($mul).
Removed top 2 bits (of 32) from port Y of cell fft_wrapper.$flatten\u_s2.\g_mult.u_mul.$mul$/openlane/designs/FFT/src/cmult.v:23$246 ($mul).
Removed top 2 bits (of 32) from port Y of cell fft_wrapper.$flatten\u_s2.\g_mult.u_mul.$mul$/openlane/designs/FFT/src/cmult.v:24$247 ($mul).
Removed top 2 bits (of 32) from port Y of cell fft_wrapper.$flatten\u_s2.\g_mult.u_mul.$mul$/openlane/designs/FFT/src/cmult.v:25$248 ($mul).
Removed top 2 bits (of 32) from port Y of cell fft_wrapper.$flatten\u_s2.\g_mult.u_mul.$mul$/openlane/designs/FFT/src/cmult.v:22$245 ($mul).
Removed top 29 bits (of 32) from wire fft_wrapper.$flatten\u_s1.$add$/openlane/designs/FFT/src/sdf_stage.v:141$229_Y.
Removed top 28 bits (of 32) from wire fft_wrapper.$flatten\u_s1.$add$/openlane/designs/FFT/src/sdf_stage.v:142$232_Y.
Removed top 3 bits (of 33) from wire fft_wrapper.$flatten\u_s1.\g_mult.u_mul.$add$/openlane/designs/FFT/src/cmult.v:35$251_Y.
Removed top 3 bits (of 33) from wire fft_wrapper.$flatten\u_s1.\g_mult.u_mul.$add$/openlane/designs/FFT/src/cmult.v:36$253_Y.
Removed top 30 bits (of 32) from wire fft_wrapper.$flatten\u_s2.$add$/openlane/designs/FFT/src/sdf_stage.v:141$182_Y.
Removed top 29 bits (of 32) from wire fft_wrapper.$flatten\u_s2.$add$/openlane/designs/FFT/src/sdf_stage.v:142$185_Y.
Removed top 2 bits (of 16) from wire fft_wrapper.$flatten\u_s2.$neg$/openlane/designs/FFT/src/sdf_stage.v:107$189_Y.
Removed top 2 bits (of 16) from wire fft_wrapper.$flatten\u_s2.$ternary$/openlane/designs/FFT/src/sdf_stage.v:107$190_Y.
Removed top 3 bits (of 33) from wire fft_wrapper.$flatten\u_s2.\g_mult.u_mul.$add$/openlane/designs/FFT/src/cmult.v:35$251_Y.
Removed top 3 bits (of 33) from wire fft_wrapper.$flatten\u_s2.\g_mult.u_mul.$add$/openlane/designs/FFT/src/cmult.v:36$253_Y.
Removed top 31 bits (of 32) from wire fft_wrapper.$flatten\u_s3.$add$/openlane/designs/FFT/src/sdf_stage.v:141$137_Y.
Removed top 30 bits (of 32) from wire fft_wrapper.$flatten\u_s3.$add$/openlane/designs/FFT/src/sdf_stage.v:142$140_Y.
Removed top 31 bits (of 32) from wire fft_wrapper.$flatten\u_s4.$add$/openlane/designs/FFT/src/sdf_stage.v:141$93_Y.
Removed top 30 bits (of 32) from wire fft_wrapper.$flatten\u_s4.$add$/openlane/designs/FFT/src/sdf_stage.v:142$96_Y.
Removed top 31 bits (of 32) from wire fft_wrapper.$flatten\u_s4.$ternary$/openlane/designs/FFT/src/sdf_stage.v:141$94_Y.
Removed top 14 bits (of 16) from wire fft_wrapper.s2_out_re.

30. Executing PEEPOPT pass (run peephole optimizers).

31. Executing OPT_CLEAN pass (remove unused cells and wires).
Finding unused cells or wires in module \fft_wrapper..
Removed 0 unused cells and 16 unused wires.
<suppressed ~1 debug messages>

32. Executing ALUMACC pass (create $alu and $macc cells).
Extracting $alu and $macc cells in module fft_wrapper:
  creating $macc model for $flatten\u_s1.$add$/openlane/designs/FFT/src/sdf_stage.v:141$229 ($add).
  creating $macc model for $flatten\u_s1.$add$/openlane/designs/FFT/src/sdf_stage.v:142$232 ($add).
  creating $macc model for $flatten\u_s1.$neg$/openlane/designs/FFT/src/sdf_stage.v:107$236 ($neg).
  creating $macc model for $flatten\u_s1.\g_mult.u_mul.$add$/openlane/designs/FFT/src/cmult.v:29$250 ($add).
  creating $macc model for $flatten\u_s1.\g_mult.u_mul.$add$/openlane/designs/FFT/src/cmult.v:35$251 ($add).
  creating $macc model for $flatten\u_s1.\g_mult.u_mul.$add$/openlane/designs/FFT/src/cmult.v:36$253 ($add).
  creating $macc model for $flatten\u_s1.\g_mult.u_mul.$mul$/openlane/designs/FFT/src/cmult.v:22$245 ($mul).
  creating $macc model for $flatten\u_s1.\g_mult.u_mul.$mul$/openlane/designs/FFT/src/cmult.v:23$246 ($mul).
  creating $macc model for $flatten\u_s1.\g_mult.u_mul.$mul$/openlane/designs/FFT/src/cmult.v:24$247 ($mul).
  creating $macc model for $flatten\u_s1.\g_mult.u_mul.$mul$/openlane/designs/FFT/src/cmult.v:25$248 ($mul).
  creating $macc model for $flatten\u_s1.\g_mult.u_mul.$sub$/openlane/designs/FFT/src/cmult.v:28$249 ($sub).
  creating $macc model for $flatten\u_s1.\u_bf.$add$/openlane/designs/FFT/src/butterfly.v:18$255 ($add).
  creating $macc model for $flatten\u_s1.\u_bf.$add$/openlane/designs/FFT/src/butterfly.v:19$256 ($add).
  creating $macc model for $flatten\u_s1.\u_bf.$sub$/openlane/designs/FFT/src/butterfly.v:20$257 ($sub).
  creating $macc model for $flatten\u_s1.\u_bf.$sub$/openlane/designs/FFT/src/butterfly.v:21$258 ($sub).
  creating $macc model for $flatten\u_s2.$add$/openlane/designs/FFT/src/sdf_stage.v:141$182 ($add).
  creating $macc model for $flatten\u_s2.$add$/openlane/designs/FFT/src/sdf_stage.v:142$185 ($add).
  creating $macc model for $flatten\u_s2.$neg$/openlane/designs/FFT/src/sdf_stage.v:107$189 ($neg).
  creating $macc model for $flatten\u_s2.\g_mult.u_mul.$add$/openlane/designs/FFT/src/cmult.v:29$250 ($add).
  creating $macc model for $flatten\u_s2.\g_mult.u_mul.$add$/openlane/designs/FFT/src/cmult.v:35$251 ($add).
  creating $macc model for $flatten\u_s2.\g_mult.u_mul.$add$/openlane/designs/FFT/src/cmult.v:36$253 ($add).
  creating $macc model for $flatten\u_s2.\g_mult.u_mul.$mul$/openlane/designs/FFT/src/cmult.v:22$245 ($mul).
  creating $macc model for $flatten\u_s2.\g_mult.u_mul.$mul$/openlane/designs/FFT/src/cmult.v:23$246 ($mul).
  creating $macc model for $flatten\u_s2.\g_mult.u_mul.$mul$/openlane/designs/FFT/src/cmult.v:24$247 ($mul).
  creating $macc model for $flatten\u_s2.\g_mult.u_mul.$mul$/openlane/designs/FFT/src/cmult.v:25$248 ($mul).
  creating $macc model for $flatten\u_s2.\g_mult.u_mul.$sub$/openlane/designs/FFT/src/cmult.v:28$249 ($sub).
  creating $macc model for $flatten\u_s2.\u_bf.$add$/openlane/designs/FFT/src/butterfly.v:18$255 ($add).
  creating $macc model for $flatten\u_s2.\u_bf.$add$/openlane/designs/FFT/src/butterfly.v:19$256 ($add).
  creating $macc model for $flatten\u_s2.\u_bf.$sub$/openlane/designs/FFT/src/butterfly.v:20$257 ($sub).
  creating $macc model for $flatten\u_s2.\u_bf.$sub$/openlane/designs/FFT/src/butterfly.v:21$258 ($sub).
  creating $macc model for $flatten\u_s3.$add$/openlane/designs/FFT/src/sdf_stage.v:141$137 ($add).
  creating $macc model for $flatten\u_s3.$add$/openlane/designs/FFT/src/sdf_stage.v:142$140 ($add).
  creating $macc model for $flatten\u_s3.$neg$/openlane/designs/FFT/src/sdf_stage.v:112$143 ($neg).
  creating $macc model for $flatten\u_s3.\u_bf.$add$/openlane/designs/FFT/src/butterfly.v:18$255 ($add).
  creating $macc model for $flatten\u_s3.\u_bf.$add$/openlane/designs/FFT/src/butterfly.v:19$256 ($add).
  creating $macc model for $flatten\u_s3.\u_bf.$sub$/openlane/designs/FFT/src/butterfly.v:20$257 ($sub).
  creating $macc model for $flatten\u_s3.\u_bf.$sub$/openlane/designs/FFT/src/butterfly.v:21$258 ($sub).
  creating $macc model for $flatten\u_s4.$add$/openlane/designs/FFT/src/sdf_stage.v:141$93 ($add).
  creating $macc model for $flatten\u_s4.$add$/openlane/designs/FFT/src/sdf_stage.v:142$96 ($add).
  creating $macc model for $flatten\u_s4.\u_bf.$add$/openlane/designs/FFT/src/butterfly.v:18$255 ($add).
  creating $macc model for $flatten\u_s4.\u_bf.$add$/openlane/designs/FFT/src/butterfly.v:19$256 ($add).
  creating $macc model for $flatten\u_s4.\u_bf.$sub$/openlane/designs/FFT/src/butterfly.v:20$257 ($sub).
  creating $macc model for $flatten\u_s4.\u_bf.$sub$/openlane/designs/FFT/src/butterfly.v:21$258 ($sub).
  merging $macc model for $flatten\u_s2.\g_mult.u_mul.$mul$/openlane/designs/FFT/src/cmult.v:22$245 into $flatten\u_s2.\g_mult.u_mul.$sub$/openlane/designs/FFT/src/cmult.v:28$249.
  merging $macc model for $flatten\u_s2.\g_mult.u_mul.$mul$/openlane/designs/FFT/src/cmult.v:23$246 into $flatten\u_s2.\g_mult.u_mul.$sub$/openlane/designs/FFT/src/cmult.v:28$249.
  merging $macc model for $flatten\u_s2.\g_mult.u_mul.$add$/openlane/designs/FFT/src/cmult.v:29$250 into $flatten\u_s2.\g_mult.u_mul.$add$/openlane/designs/FFT/src/cmult.v:36$253.
  merging $macc model for $flatten\u_s2.\g_mult.u_mul.$mul$/openlane/designs/FFT/src/cmult.v:24$247 into $flatten\u_s2.\g_mult.u_mul.$add$/openlane/designs/FFT/src/cmult.v:36$253.
  merging $macc model for $flatten\u_s2.\g_mult.u_mul.$mul$/openlane/designs/FFT/src/cmult.v:25$248 into $flatten\u_s2.\g_mult.u_mul.$add$/openlane/designs/FFT/src/cmult.v:36$253.
  merging $macc model for $flatten\u_s2.\g_mult.u_mul.$sub$/openlane/designs/FFT/src/cmult.v:28$249 into $flatten\u_s2.\g_mult.u_mul.$add$/openlane/designs/FFT/src/cmult.v:35$251.
  merging $macc model for $flatten\u_s1.\g_mult.u_mul.$mul$/openlane/designs/FFT/src/cmult.v:22$245 into $flatten\u_s1.\g_mult.u_mul.$sub$/openlane/designs/FFT/src/cmult.v:28$249.
  merging $macc model for $flatten\u_s1.\g_mult.u_mul.$mul$/openlane/designs/FFT/src/cmult.v:23$246 into $flatten\u_s1.\g_mult.u_mul.$sub$/openlane/designs/FFT/src/cmult.v:28$249.
  merging $macc model for $flatten\u_s1.\g_mult.u_mul.$add$/openlane/designs/FFT/src/cmult.v:29$250 into $flatten\u_s1.\g_mult.u_mul.$add$/openlane/designs/FFT/src/cmult.v:36$253.
  merging $macc model for $flatten\u_s1.\g_mult.u_mul.$mul$/openlane/designs/FFT/src/cmult.v:24$247 into $flatten\u_s1.\g_mult.u_mul.$add$/openlane/designs/FFT/src/cmult.v:36$253.
  merging $macc model for $flatten\u_s1.\g_mult.u_mul.$mul$/openlane/designs/FFT/src/cmult.v:25$248 into $flatten\u_s1.\g_mult.u_mul.$add$/openlane/designs/FFT/src/cmult.v:36$253.
  merging $macc model for $flatten\u_s1.\g_mult.u_mul.$sub$/openlane/designs/FFT/src/cmult.v:28$249 into $flatten\u_s1.\g_mult.u_mul.$add$/openlane/designs/FFT/src/cmult.v:35$251.
  creating $alu model for $macc $flatten\u_s3.$add$/openlane/designs/FFT/src/sdf_stage.v:141$137.
  creating $alu model for $macc $flatten\u_s2.\u_bf.$sub$/openlane/designs/FFT/src/butterfly.v:21$258.
  creating $alu model for $macc $flatten\u_s2.\u_bf.$sub$/openlane/designs/FFT/src/butterfly.v:20$257.
  creating $alu model for $macc $flatten\u_s2.\u_bf.$add$/openlane/designs/FFT/src/butterfly.v:19$256.
  creating $alu model for $macc $flatten\u_s2.\u_bf.$add$/openlane/designs/FFT/src/butterfly.v:18$255.
  creating $alu model for $macc $flatten\u_s3.\u_bf.$sub$/openlane/designs/FFT/src/butterfly.v:21$258.
  creating $alu model for $macc $flatten\u_s3.\u_bf.$sub$/openlane/designs/FFT/src/butterfly.v:20$257.
  creating $alu model for $macc $flatten\u_s3.\u_bf.$add$/openlane/designs/FFT/src/butterfly.v:19$256.
  creating $alu model for $macc $flatten\u_s3.$neg$/openlane/designs/FFT/src/sdf_stage.v:112$143.
  creating $alu model for $macc $flatten\u_s3.$add$/openlane/designs/FFT/src/sdf_stage.v:142$140.
  creating $alu model for $macc $flatten\u_s3.\u_bf.$add$/openlane/designs/FFT/src/butterfly.v:18$255.
  creating $alu model for $macc $flatten\u_s2.$neg$/openlane/designs/FFT/src/sdf_stage.v:107$189.
  creating $alu model for $macc $flatten\u_s2.$add$/openlane/designs/FFT/src/sdf_stage.v:142$185.
  creating $alu model for $macc $flatten\u_s2.$add$/openlane/designs/FFT/src/sdf_stage.v:141$182.
  creating $alu model for $macc $flatten\u_s1.\u_bf.$sub$/openlane/designs/FFT/src/butterfly.v:21$258.
  creating $alu model for $macc $flatten\u_s1.\u_bf.$sub$/openlane/designs/FFT/src/butterfly.v:20$257.
  creating $alu model for $macc $flatten\u_s1.\u_bf.$add$/openlane/designs/FFT/src/butterfly.v:19$256.
  creating $alu model for $macc $flatten\u_s1.\u_bf.$add$/openlane/designs/FFT/src/butterfly.v:18$255.
  creating $alu model for $macc $flatten\u_s4.\u_bf.$sub$/openlane/designs/FFT/src/butterfly.v:21$258.
  creating $alu model for $macc $flatten\u_s4.\u_bf.$sub$/openlane/designs/FFT/src/butterfly.v:20$257.
  creating $alu model for $macc $flatten\u_s4.\u_bf.$add$/openlane/designs/FFT/src/butterfly.v:19$256.
  creating $alu model for $macc $flatten\u_s4.$add$/openlane/designs/FFT/src/sdf_stage.v:142$96.
  creating $alu model for $macc $flatten\u_s4.$add$/openlane/designs/FFT/src/sdf_stage.v:141$93.
  creating $alu model for $macc $flatten\u_s4.\u_bf.$add$/openlane/designs/FFT/src/butterfly.v:18$255.
  creating $alu model for $macc $flatten\u_s1.$neg$/openlane/designs/FFT/src/sdf_stage.v:107$236.
  creating $alu model for $macc $flatten\u_s1.$add$/openlane/designs/FFT/src/sdf_stage.v:142$232.
  creating $alu model for $macc $flatten\u_s1.$add$/openlane/designs/FFT/src/sdf_stage.v:141$229.
  creating $macc cell for $flatten\u_s2.\g_mult.u_mul.$add$/openlane/designs/FFT/src/cmult.v:35$251: $auto$alumacc.cc:365:replace_macc$788
  creating $macc cell for $flatten\u_s2.\g_mult.u_mul.$add$/openlane/designs/FFT/src/cmult.v:36$253: $auto$alumacc.cc:365:replace_macc$789
  creating $macc cell for $flatten\u_s1.\g_mult.u_mul.$add$/openlane/designs/FFT/src/cmult.v:36$253: $auto$alumacc.cc:365:replace_macc$790
  creating $macc cell for $flatten\u_s1.\g_mult.u_mul.$add$/openlane/designs/FFT/src/cmult.v:35$251: $auto$alumacc.cc:365:replace_macc$791
  creating $alu model for $flatten\u_s1.$ge$/openlane/designs/FFT/src/sdf_stage.v:53$203 ($ge): new $alu
  creating $alu model for $flatten\u_s2.$ge$/openlane/designs/FFT/src/sdf_stage.v:53$156 ($ge): new $alu
  creating $alu model for $flatten\u_s3.$ge$/openlane/designs/FFT/src/sdf_stage.v:53$111 ($ge): new $alu
  creating $alu model for $flatten\u_s4.$ge$/openlane/designs/FFT/src/sdf_stage.v:53$67 ($ge): new $alu
  creating $alu model for $flatten\u_s4.$eq$/openlane/designs/FFT/src/sdf_stage.v:142$95 ($eq): merged with $flatten\u_s4.$ge$/openlane/designs/FFT/src/sdf_stage.v:53$67.
  creating $alu cell for $flatten\u_s3.$ge$/openlane/designs/FFT/src/sdf_stage.v:53$111: $auto$alumacc.cc:485:replace_alu$796
  creating $alu cell for $flatten\u_s2.$ge$/openlane/designs/FFT/src/sdf_stage.v:53$156: $auto$alumacc.cc:485:replace_alu$805
  creating $alu cell for $flatten\u_s1.$ge$/openlane/designs/FFT/src/sdf_stage.v:53$203: $auto$alumacc.cc:485:replace_alu$818
  creating $alu cell for $flatten\u_s1.$add$/openlane/designs/FFT/src/sdf_stage.v:141$229: $auto$alumacc.cc:485:replace_alu$831
  creating $alu cell for $flatten\u_s1.$add$/openlane/designs/FFT/src/sdf_stage.v:142$232: $auto$alumacc.cc:485:replace_alu$834
  creating $alu cell for $flatten\u_s1.$neg$/openlane/designs/FFT/src/sdf_stage.v:107$236: $auto$alumacc.cc:485:replace_alu$837
  creating $alu cell for $flatten\u_s4.$add$/openlane/designs/FFT/src/sdf_stage.v:141$93: $auto$alumacc.cc:485:replace_alu$840
  creating $alu cell for $flatten\u_s4.$ge$/openlane/designs/FFT/src/sdf_stage.v:53$67, $flatten\u_s4.$eq$/openlane/designs/FFT/src/sdf_stage.v:142$95: $auto$alumacc.cc:485:replace_alu$843
  creating $alu cell for $flatten\u_s4.$add$/openlane/designs/FFT/src/sdf_stage.v:142$96: $auto$alumacc.cc:485:replace_alu$852
  creating $alu cell for $flatten\u_s4.\u_bf.$add$/openlane/designs/FFT/src/butterfly.v:18$255: $auto$alumacc.cc:485:replace_alu$855
  creating $alu cell for $flatten\u_s4.\u_bf.$sub$/openlane/designs/FFT/src/butterfly.v:20$257: $auto$alumacc.cc:485:replace_alu$858
  creating $alu cell for $flatten\u_s4.\u_bf.$add$/openlane/designs/FFT/src/butterfly.v:19$256: $auto$alumacc.cc:485:replace_alu$861
  creating $alu cell for $flatten\u_s4.\u_bf.$sub$/openlane/designs/FFT/src/butterfly.v:21$258: $auto$alumacc.cc:485:replace_alu$864
  creating $alu cell for $flatten\u_s1.\u_bf.$add$/openlane/designs/FFT/src/butterfly.v:18$255: $auto$alumacc.cc:485:replace_alu$867
  creating $alu cell for $flatten\u_s1.\u_bf.$sub$/openlane/designs/FFT/src/butterfly.v:20$257: $auto$alumacc.cc:485:replace_alu$870
  creating $alu cell for $flatten\u_s1.\u_bf.$add$/openlane/designs/FFT/src/butterfly.v:19$256: $auto$alumacc.cc:485:replace_alu$873
  creating $alu cell for $flatten\u_s1.\u_bf.$sub$/openlane/designs/FFT/src/butterfly.v:21$258: $auto$alumacc.cc:485:replace_alu$876
  creating $alu cell for $flatten\u_s2.$add$/openlane/designs/FFT/src/sdf_stage.v:141$182: $auto$alumacc.cc:485:replace_alu$879
  creating $alu cell for $flatten\u_s2.$add$/openlane/designs/FFT/src/sdf_stage.v:142$185: $auto$alumacc.cc:485:replace_alu$882
  creating $alu cell for $flatten\u_s2.$neg$/openlane/designs/FFT/src/sdf_stage.v:107$189: $auto$alumacc.cc:485:replace_alu$885
  creating $alu cell for $flatten\u_s3.\u_bf.$add$/openlane/designs/FFT/src/butterfly.v:18$255: $auto$alumacc.cc:485:replace_alu$888
  creating $alu cell for $flatten\u_s3.$add$/openlane/designs/FFT/src/sdf_stage.v:142$140: $auto$alumacc.cc:485:replace_alu$891
  creating $alu cell for $flatten\u_s3.$neg$/openlane/designs/FFT/src/sdf_stage.v:112$143: $auto$alumacc.cc:485:replace_alu$894
  creating $alu cell for $flatten\u_s3.\u_bf.$add$/openlane/designs/FFT/src/butterfly.v:19$256: $auto$alumacc.cc:485:replace_alu$897
  creating $alu cell for $flatten\u_s3.\u_bf.$sub$/openlane/designs/FFT/src/butterfly.v:20$257: $auto$alumacc.cc:485:replace_alu$900
  creating $alu cell for $flatten\u_s3.\u_bf.$sub$/openlane/designs/FFT/src/butterfly.v:21$258: $auto$alumacc.cc:485:replace_alu$903
  creating $alu cell for $flatten\u_s2.\u_bf.$add$/openlane/designs/FFT/src/butterfly.v:18$255: $auto$alumacc.cc:485:replace_alu$906
  creating $alu cell for $flatten\u_s2.\u_bf.$add$/openlane/designs/FFT/src/butterfly.v:19$256: $auto$alumacc.cc:485:replace_alu$909
  creating $alu cell for $flatten\u_s2.\u_bf.$sub$/openlane/designs/FFT/src/butterfly.v:20$257: $auto$alumacc.cc:485:replace_alu$912
  creating $alu cell for $flatten\u_s2.\u_bf.$sub$/openlane/designs/FFT/src/butterfly.v:21$258: $auto$alumacc.cc:485:replace_alu$915
  creating $alu cell for $flatten\u_s3.$add$/openlane/designs/FFT/src/sdf_stage.v:141$137: $auto$alumacc.cc:485:replace_alu$918
  created 31 $alu and 4 $macc cells.

33. Executing SHARE pass (SAT-based resource sharing).
Found 9 cells in module fft_wrapper that may be considered for resource sharing.
  Analyzing resource sharing options for $flatten\u_s2.\g_mult.u_mul.$mul$/openlane/designs/FFT/src/cmult.v:25$248 ($mul):
    Found cell that is never activated: $flatten\u_s2.\g_mult.u_mul.$add$/openlane/designs/FFT/src/cmult.v:29$250
    Found cell that is never activated: $flatten\u_s2.\g_mult.u_mul.$mul$/openlane/designs/FFT/src/cmult.v:25$248
    Cell is never active. Sharing is pointless, we simply remove it.
  Analyzing resource sharing options for $flatten\u_s2.\g_mult.u_mul.$mul$/openlane/designs/FFT/src/cmult.v:24$247 ($mul):
    Found cell that is never activated: $flatten\u_s2.\g_mult.u_mul.$mul$/openlane/designs/FFT/src/cmult.v:24$247
    Cell is never active. Sharing is pointless, we simply remove it.
  Analyzing resource sharing options for $flatten\u_s2.\g_mult.u_mul.$mul$/openlane/designs/FFT/src/cmult.v:23$246 ($mul):
    Found cell that is never activated: $flatten\u_s2.\g_mult.u_mul.$sub$/openlane/designs/FFT/src/cmult.v:28$249
    Found cell that is never activated: $flatten\u_s2.\g_mult.u_mul.$mul$/openlane/designs/FFT/src/cmult.v:23$246
    Cell is never active. Sharing is pointless, we simply remove it.
  Analyzing resource sharing options for $flatten\u_s2.\g_mult.u_mul.$mul$/openlane/designs/FFT/src/cmult.v:22$245 ($mul):
    Found cell that is never activated: $flatten\u_s2.\g_mult.u_mul.$mul$/openlane/designs/FFT/src/cmult.v:22$245
    Cell is never active. Sharing is pointless, we simply remove it.
  Analyzing resource sharing options for $flatten\u_s1.\g_mult.u_mul.$mul$/openlane/designs/FFT/src/cmult.v:25$248 ($mul):
    Found cell that is never activated: $flatten\u_s1.\g_mult.u_mul.$add$/openlane/designs/FFT/src/cmult.v:29$250
    Found cell that is never activated: $flatten\u_s1.\g_mult.u_mul.$mul$/openlane/designs/FFT/src/cmult.v:25$248
    Cell is never active. Sharing is pointless, we simply remove it.
  Analyzing resource sharing options for $flatten\u_s1.\g_mult.u_mul.$mul$/openlane/designs/FFT/src/cmult.v:24$247 ($mul):
    Found cell that is never activated: $flatten\u_s1.\g_mult.u_mul.$mul$/openlane/designs/FFT/src/cmult.v:24$247
    Cell is never active. Sharing is pointless, we simply remove it.
  Analyzing resource sharing options for $flatten\u_s1.\g_mult.u_mul.$mul$/openlane/designs/FFT/src/cmult.v:23$246 ($mul):
    Found cell that is never activated: $flatten\u_s1.\g_mult.u_mul.$sub$/openlane/designs/FFT/src/cmult.v:28$249
    Found cell that is never activated: $flatten\u_s1.\g_mult.u_mul.$mul$/openlane/designs/FFT/src/cmult.v:23$246
    Cell is never active. Sharing is pointless, we simply remove it.
  Analyzing resource sharing options for $flatten\u_s1.\g_mult.u_mul.$mul$/openlane/designs/FFT/src/cmult.v:22$245 ($mul):
    Found cell that is never activated: $flatten\u_s1.\g_mult.u_mul.$mul$/openlane/designs/FFT/src/cmult.v:22$245
    Cell is never active. Sharing is pointless, we simply remove it.
  Analyzing resource sharing options for $flatten\u_rom1.$auto$mem.cc:273:emit$261 ($memrd_v2):
    Found 1 activation_patterns using ctrl signal { \u_s1.twiddle_is_one \u_s1.twiddle_is_neg_j $auto$rtlil.cc:2403:ReduceOr$830 }.
    No candidates found.
Removing 12 cells in module fft_wrapper:
  Removing cell $flatten\u_s1.\g_mult.u_mul.$mul$/openlane/designs/FFT/src/cmult.v:22$245 ($mul).
  Removing cell $flatten\u_s1.\g_mult.u_mul.$mul$/openlane/designs/FFT/src/cmult.v:23$246 ($mul).
  Removing cell $flatten\u_s1.\g_mult.u_mul.$sub$/openlane/designs/FFT/src/cmult.v:28$249 ($sub).
  Removing cell $flatten\u_s1.\g_mult.u_mul.$mul$/openlane/designs/FFT/src/cmult.v:24$247 ($mul).
  Removing cell $flatten\u_s1.\g_mult.u_mul.$mul$/openlane/designs/FFT/src/cmult.v:25$248 ($mul).
  Removing cell $flatten\u_s1.\g_mult.u_mul.$add$/openlane/designs/FFT/src/cmult.v:29$250 ($add).
  Removing cell $flatten\u_s2.\g_mult.u_mul.$mul$/openlane/designs/FFT/src/cmult.v:22$245 ($mul).
  Removing cell $flatten\u_s2.\g_mult.u_mul.$mul$/openlane/designs/FFT/src/cmult.v:23$246 ($mul).
  Removing cell $flatten\u_s2.\g_mult.u_mul.$sub$/openlane/designs/FFT/src/cmult.v:28$249 ($sub).
  Removing cell $flatten\u_s2.\g_mult.u_mul.$mul$/openlane/designs/FFT/src/cmult.v:24$247 ($mul).
  Removing cell $flatten\u_s2.\g_mult.u_mul.$mul$/openlane/designs/FFT/src/cmult.v:25$248 ($mul).
  Removing cell $flatten\u_s2.\g_mult.u_mul.$add$/openlane/designs/FFT/src/cmult.v:29$250 ($add).

34. Executing OPT pass (performing simple optimizations).

34.1. Executing OPT_EXPR pass (perform const folding).
Optimizing module fft_wrapper.

34.2. Executing OPT_MERGE pass (detect identical cells).
Finding identical cells in module `\fft_wrapper'.
Removed a total of 0 cells.

34.3. Executing OPT_MUXTREE pass (detect dead branches in mux trees).
Running muxtree optimizer on module \fft_wrapper..
  Creating internal representation of mux trees.
  Evaluating internal representation of mux trees.
  Analyzing evaluation results.
Removed 0 multiplexer ports.
<suppressed ~34 debug messages>

34.4. Executing OPT_REDUCE pass (consolidate $*mux and $reduce_* inputs).
  Optimizing cells in module \fft_wrapper.
Performed a total of 0 changes.

34.5. Executing OPT_MERGE pass (detect identical cells).
Finding identical cells in module `\fft_wrapper'.
Removed a total of 0 cells.

34.6. Executing OPT_DFF pass (perform DFF optimizations).

34.7. Executing OPT_CLEAN pass (remove unused cells and wires).
Finding unused cells or wires in module \fft_wrapper..
Removed 0 unused cells and 5 unused wires.
<suppressed ~1 debug messages>

34.8. Executing OPT_EXPR pass (perform const folding).
Optimizing module fft_wrapper.

34.9. Rerunning OPT passes. (Maybe there is more to do..)

34.10. Executing OPT_MUXTREE pass (detect dead branches in mux trees).
Running muxtree optimizer on module \fft_wrapper..
  Creating internal representation of mux trees.
  Evaluating internal representation of mux trees.
  Analyzing evaluation results.
Removed 0 multiplexer ports.
<suppressed ~34 debug messages>

34.11. Executing OPT_REDUCE pass (consolidate $*mux and $reduce_* inputs).
  Optimizing cells in module \fft_wrapper.
Performed a total of 0 changes.

34.12. Executing OPT_MERGE pass (detect identical cells).
Finding identical cells in module `\fft_wrapper'.
Removed a total of 0 cells.

34.13. Executing OPT_DFF pass (perform DFF optimizations).

34.14. Executing OPT_CLEAN pass (remove unused cells and wires).
Finding unused cells or wires in module \fft_wrapper..

34.15. Executing OPT_EXPR pass (perform const folding).
Optimizing module fft_wrapper.

34.16. Finished OPT passes. (There is nothing left to do.)

35. Executing MEMORY pass.

35.1. Executing OPT_MEM pass (optimize memories).
fft_wrapper.$flatten\u_rom1.$auto$proc_rom.cc:150:do_switch$260: removing const-0 lane 27
Performed a total of 1 transformations.

35.2. Executing OPT_MEM_PRIORITY pass (removing unnecessary memory write priority relations).
Performed a total of 0 transformations.

35.3. Executing OPT_MEM_FEEDBACK pass (finding memory read-to-write feedback paths).

35.4. Executing MEMORY_BMUX2ROM pass (converting muxes to ROMs).

35.5. Executing MEMORY_DFF pass (merging $dff cells to $memrd).
Checking read port `$flatten\u_rom1.$auto$proc_rom.cc:150:do_switch$260'[0] in module `\fft_wrapper': no output FF found.
Checking read port address `$flatten\u_rom1.$auto$proc_rom.cc:150:do_switch$260'[0] in module `\fft_wrapper': address FF has async set and/or reset, not supported.

35.6. Executing OPT_CLEAN pass (remove unused cells and wires).
Finding unused cells or wires in module \fft_wrapper..

35.7. Executing MEMORY_SHARE pass (consolidating $memrd/$memwr cells).

35.8. Executing OPT_MEM_WIDEN pass (optimize memories where all ports are wide).
Performed a total of 0 transformations.

35.9. Executing OPT_CLEAN pass (remove unused cells and wires).
Finding unused cells or wires in module \fft_wrapper..

35.10. Executing MEMORY_COLLECT pass (generating $mem cells).

36. Executing OPT_CLEAN pass (remove unused cells and wires).
Finding unused cells or wires in module \fft_wrapper..

37. Executing OPT pass (performing simple optimizations).

37.1. Executing OPT_EXPR pass (perform const folding).
Optimizing module fft_wrapper.
<suppressed ~36 debug messages>

37.2. Executing OPT_MERGE pass (detect identical cells).
Finding identical cells in module `\fft_wrapper'.
Removed a total of 0 cells.

37.3. Executing OPT_DFF pass (perform DFF optimizations).

37.4. Executing OPT_CLEAN pass (remove unused cells and wires).
Finding unused cells or wires in module \fft_wrapper..
Removed 1 unused cells and 6 unused wires.
<suppressed ~2 debug messages>

37.5. Finished fast OPT passes.

38. Executing MEMORY_MAP pass (converting memories to logic and flip-flops).
Mapping memory $flatten\u_rom1.$auto$proc_rom.cc:150:do_switch$260 in module \fft_wrapper:
  created 8 $dff cells and 0 static cells of width 31.
  read interface: 0 $dff and 7 $mux cells.
  write interface: 0 write mux blocks.

39. Executing OPT pass (performing simple optimizations).

39.1. Executing OPT_EXPR pass (perform const folding).
Optimizing module fft_wrapper.

39.2. Executing OPT_MERGE pass (detect identical cells).
Finding identical cells in module `\fft_wrapper'.
Removed a total of 0 cells.

39.3. Executing OPT_MUXTREE pass (detect dead branches in mux trees).
Running muxtree optimizer on module \fft_wrapper..
  Creating internal representation of mux trees.
  Evaluating internal representation of mux trees.
  Analyzing evaluation results.
Removed 0 multiplexer ports.
<suppressed ~32 debug messages>

39.4. Executing OPT_REDUCE pass (consolidate $*mux and $reduce_* inputs).
  Optimizing cells in module \fft_wrapper.
    Consolidated identical input bits for $mux cell $memory$flatten\u_rom1.$auto$proc_rom.cc:150:do_switch$260$rdmux[0][2][2]$950:
      Old ports: A=31'1100000000000000000000000000000, B=31'1100100110111111110011110000010, Y=$memory$flatten\u_rom1.$auto$proc_rom.cc:150:do_switch$260$rdmux[0][1][1]$a$942
      New ports: A=1'0, B=1'1, Y=$memory$flatten\u_rom1.$auto$proc_rom.cc:150:do_switch$260$rdmux[0][1][1]$a$942 [1]
      New connections: { $memory$flatten\u_rom1.$auto$proc_rom.cc:150:do_switch$260$rdmux[0][1][1]$a$942 [30:2] $memory$flatten\u_rom1.$auto$proc_rom.cc:150:do_switch$260$rdmux[0][1][1]$a$942 [0] } = { 4'1100 $memory$flatten\u_rom1.$auto$proc_rom.cc:150:do_switch$260$rdmux[0][1][1]$a$942 [1] 2'00 $memory$flatten\u_rom1.$auto$proc_rom.cc:150:do_switch$260$rdmux[0][1][1]$a$942 [1] $memory$flatten\u_rom1.$auto$proc_rom.cc:150:do_switch$260$rdmux[0][1][1]$a$942 [1] 1'0 $memory$flatten\u_rom1.$auto$proc_rom.cc:150:do_switch$260$rdmux[0][1][1]$a$942 [1] $memory$flatten\u_rom1.$auto$proc_rom.cc:150:do_switch$260$rdmux[0][1][1]$a$942 [1] $memory$flatten\u_rom1.$auto$proc_rom.cc:150:do_switch$260$rdmux[0][1][1]$a$942 [1] $memory$flatten\u_rom1.$auto$proc_rom.cc:150:do_switch$260$rdmux[0][1][1]$a$942 [1] $memory$flatten\u_rom1.$auto$proc_rom.cc:150:do_switch$260$rdmux[0][1][1]$a$942 [1] $memory$flatten\u_rom1.$auto$proc_rom.cc:150:do_switch$260$rdmux[0][1][1]$a$942 [1] $memory$flatten\u_rom1.$auto$proc_rom.cc:150:do_switch$260$rdmux[0][1][1]$a$942 [1] $memory$flatten\u_rom1.$auto$proc_rom.cc:150:do_switch$260$rdmux[0][1][1]$a$942 [1] 2'00 $memory$flatten\u_rom1.$auto$proc_rom.cc:150:do_switch$260$rdmux[0][1][1]$a$942 [1] $memory$flatten\u_rom1.$auto$proc_rom.cc:150:do_switch$260$rdmux[0][1][1]$a$942 [1] $memory$flatten\u_rom1.$auto$proc_rom.cc:150:do_switch$260$rdmux[0][1][1]$a$942 [1] $memory$flatten\u_rom1.$auto$proc_rom.cc:150:do_switch$260$rdmux[0][1][1]$a$942 [1] 6'000000 }
    Consolidated identical input bits for $mux cell $memory$flatten\u_rom1.$auto$proc_rom.cc:150:do_switch$260$rdmux[0][2][1]$947:
      Old ports: A=31'1101010101111110010110101000001, B=31'1100100110111110001100001111110, Y=$memory$flatten\u_rom1.$auto$proc_rom.cc:150:do_switch$260$rdmux[0][1][0]$b$940
      New ports: A=2'01, B=2'10, Y=$memory$flatten\u_rom1.$auto$proc_rom.cc:150:do_switch$260$rdmux[0][1][0]$b$940 [1:0]
      New connections: $memory$flatten\u_rom1.$auto$proc_rom.cc:150:do_switch$260$rdmux[0][1][0]$b$940 [30:2] = { 3'110 $memory$flatten\u_rom1.$auto$proc_rom.cc:150:do_switch$260$rdmux[0][1][0]$b$940 [0] $memory$flatten\u_rom1.$auto$proc_rom.cc:150:do_switch$260$rdmux[0][1][0]$b$940 [1:0] 2'01 $memory$flatten\u_rom1.$auto$proc_rom.cc:150:do_switch$260$rdmux[0][1][0]$b$940 [1:0] 7'1111100 $memory$flatten\u_rom1.$auto$proc_rom.cc:150:do_switch$260$rdmux[0][1][0]$b$940 [0] $memory$flatten\u_rom1.$auto$proc_rom.cc:150:do_switch$260$rdmux[0][1][0]$b$940 [1] 1'1 $memory$flatten\u_rom1.$auto$proc_rom.cc:150:do_switch$260$rdmux[0][1][0]$b$940 [0] 1'0 $memory$flatten\u_rom1.$auto$proc_rom.cc:150:do_switch$260$rdmux[0][1][0]$b$940 [0] 2'01 $memory$flatten\u_rom1.$auto$proc_rom.cc:150:do_switch$260$rdmux[0][1][0]$b$940 [1] $memory$flatten\u_rom1.$auto$proc_rom.cc:150:do_switch$260$rdmux[0][1][0]$b$940 [1] $memory$flatten\u_rom1.$auto$proc_rom.cc:150:do_switch$260$rdmux[0][1][0]$b$940 [1] $memory$flatten\u_rom1.$auto$proc_rom.cc:150:do_switch$260$rdmux[0][1][0]$b$940 [1] }
    Consolidated identical input bits for $mux cell $memory$flatten\u_rom1.$auto$proc_rom.cc:150:do_switch$260$rdmux[0][2][0]$944:
      Old ports: A=31'0000000000000000100000000000000, B=31'1110111100000100011101100100001, Y=$memory$flatten\u_rom1.$auto$proc_rom.cc:150:do_switch$260$rdmux[0][1][0]$a$939
      New ports: A=2'10, B=2'01, Y={ $memory$flatten\u_rom1.$auto$proc_rom.cc:150:do_switch$260$rdmux[0][1][0]$a$939 [14] $memory$flatten\u_rom1.$auto$proc_rom.cc:150:do_switch$260$rdmux[0][1][0]$a$939 [0] }
      New connections: { $memory$flatten\u_rom1.$auto$proc_rom.cc:150:do_switch$260$rdmux[0][1][0]$a$939 [30:15] $memory$flatten\u_rom1.$auto$proc_rom.cc:150:do_switch$260$rdmux[0][1][0]$a$939 [13:1] } = { $memory$flatten\u_rom1.$auto$proc_rom.cc:150:do_switch$260$rdmux[0][1][0]$a$939 [0] $memory$flatten\u_rom1.$auto$proc_rom.cc:150:do_switch$260$rdmux[0][1][0]$a$939 [0] $memory$flatten\u_rom1.$auto$proc_rom.cc:150:do_switch$260$rdmux[0][1][0]$a$939 [0] 1'0 $memory$flatten\u_rom1.$auto$proc_rom.cc:150:do_switch$260$rdmux[0][1][0]$a$939 [0] $memory$flatten\u_rom1.$auto$proc_rom.cc:150:do_switch$260$rdmux[0][1][0]$a$939 [0] $memory$flatten\u_rom1.$auto$proc_rom.cc:150:do_switch$260$rdmux[0][1][0]$a$939 [0] $memory$flatten\u_rom1.$auto$proc_rom.cc:150:do_switch$260$rdmux[0][1][0]$a$939 [0] 5'00000 $memory$flatten\u_rom1.$auto$proc_rom.cc:150:do_switch$260$rdmux[0][1][0]$a$939 [0] 2'00 $memory$flatten\u_rom1.$auto$proc_rom.cc:150:do_switch$260$rdmux[0][1][0]$a$939 [0] $memory$flatten\u_rom1.$auto$proc_rom.cc:150:do_switch$260$rdmux[0][1][0]$a$939 [0] $memory$flatten\u_rom1.$auto$proc_rom.cc:150:do_switch$260$rdmux[0][1][0]$a$939 [0] 1'0 $memory$flatten\u_rom1.$auto$proc_rom.cc:150:do_switch$260$rdmux[0][1][0]$a$939 [0] $memory$flatten\u_rom1.$auto$proc_rom.cc:150:do_switch$260$rdmux[0][1][0]$a$939 [0] 2'00 $memory$flatten\u_rom1.$auto$proc_rom.cc:150:do_switch$260$rdmux[0][1][0]$a$939 [0] 4'0000 }
    Consolidated identical input bits for $mux cell $memory$flatten\u_rom1.$auto$proc_rom.cc:150:do_switch$260$rdmux[0][2][3]$953:
      Old ports: A=31'1101010101111111101001010111111, B=31'1110111100000101100010011011111, Y=$memory$flatten\u_rom1.$auto$proc_rom.cc:150:do_switch$260$rdmux[0][1][1]$b$943
      New ports: A=2'01, B=2'10, Y=$memory$flatten\u_rom1.$auto$proc_rom.cc:150:do_switch$260$rdmux[0][1][1]$b$943 [6:5]
      New connections: { $memory$flatten\u_rom1.$auto$proc_rom.cc:150:do_switch$260$rdmux[0][1][1]$b$943 [30:7] $memory$flatten\u_rom1.$auto$proc_rom.cc:150:do_switch$260$rdmux[0][1][1]$b$943 [4:0] } = { 2'11 $memory$flatten\u_rom1.$auto$proc_rom.cc:150:do_switch$260$rdmux[0][1][1]$b$943 [6:5] $memory$flatten\u_rom1.$auto$proc_rom.cc:150:do_switch$260$rdmux[0][1][1]$b$943 [6] 1'1 $memory$flatten\u_rom1.$auto$proc_rom.cc:150:do_switch$260$rdmux[0][1][1]$b$943 [6] 2'10 $memory$flatten\u_rom1.$auto$proc_rom.cc:150:do_switch$260$rdmux[0][1][1]$b$943 [5] $memory$flatten\u_rom1.$auto$proc_rom.cc:150:do_switch$260$rdmux[0][1][1]$b$943 [5] $memory$flatten\u_rom1.$auto$proc_rom.cc:150:do_switch$260$rdmux[0][1][1]$b$943 [5] $memory$flatten\u_rom1.$auto$proc_rom.cc:150:do_switch$260$rdmux[0][1][1]$b$943 [5] 1'1 $memory$flatten\u_rom1.$auto$proc_rom.cc:150:do_switch$260$rdmux[0][1][1]$b$943 [5] 3'110 $memory$flatten\u_rom1.$auto$proc_rom.cc:150:do_switch$260$rdmux[0][1][1]$b$943 [5] 1'0 $memory$flatten\u_rom1.$auto$proc_rom.cc:150:do_switch$260$rdmux[0][1][1]$b$943 [6:5] 7'0111111 }
    Consolidated identical input bits for $pmux cell $flatten\u_rom2.$procmux$343:
      Old ports: A=16'0000000000000000, B=32'11000000000000001101001010111111, Y=\u_s2.g_mult.u_mul.twiddle_im
      New ports: A=2'00, B=4'1011, Y={ \u_s2.g_mult.u_mul.twiddle_im [14] \u_s2.g_mult.u_mul.twiddle_im [0] }
      New connections: { \u_s2.g_mult.u_mul.twiddle_im [15] \u_s2.g_mult.u_mul.twiddle_im [13:1] } = { \u_s2.g_mult.u_mul.twiddle_im [14] 1'0 \u_s2.g_mult.u_mul.twiddle_im [0] 2'00 \u_s2.g_mult.u_mul.twiddle_im [0] 1'0 \u_s2.g_mult.u_mul.twiddle_im [0] 1'0 \u_s2.g_mult.u_mul.twiddle_im [0] \u_s2.g_mult.u_mul.twiddle_im [0] \u_s2.g_mult.u_mul.twiddle_im [0] \u_s2.g_mult.u_mul.twiddle_im [0] \u_s2.g_mult.u_mul.twiddle_im [0] }
    Consolidated identical input bits for $pmux cell $flatten\u_rom2.$procmux$348:
      Old ports: A=16'0100000000000000, B=48'001011010100000100000000000000001101001010111111, Y=\u_s2.g_mult.u_mul.twiddle_re
      New ports: A=4'1000, B=12'010100001011, Y={ \u_s2.g_mult.u_mul.twiddle_re [14] \u_s2.g_mult.u_mul.twiddle_re [6] \u_s2.g_mult.u_mul.twiddle_re [1:0] }
      New connections: { \u_s2.g_mult.u_mul.twiddle_re [15] \u_s2.g_mult.u_mul.twiddle_re [13:7] \u_s2.g_mult.u_mul.twiddle_re [5:2] } = { \u_s2.g_mult.u_mul.twiddle_re [1] \u_s2.g_mult.u_mul.twiddle_re [6] \u_s2.g_mult.u_mul.twiddle_re [1] \u_s2.g_mult.u_mul.twiddle_re [6] \u_s2.g_mult.u_mul.twiddle_re [6] \u_s2.g_mult.u_mul.twiddle_re [1] \u_s2.g_mult.u_mul.twiddle_re [6] \u_s2.g_mult.u_mul.twiddle_re [1] \u_s2.g_mult.u_mul.twiddle_re [1] \u_s2.g_mult.u_mul.twiddle_re [1] \u_s2.g_mult.u_mul.twiddle_re [1] \u_s2.g_mult.u_mul.twiddle_re [1] }
  Optimizing cells in module \fft_wrapper.
    Consolidated identical input bits for $mux cell $memory$flatten\u_rom1.$auto$proc_rom.cc:150:do_switch$260$rdmux[0][1][1]$941:
      Old ports: A=$memory$flatten\u_rom1.$auto$proc_rom.cc:150:do_switch$260$rdmux[0][1][1]$a$942, B=$memory$flatten\u_rom1.$auto$proc_rom.cc:150:do_switch$260$rdmux[0][1][1]$b$943, Y=$memory$flatten\u_rom1.$auto$proc_rom.cc:150:do_switch$260$rdmux[0][0][0]$b$937
      New ports: A={ $memory$flatten\u_rom1.$auto$proc_rom.cc:150:do_switch$260$rdmux[0][1][1]$a$942 [1] $memory$flatten\u_rom1.$auto$proc_rom.cc:150:do_switch$260$rdmux[0][1][1]$a$942 [1] $memory$flatten\u_rom1.$auto$proc_rom.cc:150:do_switch$260$rdmux[0][1][1]$a$942 [1] 2'00 $memory$flatten\u_rom1.$auto$proc_rom.cc:150:do_switch$260$rdmux[0][1][1]$a$942 [1] 1'0 }, B={ $memory$flatten\u_rom1.$auto$proc_rom.cc:150:do_switch$260$rdmux[0][1][1]$b$943 [6:5] 1'0 $memory$flatten\u_rom1.$auto$proc_rom.cc:150:do_switch$260$rdmux[0][1][1]$b$943 [6:5] 2'11 }, Y={ $memory$flatten\u_rom1.$auto$proc_rom.cc:150:do_switch$260$rdmux[0][0][0]$b$937 [10:8] $memory$flatten\u_rom1.$auto$proc_rom.cc:150:do_switch$260$rdmux[0][0][0]$b$937 [6:5] $memory$flatten\u_rom1.$auto$proc_rom.cc:150:do_switch$260$rdmux[0][0][0]$b$937 [1:0] }
      New connections: { $memory$flatten\u_rom1.$auto$proc_rom.cc:150:do_switch$260$rdmux[0][0][0]$b$937 [30:11] $memory$flatten\u_rom1.$auto$proc_rom.cc:150:do_switch$260$rdmux[0][0][0]$b$937 [7] $memory$flatten\u_rom1.$auto$proc_rom.cc:150:do_switch$260$rdmux[0][0][0]$b$937 [4:2] } = { 2'11 $memory$flatten\u_rom1.$auto$proc_rom.cc:150:do_switch$260$rdmux[0][0][0]$b$937 [6:5] $memory$flatten\u_rom1.$auto$proc_rom.cc:150:do_switch$260$rdmux[0][0][0]$b$937 [10] $memory$flatten\u_rom1.$auto$proc_rom.cc:150:do_switch$260$rdmux[0][0][0]$b$937 [0] $memory$flatten\u_rom1.$auto$proc_rom.cc:150:do_switch$260$rdmux[0][0][0]$b$937 [6] $memory$flatten\u_rom1.$auto$proc_rom.cc:150:do_switch$260$rdmux[0][0][0]$b$937 [1] $memory$flatten\u_rom1.$auto$proc_rom.cc:150:do_switch$260$rdmux[0][0][0]$b$937 [8] $memory$flatten\u_rom1.$auto$proc_rom.cc:150:do_switch$260$rdmux[0][0][0]$b$937 [5] $memory$flatten\u_rom1.$auto$proc_rom.cc:150:do_switch$260$rdmux[0][0][0]$b$937 [9] $memory$flatten\u_rom1.$auto$proc_rom.cc:150:do_switch$260$rdmux[0][0][0]$b$937 [9] $memory$flatten\u_rom1.$auto$proc_rom.cc:150:do_switch$260$rdmux[0][0][0]$b$937 [9] $memory$flatten\u_rom1.$auto$proc_rom.cc:150:do_switch$260$rdmux[0][0][0]$b$937 [1] $memory$flatten\u_rom1.$auto$proc_rom.cc:150:do_switch$260$rdmux[0][0][0]$b$937 [9] $memory$flatten\u_rom1.$auto$proc_rom.cc:150:do_switch$260$rdmux[0][0][0]$b$937 [1] $memory$flatten\u_rom1.$auto$proc_rom.cc:150:do_switch$260$rdmux[0][0][0]$b$937 [1] $memory$flatten\u_rom1.$auto$proc_rom.cc:150:do_switch$260$rdmux[0][0][0]$b$937 [8] $memory$flatten\u_rom1.$auto$proc_rom.cc:150:do_switch$260$rdmux[0][0][0]$b$937 [5] 1'0 $memory$flatten\u_rom1.$auto$proc_rom.cc:150:do_switch$260$rdmux[0][0][0]$b$937 [1:0] $memory$flatten\u_rom1.$auto$proc_rom.cc:150:do_switch$260$rdmux[0][0][0]$b$937 [0] $memory$flatten\u_rom1.$auto$proc_rom.cc:150:do_switch$260$rdmux[0][0][0]$b$937 [0] }
    Consolidated identical input bits for $mux cell $memory$flatten\u_rom1.$auto$proc_rom.cc:150:do_switch$260$rdmux[0][1][0]$938:
      Old ports: A=$memory$flatten\u_rom1.$auto$proc_rom.cc:150:do_switch$260$rdmux[0][1][0]$a$939, B=$memory$flatten\u_rom1.$auto$proc_rom.cc:150:do_switch$260$rdmux[0][1][0]$b$940, Y=$memory$flatten\u_rom1.$auto$proc_rom.cc:150:do_switch$260$rdmux[0][0][0]$a$936
      New ports: A={ $memory$flatten\u_rom1.$auto$proc_rom.cc:150:do_switch$260$rdmux[0][1][0]$a$939 [14] $memory$flatten\u_rom1.$auto$proc_rom.cc:150:do_switch$260$rdmux[0][1][0]$a$939 [0] 1'0 $memory$flatten\u_rom1.$auto$proc_rom.cc:150:do_switch$260$rdmux[0][1][0]$a$939 [0] 1'0 $memory$flatten\u_rom1.$auto$proc_rom.cc:150:do_switch$260$rdmux[0][1][0]$a$939 [0] 1'0 $memory$flatten\u_rom1.$auto$proc_rom.cc:150:do_switch$260$rdmux[0][1][0]$a$939 [0] }, B={ 2'01 $memory$flatten\u_rom1.$auto$proc_rom.cc:150:do_switch$260$rdmux[0][1][0]$b$940 [0] 2'01 $memory$flatten\u_rom1.$auto$proc_rom.cc:150:do_switch$260$rdmux[0][1][0]$b$940 [1] $memory$flatten\u_rom1.$auto$proc_rom.cc:150:do_switch$260$rdmux[0][1][0]$b$940 [1:0] }, Y={ $memory$flatten\u_rom1.$auto$proc_rom.cc:150:do_switch$260$rdmux[0][0][0]$a$936 [14] $memory$flatten\u_rom1.$auto$proc_rom.cc:150:do_switch$260$rdmux[0][0][0]$a$936 [11:9] $memory$flatten\u_rom1.$auto$proc_rom.cc:150:do_switch$260$rdmux[0][0][0]$a$936 [6:5] $memory$flatten\u_rom1.$auto$proc_rom.cc:150:do_switch$260$rdmux[0][0][0]$a$936 [1:0] }
      New connections: { $memory$flatten\u_rom1.$auto$proc_rom.cc:150:do_switch$260$rdmux[0][0][0]$a$936 [30:15] $memory$flatten\u_rom1.$auto$proc_rom.cc:150:do_switch$260$rdmux[0][0][0]$a$936 [13:12] $memory$flatten\u_rom1.$auto$proc_rom.cc:150:do_switch$260$rdmux[0][0][0]$a$936 [8:7] $memory$flatten\u_rom1.$auto$proc_rom.cc:150:do_switch$260$rdmux[0][0][0]$a$936 [4:2] } = { $memory$flatten\u_rom1.$auto$proc_rom.cc:150:do_switch$260$rdmux[0][0][0]$a$936 [11] $memory$flatten\u_rom1.$auto$proc_rom.cc:150:do_switch$260$rdmux[0][0][0]$a$936 [11] $memory$flatten\u_rom1.$auto$proc_rom.cc:150:do_switch$260$rdmux[0][0][0]$a$936 [9] $memory$flatten\u_rom1.$auto$proc_rom.cc:150:do_switch$260$rdmux[0][0][0]$a$936 [10] $memory$flatten\u_rom1.$auto$proc_rom.cc:150:do_switch$260$rdmux[0][0][0]$a$936 [5] $memory$flatten\u_rom1.$auto$proc_rom.cc:150:do_switch$260$rdmux[0][0][0]$a$936 [0] $memory$flatten\u_rom1.$auto$proc_rom.cc:150:do_switch$260$rdmux[0][0][0]$a$936 [9] $memory$flatten\u_rom1.$auto$proc_rom.cc:150:do_switch$260$rdmux[0][0][0]$a$936 [11] $memory$flatten\u_rom1.$auto$proc_rom.cc:150:do_switch$260$rdmux[0][0][0]$a$936 [1] $memory$flatten\u_rom1.$auto$proc_rom.cc:150:do_switch$260$rdmux[0][0][0]$a$936 [10] $memory$flatten\u_rom1.$auto$proc_rom.cc:150:do_switch$260$rdmux[0][0][0]$a$936 [6] $memory$flatten\u_rom1.$auto$proc_rom.cc:150:do_switch$260$rdmux[0][0][0]$a$936 [6] $memory$flatten\u_rom1.$auto$proc_rom.cc:150:do_switch$260$rdmux[0][0][0]$a$936 [6] $memory$flatten\u_rom1.$auto$proc_rom.cc:150:do_switch$260$rdmux[0][0][0]$a$936 [11] $memory$flatten\u_rom1.$auto$proc_rom.cc:150:do_switch$260$rdmux[0][0][0]$a$936 [6] 1'0 $memory$flatten\u_rom1.$auto$proc_rom.cc:150:do_switch$260$rdmux[0][0][0]$a$936 [0] $memory$flatten\u_rom1.$auto$proc_rom.cc:150:do_switch$260$rdmux[0][0][0]$a$936 [5] $memory$flatten\u_rom1.$auto$proc_rom.cc:150:do_switch$260$rdmux[0][0][0]$a$936 [0] 1'0 $memory$flatten\u_rom1.$auto$proc_rom.cc:150:do_switch$260$rdmux[0][0][0]$a$936 [1] $memory$flatten\u_rom1.$auto$proc_rom.cc:150:do_switch$260$rdmux[0][0][0]$a$936 [1] $memory$flatten\u_rom1.$auto$proc_rom.cc:150:do_switch$260$rdmux[0][0][0]$a$936 [1] }
  Optimizing cells in module \fft_wrapper.
    Consolidated identical input bits for $mux cell $memory$flatten\u_rom1.$auto$proc_rom.cc:150:do_switch$260$rdmux[0][0][0]$935:
      Old ports: A=$memory$flatten\u_rom1.$auto$proc_rom.cc:150:do_switch$260$rdmux[0][0][0]$a$936, B=$memory$flatten\u_rom1.$auto$proc_rom.cc:150:do_switch$260$rdmux[0][0][0]$b$937, Y={ \u_s1.g_mult.u_mul.twiddle_im [15:12] \u_s1.g_mult.u_mul.twiddle_im [10:0] \u_s1.g_mult.u_mul.twiddle_re }
      New ports: A={ $memory$flatten\u_rom1.$auto$proc_rom.cc:150:do_switch$260$rdmux[0][0][0]$a$936 [11] $memory$flatten\u_rom1.$auto$proc_rom.cc:150:do_switch$260$rdmux[0][0][0]$a$936 [5] $memory$flatten\u_rom1.$auto$proc_rom.cc:150:do_switch$260$rdmux[0][0][0]$a$936 [9] $memory$flatten\u_rom1.$auto$proc_rom.cc:150:do_switch$260$rdmux[0][0][0]$a$936 [1] $memory$flatten\u_rom1.$auto$proc_rom.cc:150:do_switch$260$rdmux[0][0][0]$a$936 [10] $memory$flatten\u_rom1.$auto$proc_rom.cc:150:do_switch$260$rdmux[0][0][0]$a$936 [11] $memory$flatten\u_rom1.$auto$proc_rom.cc:150:do_switch$260$rdmux[0][0][0]$a$936 [6] $memory$flatten\u_rom1.$auto$proc_rom.cc:150:do_switch$260$rdmux[0][0][0]$a$936 [14] $memory$flatten\u_rom1.$auto$proc_rom.cc:150:do_switch$260$rdmux[0][0][0]$a$936 [11:9] $memory$flatten\u_rom1.$auto$proc_rom.cc:150:do_switch$260$rdmux[0][0][0]$a$936 [0] 1'0 $memory$flatten\u_rom1.$auto$proc_rom.cc:150:do_switch$260$rdmux[0][0][0]$a$936 [6:5] $memory$flatten\u_rom1.$auto$proc_rom.cc:150:do_switch$260$rdmux[0][0][0]$a$936 [1] $memory$flatten\u_rom1.$auto$proc_rom.cc:150:do_switch$260$rdmux[0][0][0]$a$936 [1:0] }, B={ 1'1 $memory$flatten\u_rom1.$auto$proc_rom.cc:150:do_switch$260$rdmux[0][0][0]$b$937 [10] $memory$flatten\u_rom1.$auto$proc_rom.cc:150:do_switch$260$rdmux[0][0][0]$b$937 [6] $memory$flatten\u_rom1.$auto$proc_rom.cc:150:do_switch$260$rdmux[0][0][0]$b$937 [8] $memory$flatten\u_rom1.$auto$proc_rom.cc:150:do_switch$260$rdmux[0][0][0]$b$937 [5] $memory$flatten\u_rom1.$auto$proc_rom.cc:150:do_switch$260$rdmux[0][0][0]$b$937 [1] $memory$flatten\u_rom1.$auto$proc_rom.cc:150:do_switch$260$rdmux[0][0][0]$b$937 [9] $memory$flatten\u_rom1.$auto$proc_rom.cc:150:do_switch$260$rdmux[0][0][0]$b$937 [1] 1'0 $memory$flatten\u_rom1.$auto$proc_rom.cc:150:do_switch$260$rdmux[0][0][0]$b$937 [10:8] $memory$flatten\u_rom1.$auto$proc_rom.cc:150:do_switch$260$rdmux[0][0][0]$b$937 [1] $memory$flatten\u_rom1.$auto$proc_rom.cc:150:do_switch$260$rdmux[0][0][0]$b$937 [6:5] $memory$flatten\u_rom1.$auto$proc_rom.cc:150:do_switch$260$rdmux[0][0][0]$b$937 [0] $memory$flatten\u_rom1.$auto$proc_rom.cc:150:do_switch$260$rdmux[0][0][0]$b$937 [1:0] }, Y={ \u_s1.g_mult.u_mul.twiddle_im [14] \u_s1.g_mult.u_mul.twiddle_im [10] \u_s1.g_mult.u_mul.twiddle_im [8] \u_s1.g_mult.u_mul.twiddle_im [6:5] \u_s1.g_mult.u_mul.twiddle_im [1:0] \u_s1.g_mult.u_mul.twiddle_re [14] \u_s1.g_mult.u_mul.twiddle_re [11:5] \u_s1.g_mult.u_mul.twiddle_re [2:0] }
      New connections: { \u_s1.g_mult.u_mul.twiddle_im [15] \u_s1.g_mult.u_mul.twiddle_im [13:12] \u_s1.g_mult.u_mul.twiddle_im [9] \u_s1.g_mult.u_mul.twiddle_im [7] \u_s1.g_mult.u_mul.twiddle_im [4:2] \u_s1.g_mult.u_mul.twiddle_re [15] \u_s1.g_mult.u_mul.twiddle_re [13:12] \u_s1.g_mult.u_mul.twiddle_re [4:3] } = { \u_s1.g_mult.u_mul.twiddle_im [14] \u_s1.g_mult.u_mul.twiddle_im [8] \u_s1.g_mult.u_mul.twiddle_im [5] \u_s1.g_mult.u_mul.twiddle_re [0] \u_s1.g_mult.u_mul.twiddle_im [1:0] \u_s1.g_mult.u_mul.twiddle_im [0] \u_s1.g_mult.u_mul.twiddle_im [0] \u_s1.g_mult.u_mul.twiddle_re [7] \u_s1.g_mult.u_mul.twiddle_re [8] \u_s1.g_mult.u_mul.twiddle_re [5] \u_s1.g_mult.u_mul.twiddle_re [2] \u_s1.g_mult.u_mul.twiddle_re [2] }
  Optimizing cells in module \fft_wrapper.
Performed a total of 9 changes.

39.5. Executing OPT_MERGE pass (detect identical cells).
Finding identical cells in module `\fft_wrapper'.
<suppressed ~3 debug messages>
Removed a total of 1 cells.

39.6. Executing OPT_SHARE pass.

39.7. Executing OPT_DFF pass (perform DFF optimizations).

39.8. Executing OPT_CLEAN pass (remove unused cells and wires).
Finding unused cells or wires in module \fft_wrapper..
Removed 0 unused cells and 9 unused wires.
<suppressed ~1 debug messages>

39.9. Executing OPT_EXPR pass (perform const folding).
Optimizing module fft_wrapper.
<suppressed ~1 debug messages>

39.10. Rerunning OPT passes. (Maybe there is more to do..)

39.11. Executing OPT_MUXTREE pass (detect dead branches in mux trees).
Running muxtree optimizer on module \fft_wrapper..
  Creating internal representation of mux trees.
  Evaluating internal representation of mux trees.
  Analyzing evaluation results.
Removed 0 multiplexer ports.
<suppressed ~33 debug messages>

39.12. Executing OPT_REDUCE pass (consolidate $*mux and $reduce_* inputs).
  Optimizing cells in module \fft_wrapper.
Performed a total of 0 changes.

39.13. Executing OPT_MERGE pass (detect identical cells).
Finding identical cells in module `\fft_wrapper'.
Removed a total of 0 cells.

39.14. Executing OPT_SHARE pass.

39.15. Executing OPT_DFF pass (perform DFF optimizations).

39.16. Executing OPT_CLEAN pass (remove unused cells and wires).
Finding unused cells or wires in module \fft_wrapper..
Removed 0 unused cells and 1 unused wires.
<suppressed ~1 debug messages>

39.17. Executing OPT_EXPR pass (perform const folding).
Optimizing module fft_wrapper.

39.18. Rerunning OPT passes. (Maybe there is more to do..)

39.19. Executing OPT_MUXTREE pass (detect dead branches in mux trees).
Running muxtree optimizer on module \fft_wrapper..
  Creating internal representation of mux trees.
  Evaluating internal representation of mux trees.
  Analyzing evaluation results.
Removed 0 multiplexer ports.
<suppressed ~33 debug messages>

39.20. Executing OPT_REDUCE pass (consolidate $*mux and $reduce_* inputs).
  Optimizing cells in module \fft_wrapper.
Performed a total of 0 changes.

39.21. Executing OPT_MERGE pass (detect identical cells).
Finding identical cells in module `\fft_wrapper'.
Removed a total of 0 cells.

39.22. Executing OPT_SHARE pass.

39.23. Executing OPT_DFF pass (perform DFF optimizations).

39.24. Executing OPT_CLEAN pass (remove unused cells and wires).
Finding unused cells or wires in module \fft_wrapper..

39.25. Executing OPT_EXPR pass (perform const folding).
Optimizing module fft_wrapper.

39.26. Finished OPT passes. (There is nothing left to do.)

40. Executing TECHMAP pass (map to technology primitives).

40.1. Executing Verilog-2005 frontend: /build/bin/../share/yosys/techmap.v
Parsing Verilog input from `/build/bin/../share/yosys/techmap.v' to AST representation.
Generating RTLIL representation for module `\_90_simplemap_bool_ops'.
Generating RTLIL representation for module `\_90_simplemap_reduce_ops'.
Generating RTLIL representation for module `\_90_simplemap_logic_ops'.
Generating RTLIL representation for module `\_90_simplemap_compare_ops'.
Generating RTLIL representation for module `\_90_simplemap_various'.
Generating RTLIL representation for module `\_90_simplemap_registers'.
Generating RTLIL representation for module `\_90_shift_ops_shr_shl_sshl_sshr'.
Generating RTLIL representation for module `\_90_shift_shiftx'.
Generating RTLIL representation for module `\_90_fa'.
Generating RTLIL representation for module `\_90_lcu'.
Generating RTLIL representation for module `\_90_alu'.
Generating RTLIL representation for module `\_90_macc'.
Generating RTLIL representation for module `\_90_alumacc'.
Generating RTLIL representation for module `\$__div_mod_u'.
Generating RTLIL representation for module `\$__div_mod_trunc'.
Generating RTLIL representation for module `\_90_div'.
Generating RTLIL representation for module `\_90_mod'.
Generating RTLIL representation for module `\$__div_mod_floor'.
Generating RTLIL representation for module `\_90_divfloor'.
Generating RTLIL representation for module `\_90_modfloor'.
Generating RTLIL representation for module `\_90_pow'.
Generating RTLIL representation for module `\_90_pmux'.
Generating RTLIL representation for module `\_90_demux'.
Generating RTLIL representation for module `\_90_lut'.
Successfully finished Verilog frontend.

40.2. Continuing TECHMAP pass.
Using template $paramod$7e708ae28ab761f11d0fb59d3ffc72f6a4baf5d9\_90_alu for cells of type $alu.
Using extmapper simplemap for cells of type $reduce_and.
Using extmapper simplemap for cells of type $or.
Using extmapper simplemap for cells of type $not.
Using extmapper maccmap for cells of type $macc.
  add \u_s2.butterfly_diff_re [16:1] * { \u_s2.g_mult.u_mul.twiddle_re [15:13] \u_s2.g_mult.u_mul.twiddle_re [15] \u_s2.g_mult.u_mul.twiddle_re [13] \u_s2.g_mult.u_mul.twiddle_re [13] \u_s2.g_mult.u_mul.twiddle_re [15] \u_s2.g_mult.u_mul.twiddle_re [13] \u_s2.g_mult.u_mul.twiddle_re [15] \u_s2.g_mult.u_mul.twiddle_re [13] \u_s2.g_mult.u_mul.twiddle_re [15] \u_s2.g_mult.u_mul.twiddle_re [15] \u_s2.g_mult.u_mul.twiddle_re [15] \u_s2.g_mult.u_mul.twiddle_re [15] \u_s2.g_mult.u_mul.twiddle_re [15] \u_s2.g_mult.u_mul.twiddle_re [0] } (16x16 bits, signed)
  sub \u_s2.butterfly_diff_im [16:1] * { \u_s2.g_mult.u_mul.twiddle_im [15] \u_s2.g_mult.u_mul.twiddle_im [15] 1'0 \u_s2.g_mult.u_mul.twiddle_im [12] 2'00 \u_s2.g_mult.u_mul.twiddle_im [12] 1'0 \u_s2.g_mult.u_mul.twiddle_im [12] 1'0 \u_s2.g_mult.u_mul.twiddle_im [12] \u_s2.g_mult.u_mul.twiddle_im [12] \u_s2.g_mult.u_mul.twiddle_im [12] \u_s2.g_mult.u_mul.twiddle_im [12] \u_s2.g_mult.u_mul.twiddle_im [12] \u_s2.g_mult.u_mul.twiddle_im [12] } (16x16 bits, signed)
  add 30'000000000000000010000000000000 (30 bits, unsigned)
Using extmapper simplemap for cells of type $reduce_or.
Using extmapper simplemap for cells of type $mux.
  add \u_s1.butterfly_diff_re [16:1] * { \u_s1.g_mult.u_mul.twiddle_re [15:9] \u_s1.g_mult.u_mul.twiddle_re [13] \u_s1.g_mult.u_mul.twiddle_re [15] \u_s1.g_mult.u_mul.twiddle_re [6] \u_s1.g_mult.u_mul.twiddle_re [12] \u_s1.g_mult.u_mul.twiddle_re [4] \u_s1.g_mult.u_mul.twiddle_re [4] \u_s1.g_mult.u_mul.twiddle_re [4] \u_s1.g_mult.u_mul.twiddle_re [1] \u_s1.g_mult.u_mul.twiddle_im [9] } (16x16 bits, signed)
  sub \u_s1.butterfly_diff_im [16:1] * { \u_s1.g_mult.u_mul.twiddle_im [15] \u_s1.g_mult.u_mul.twiddle_im [15] \u_s1.g_mult.u_mul.twiddle_im [13:12] 1'0 \u_s1.g_mult.u_mul.twiddle_im [10:9] \u_s1.g_mult.u_mul.twiddle_im [13] \u_s1.g_mult.u_mul.twiddle_im [7:6] \u_s1.g_mult.u_mul.twiddle_im [12] \u_s1.g_mult.u_mul.twiddle_im [4] \u_s1.g_mult.u_mul.twiddle_im [4] \u_s1.g_mult.u_mul.twiddle_im [4] \u_s1.g_mult.u_mul.twiddle_im [7] \u_s1.g_mult.u_mul.twiddle_im [4] } (16x16 bits, signed)
  add 30'000000000000000010000000000000 (30 bits, unsigned)
Using template $paramod$504d7726e493b7d5a8a8ac16f387eb0143f8a853\_90_pmux for cells of type $pmux.
Using template $paramod$2470b7ea32c975a55c3ab8b283381b72d09e16d3\_90_alu for cells of type $alu.
Using template $paramod$175e67c02b86e96b1288b9dc100122520d7240d8\_90_alu for cells of type $alu.
Using extmapper simplemap for cells of type $adffe.
Using extmapper simplemap for cells of type $logic_not.
Using extmapper simplemap for cells of type $eq.
Using template $paramod$fc972a7a46956c1788f3cb5257b53c8f1df2d0cc\_90_alu for cells of type $alu.
Using template $paramod$02488ff6fa51b28bbfa470bdd9b0e548b3357746\_90_alu for cells of type $alu.
Using template $paramod$32a7b7b86c07519b7537abc18e96f0331f97914d\_90_alu for cells of type $alu.
Using template $paramod$3ef7d3dd227da7627a99c5e5a6a4deb817573e39\_90_alu for cells of type $alu.
  add \u_s2.butterfly_diff_re [16:1] * { \u_s2.g_mult.u_mul.twiddle_im [15] \u_s2.g_mult.u_mul.twiddle_im [15] 1'0 \u_s2.g_mult.u_mul.twiddle_im [12] 2'00 \u_s2.g_mult.u_mul.twiddle_im [12] 1'0 \u_s2.g_mult.u_mul.twiddle_im [12] 1'0 \u_s2.g_mult.u_mul.twiddle_im [12] \u_s2.g_mult.u_mul.twiddle_im [12] \u_s2.g_mult.u_mul.twiddle_im [12] \u_s2.g_mult.u_mul.twiddle_im [12] \u_s2.g_mult.u_mul.twiddle_im [12] \u_s2.g_mult.u_mul.twiddle_im [12] } (16x16 bits, signed)
  add \u_s2.butterfly_diff_im [16:1] * { \u_s2.g_mult.u_mul.twiddle_re [15:13] \u_s2.g_mult.u_mul.twiddle_re [15] \u_s2.g_mult.u_mul.twiddle_re [13] \u_s2.g_mult.u_mul.twiddle_re [13] \u_s2.g_mult.u_mul.twiddle_re [15] \u_s2.g_mult.u_mul.twiddle_re [13] \u_s2.g_mult.u_mul.twiddle_re [15] \u_s2.g_mult.u_mul.twiddle_re [13] \u_s2.g_mult.u_mul.twiddle_re [15] \u_s2.g_mult.u_mul.twiddle_re [15] \u_s2.g_mult.u_mul.twiddle_re [15] \u_s2.g_mult.u_mul.twiddle_re [15] \u_s2.g_mult.u_mul.twiddle_re [15] \u_s2.g_mult.u_mul.twiddle_re [0] } (16x16 bits, signed)
  add 30'000000000000000010000000000000 (30 bits, unsigned)
  add \u_s1.butterfly_diff_re [16:1] * { \u_s1.g_mult.u_mul.twiddle_im [15] \u_s1.g_mult.u_mul.twiddle_im [15] \u_s1.g_mult.u_mul.twiddle_im [13:12] 1'0 \u_s1.g_mult.u_mul.twiddle_im [10:9] \u_s1.g_mult.u_mul.twiddle_im [13] \u_s1.g_mult.u_mul.twiddle_im [7:6] \u_s1.g_mult.u_mul.twiddle_im [12] \u_s1.g_mult.u_mul.twiddle_im [4] \u_s1.g_mult.u_mul.twiddle_im [4] \u_s1.g_mult.u_mul.twiddle_im [4] \u_s1.g_mult.u_mul.twiddle_im [7] \u_s1.g_mult.u_mul.twiddle_im [4] } (16x16 bits, signed)
  add \u_s1.butterfly_diff_im [16:1] * { \u_s1.g_mult.u_mul.twiddle_re [15:9] \u_s1.g_mult.u_mul.twiddle_re [13] \u_s1.g_mult.u_mul.twiddle_re [15] \u_s1.g_mult.u_mul.twiddle_re [6] \u_s1.g_mult.u_mul.twiddle_re [12] \u_s1.g_mult.u_mul.twiddle_re [4] \u_s1.g_mult.u_mul.twiddle_re [4] \u_s1.g_mult.u_mul.twiddle_re [4] \u_s1.g_mult.u_mul.twiddle_re [1] \u_s1.g_mult.u_mul.twiddle_im [9] } (16x16 bits, signed)
  add 30'000000000000000010000000000000 (30 bits, unsigned)
Using template $paramod$d5c1c4131927aec19f116e7a36372b1981bfcd7e\_90_pmux for cells of type $pmux.
Using template $paramod$c2e415ef15bc3ccd2723772353a6b450d3d76206\_90_pmux for cells of type $pmux.
Using template $paramod$521ce43182eecb9f60c72393a788160d2c356bf5\_90_pmux for cells of type $pmux.
Using extmapper simplemap for cells of type $and.
Using template $paramod$adbaf76fa5a3091a329503792521395f8ff4d1a4\_90_alu for cells of type $alu.
Using extmapper simplemap for cells of type $pos.
Using template $paramod\_90_lcu\WIDTH=32'00000000000000000000000000000010 for cells of type $lcu.
Using template $paramod\_90_lcu\WIDTH=32'00000000000000000000000000010001 for cells of type $lcu.
Using extmapper simplemap for cells of type $xor.
Using template $paramod\_90_lcu\WIDTH=32'00000000000000000000000000000001 for cells of type $lcu.
Using template $paramod\_90_fa\WIDTH=32'00000000000000000000000000011110 for cells of type $fa.
Using template $paramod$403d07c18de10cda2ac652a859c56aea81aaf9b5\_90_alu for cells of type $alu.
Using template $paramod\_90_lcu\WIDTH=32'00000000000000000000000000010000 for cells of type $lcu.
Using template $paramod\_90_lcu\WIDTH=32'00000000000000000000000000000100 for cells of type $lcu.
Using template $paramod\_90_lcu\WIDTH=32'00000000000000000000000000000011 for cells of type $lcu.
Using template $paramod\_90_fa\WIDTH=32'00000000000000000000000000011101 for cells of type $fa.
Using template $paramod\_90_lcu\WIDTH=32'00000000000000000000000000011110 for cells of type $lcu.
No more expansions possible.
<suppressed ~4455 debug messages>

41. Executing OPT pass (performing simple optimizations).

41.1. Executing OPT_EXPR pass (perform const folding).
Optimizing module fft_wrapper.
<suppressed ~9032 debug messages>

41.2. Executing OPT_MERGE pass (detect identical cells).
Finding identical cells in module `\fft_wrapper'.
<suppressed ~13281 debug messages>
Removed a total of 4427 cells.

41.3. Executing OPT_DFF pass (perform DFF optimizations).
Setting constant 0-bit at position 0 on $auto$ff.cc:266:slice$3070 ($_DFFE_PN0P_) from module fft_wrapper.

41.4. Executing OPT_CLEAN pass (remove unused cells and wires).
Finding unused cells or wires in module \fft_wrapper..
Removed 574 unused cells and 3312 unused wires.
<suppressed ~578 debug messages>

41.5. Rerunning OPT passes. (Removed registers in this run.)

41.6. Executing OPT_EXPR pass (perform const folding).
Optimizing module fft_wrapper.
<suppressed ~151 debug messages>

41.7. Executing OPT_MERGE pass (detect identical cells).
Finding identical cells in module `\fft_wrapper'.
<suppressed ~12 debug messages>
Removed a total of 4 cells.

41.8. Executing OPT_DFF pass (perform DFF optimizations).

41.9. Executing OPT_CLEAN pass (remove unused cells and wires).
Finding unused cells or wires in module \fft_wrapper..
Removed 0 unused cells and 2 unused wires.
<suppressed ~1 debug messages>

41.10. Finished fast OPT passes.

42. Executing ABC pass (technology mapping using ABC).

42.1. Extracting gate netlist of module `\fft_wrapper' to `<abc-temp-dir>/input.blif'..
Extracted 16070 gates and 16602 wires to a netlist network with 530 inputs and 191 outputs.

42.1.1. Executing ABC.
Running ABC command: "<yosys-exe-dir>/yosys-abc" -s -f <abc-temp-dir>/abc.script 2>&1
ABC: ABC command line: "source <abc-temp-dir>/abc.script".
ABC: 
ABC: + read_blif <abc-temp-dir>/input.blif 
ABC: + read_library <abc-temp-dir>/stdcells.genlib 
ABC: Entered genlib library with 13 gates from file "<abc-temp-dir>/stdcells.genlib".
ABC: + strash 
ABC: + dretime 
ABC: + map 
ABC: + write_blif <abc-temp-dir>/output.blif 

42.1.2. Re-integrating ABC results.
ABC RESULTS:             ORNOT cells:      290
ABC RESULTS:               AND cells:      170
ABC RESULTS:              XNOR cells:     1573
ABC RESULTS:               NOT cells:      889
ABC RESULTS:              NAND cells:      293
ABC RESULTS:               NOR cells:     1743
ABC RESULTS:                OR cells:     1810
ABC RESULTS:            ANDNOT cells:     5175
ABC RESULTS:               XOR cells:     3537
ABC RESULTS:               MUX cells:      542
ABC RESULTS:        internal signals:    15881
ABC RESULTS:           input signals:      530
ABC RESULTS:          output signals:      191
Removing temp directory.

43. Executing OPT pass (performing simple optimizations).

43.1. Executing OPT_EXPR pass (perform const folding).
Optimizing module fft_wrapper.
<suppressed ~22 debug messages>

43.2. Executing OPT_MERGE pass (detect identical cells).
Finding identical cells in module `\fft_wrapper'.
<suppressed ~186 debug messages>
Removed a total of 62 cells.

43.3. Executing OPT_DFF pass (perform DFF optimizations).

43.4. Executing OPT_CLEAN pass (remove unused cells and wires).
Finding unused cells or wires in module \fft_wrapper..
Removed 0 unused cells and 2928 unused wires.
<suppressed ~86 debug messages>

43.5. Finished fast OPT passes.

44. Executing HIERARCHY pass (managing design hierarchy).

44.1. Analyzing design hierarchy..
Top module:  \fft_wrapper

44.2. Analyzing design hierarchy..
Top module:  \fft_wrapper
Removed 0 unused modules.

45. Printing statistics.

=== fft_wrapper ===

   Number of wires:              15942
   Number of wire bits:          17763
   Number of public wires:         142
   Number of public wire bits:    1963
   Number of memories:               0
   Number of memory bits:            0
   Number of processes:              0
   Number of cells:              16457
     $_ANDNOT_                    5174
     $_AND_                        169
     $_DFFE_PN0P_                  497
     $_MUX_                        542
     $_NAND_                       289
     $_NOR_                       1733
     $_NOT_                        888
     $_ORNOT_                      290
     $_OR_                        1803
     $_XNOR_                      1562
     $_XOR_                       3510

46. Executing CHECK pass (checking for obvious problems).
Checking module fft_wrapper...
Found and reported 0 problems.

47. Generating Graphviz representation of design.
Writing dot description to `/openlane/designs/FFT/runs/full_flow_4/tmp/synthesis/post_techmap.dot'.
Dumping module fft_wrapper to page 1.

48. Executing SHARE pass (SAT-based resource sharing).

49. Executing OPT pass (performing simple optimizations).

49.1. Executing OPT_EXPR pass (perform const folding).
Optimizing module fft_wrapper.
<suppressed ~4 debug messages>

49.2. Executing OPT_MERGE pass (detect identical cells).
Finding identical cells in module `\fft_wrapper'.
Removed a total of 0 cells.

49.3. Executing OPT_MUXTREE pass (detect dead branches in mux trees).
Running muxtree optimizer on module \fft_wrapper..
  Creating internal representation of mux trees.
  No muxes found in this module.
Removed 0 multiplexer ports.

49.4. Executing OPT_REDUCE pass (consolidate $*mux and $reduce_* inputs).
  Optimizing cells in module \fft_wrapper.
Performed a total of 0 changes.

49.5. Executing OPT_MERGE pass (detect identical cells).
Finding identical cells in module `\fft_wrapper'.
Removed a total of 0 cells.

49.6. Executing OPT_DFF pass (perform DFF optimizations).

49.7. Executing OPT_CLEAN pass (remove unused cells and wires).
Finding unused cells or wires in module \fft_wrapper..
Removed 0 unused cells and 4 unused wires.
<suppressed ~1 debug messages>

49.8. Executing OPT_EXPR pass (perform const folding).
Optimizing module fft_wrapper.

49.9. Rerunning OPT passes. (Maybe there is more to do..)

49.10. Executing OPT_MUXTREE pass (detect dead branches in mux trees).
Running muxtree optimizer on module \fft_wrapper..
  Creating internal representation of mux trees.
  No muxes found in this module.
Removed 0 multiplexer ports.

49.11. Executing OPT_REDUCE pass (consolidate $*mux and $reduce_* inputs).
  Optimizing cells in module \fft_wrapper.
Performed a total of 0 changes.

49.12. Executing OPT_MERGE pass (detect identical cells).
Finding identical cells in module `\fft_wrapper'.
Removed a total of 0 cells.

49.13. Executing OPT_DFF pass (perform DFF optimizations).

49.14. Executing OPT_CLEAN pass (remove unused cells and wires).
Finding unused cells or wires in module \fft_wrapper..

49.15. Executing OPT_EXPR pass (perform const folding).
Optimizing module fft_wrapper.

49.16. Finished OPT passes. (There is nothing left to do.)

50. Executing OPT_CLEAN pass (remove unused cells and wires).
Finding unused cells or wires in module \fft_wrapper..
Removed 0 unused cells and 87 unused wires.
<suppressed ~87 debug messages>

51. Printing statistics.

=== fft_wrapper ===

   Number of wires:              15851
   Number of wire bits:          16494
   Number of public wires:          55
   Number of public wire bits:     698
   Number of memories:               0
   Number of memory bits:            0
   Number of processes:              0
   Number of cells:              16453
     $_ANDNOT_                    5174
     $_AND_                        169
     $_DFFE_PN0P_                  497
     $_MUX_                        542
     $_NAND_                       289
     $_NOR_                       1733
     $_NOT_                        888
     $_ORNOT_                      290
     $_OR_                        1803
     $_XNOR_                      1562
     $_XOR_                       3506

mapping tbuf

52. Executing TECHMAP pass (map to technology primitives).

52.1. Executing Verilog-2005 frontend: /home/menna/.ciel/sky130A/libs.tech/openlane/sky130_fd_sc_hd/tribuff_map.v
Parsing Verilog input from `/home/menna/.ciel/sky130A/libs.tech/openlane/sky130_fd_sc_hd/tribuff_map.v' to AST representation.
Generating RTLIL representation for module `\$_TBUF_'.
Successfully finished Verilog frontend.

52.2. Continuing TECHMAP pass.
No more expansions possible.
<suppressed ~3 debug messages>

53. Executing SIMPLEMAP pass (map simple cells to gate primitives).

54. Executing TECHMAP pass (map to technology primitives).

54.1. Executing Verilog-2005 frontend: /home/menna/.ciel/sky130A/libs.tech/openlane/sky130_fd_sc_hd/latch_map.v
Parsing Verilog input from `/home/menna/.ciel/sky130A/libs.tech/openlane/sky130_fd_sc_hd/latch_map.v' to AST representation.
Generating RTLIL representation for module `\$_DLATCH_P_'.
Generating RTLIL representation for module `\$_DLATCH_N_'.
Successfully finished Verilog frontend.

54.2. Continuing TECHMAP pass.
No more expansions possible.
<suppressed ~4 debug messages>

55. Executing SIMPLEMAP pass (map simple cells to gate primitives).

56. Executing DFFLIBMAP pass (mapping DFF cells to sequential cells from liberty file).
  cell sky130_fd_sc_hd__dfxtp_2 (noninv, pins=3, area=21.27) is a direct match for cell type $_DFF_P_.
  cell sky130_fd_sc_hd__dfrtp_2 (noninv, pins=4, area=26.28) is a direct match for cell type $_DFF_PN0_.
  cell sky130_fd_sc_hd__dfstp_2 (noninv, pins=4, area=26.28) is a direct match for cell type $_DFF_PN1_.
  cell sky130_fd_sc_hd__dfbbn_2 (noninv, pins=6, area=35.03) is a direct match for cell type $_DFFSR_NNN_.
  final dff cell mappings:
    unmapped dff cell: $_DFF_N_
    \sky130_fd_sc_hd__dfxtp_2 _DFF_P_ (.CLK( C), .D( D), .Q( Q));
    unmapped dff cell: $_DFF_NN0_
    unmapped dff cell: $_DFF_NN1_
    unmapped dff cell: $_DFF_NP0_
    unmapped dff cell: $_DFF_NP1_
    \sky130_fd_sc_hd__dfrtp_2 _DFF_PN0_ (.CLK( C), .D( D), .Q( Q), .RESET_B( R));
    \sky130_fd_sc_hd__dfstp_2 _DFF_PN1_ (.CLK( C), .D( D), .Q( Q), .SET_B( R));
    unmapped dff cell: $_DFF_PP0_
    unmapped dff cell: $_DFF_PP1_
    \sky130_fd_sc_hd__dfbbn_2 _DFFSR_NNN_ (.CLK_N( C), .D( D), .Q( Q), .Q_N(~Q), .RESET_B( R), .SET_B( S));
    unmapped dff cell: $_DFFSR_NNP_
    unmapped dff cell: $_DFFSR_NPN_
    unmapped dff cell: $_DFFSR_NPP_
    unmapped dff cell: $_DFFSR_PNN_
    unmapped dff cell: $_DFFSR_PNP_
    unmapped dff cell: $_DFFSR_PPN_
    unmapped dff cell: $_DFFSR_PPP_

56.1. Executing DFFLEGALIZE pass (convert FFs to types supported by the target).
Mapping DFF cells in module `\fft_wrapper':
  mapped 497 $_DFF_PN0_ cells to \sky130_fd_sc_hd__dfrtp_2 cells.

57. Printing statistics.

=== fft_wrapper ===

   Number of wires:              16348
   Number of wire bits:          16991
   Number of public wires:          55
   Number of public wire bits:     698
   Number of memories:               0
   Number of memory bits:            0
   Number of processes:              0
   Number of cells:              16950
     $_ANDNOT_                    5174
     $_AND_                        169
     $_MUX_                       1039
     $_NAND_                       289
     $_NOR_                       1733
     $_NOT_                        888
     $_ORNOT_                      290
     $_OR_                        1803
     $_XNOR_                      1562
     $_XOR_                       3506
     sky130_fd_sc_hd__dfrtp_2      497

[INFO]: USING STRATEGY AREA 2

58. Executing ABC pass (technology mapping using ABC).

58.1. Extracting gate netlist of module `\fft_wrapper' to `/tmp/yosys-abc-kcdxD9/input.blif'..
Extracted 16453 gates and 16983 wires to a netlist network with 530 inputs and 529 outputs.

58.1.1. Executing ABC.
Running ABC command: "/build/bin/yosys-abc" -s -f /tmp/yosys-abc-kcdxD9/abc.script 2>&1
ABC: ABC command line: "source /tmp/yosys-abc-kcdxD9/abc.script".
ABC: 
ABC: + read_blif /tmp/yosys-abc-kcdxD9/input.blif 
ABC: + read_lib -w /openlane/designs/FFT/runs/full_flow_4/tmp/synthesis/trimmed.lib 
ABC: Parsing finished successfully.  Parsing time =     0.04 sec
ABC: Scl_LibertyReadGenlib() skipped sequential cell "sky130_fd_sc_hd__dfbbn_2".
ABC: Scl_LibertyReadGenlib() skipped sequential cell "sky130_fd_sc_hd__dfrbp_2".
ABC: Scl_LibertyReadGenlib() skipped sequential cell "sky130_fd_sc_hd__dfrtp_2".
ABC: Scl_LibertyReadGenlib() skipped sequential cell "sky130_fd_sc_hd__dfrtp_4".
ABC: Scl_LibertyReadGenlib() skipped sequential cell "sky130_fd_sc_hd__dfsbp_2".
ABC: Scl_LibertyReadGenlib() skipped sequential cell "sky130_fd_sc_hd__dfstp_2".
ABC: Scl_LibertyReadGenlib() skipped sequential cell "sky130_fd_sc_hd__dfstp_4".
ABC: Scl_LibertyReadGenlib() skipped sequential cell "sky130_fd_sc_hd__dfxbp_2".
ABC: Scl_LibertyReadGenlib() skipped sequential cell "sky130_fd_sc_hd__dfxtp_2".
ABC: Scl_LibertyReadGenlib() skipped sequential cell "sky130_fd_sc_hd__dfxtp_4".
ABC: Scl_LibertyReadGenlib() skipped sequential cell "sky130_fd_sc_hd__dlxtn_1".
ABC: Scl_LibertyReadGenlib() skipped sequential cell "sky130_fd_sc_hd__dlxtn_2".
ABC: Scl_LibertyReadGenlib() skipped sequential cell "sky130_fd_sc_hd__dlxtn_4".
ABC: Scl_LibertyReadGenlib() skipped sequential cell "sky130_fd_sc_hd__dlxtp_1".
ABC: Scl_LibertyReadGenlib() skipped three-state cell "sky130_fd_sc_hd__ebufn_2".
ABC: Scl_LibertyReadGenlib() skipped three-state cell "sky130_fd_sc_hd__ebufn_4".
ABC: Scl_LibertyReadGenlib() skipped three-state cell "sky130_fd_sc_hd__ebufn_8".
ABC: Library "sky130A_merged" from "/openlane/designs/FFT/runs/full_flow_4/tmp/synthesis/trimmed.lib" has 175 cells (17 skipped: 14 seq; 3 tri-state; 0 no func; 0 dont_use).  Time =     0.06 sec
ABC: Memory =    9.54 MB. Time =     0.06 sec
ABC: Warning: Detected 2 multi-output gates (for example, "sky130_fd_sc_hd__fa_1").
ABC: + read_constr -v /openlane/designs/FFT/runs/full_flow_4/tmp/synthesis/synthesis.sdc 
ABC: Setting driving cell to be "sky130_fd_sc_hd__inv_2".
ABC: Setting output load to be 33.442001.
ABC: + read_constr /openlane/designs/FFT/runs/full_flow_4/tmp/synthesis/synthesis.sdc 
ABC: + fx 
ABC: + mfs 
ABC: + strash 
ABC: + refactor 
ABC: + fraig_store 
ABC: + balance 
ABC: + fraig_store 
ABC: + balance 
ABC: + rewrite 
ABC: + refactor 
ABC: + balance 
ABC: + rewrite 
ABC: + rewrite -z 
ABC: + balance 
ABC: + refactor -z 
ABC: + rewrite -z 
ABC: + balance 
ABC: + fraig_store 
ABC: + balance 
ABC: + rewrite 
ABC: + refactor 
ABC: + balance 
ABC: + rewrite 
ABC: + rewrite -z 
ABC: + balance 
ABC: + refactor -z 
ABC: + rewrite -z 
ABC: + balance 
ABC: + fraig_store 
ABC: + balance 
ABC: + rewrite 
ABC: + refactor 
ABC: + balance 
ABC: + rewrite 
ABC: + rewrite -z 
ABC: + balance 
ABC: + refactor -z 
ABC: + rewrite -z 
ABC: + balance 
ABC: + fraig_store 
ABC: + fraig_restore 
ABC: + retime -D -D 20000 -M 5 
ABC: + scleanup 
ABC: Error: The network is combinational.
ABC: + fraig_store 
ABC: Warning: The choice nodes in the original AIG are removed by strashing.
ABC: + balance 
ABC: + fraig_store 
ABC: + balance 
ABC: + rewrite 
ABC: + refactor 
ABC: + balance 
ABC: + rewrite 
ABC: + rewrite -z 
ABC: + balance 
ABC: + refactor -z 
ABC: + rewrite -z 
ABC: + balance 
ABC: + fraig_store 
ABC: + balance 
ABC: + rewrite 
ABC: + refactor 
ABC: + balance 
ABC: + rewrite 
ABC: + rewrite -z 
ABC: + balance 
ABC: + refactor -z 
ABC: + rewrite -z 
ABC: + balance 
ABC: + fraig_store 
ABC: + balance 
ABC: + rewrite 
ABC: + refactor 
ABC: + balance 
ABC: + rewrite 
ABC: + rewrite -z 
ABC: + balance 
ABC: + refactor -z 
ABC: + rewrite -z 
ABC: + balance 
ABC: + fraig_store 
ABC: + fraig_restore 
ABC: + amap -m -Q 0.1 -F 20 -A 20 -C 5000 
ABC: + fraig_store 
ABC: + balance 
ABC: + fraig_store 
ABC: + balance 
ABC: + rewrite 
ABC: + refactor 
ABC: + balance 
ABC: + rewrite 
ABC: + rewrite -z 
ABC: + balance 
ABC: + refactor -z 
ABC: + rewrite -z 
ABC: + balance 
ABC: + fraig_store 
ABC: + balance 
ABC: + rewrite 
ABC: + refactor 
ABC: + balance 
ABC: + rewrite 
ABC: + rewrite -z 
ABC: + balance 
ABC: + refactor -z 
ABC: + rewrite -z 
ABC: + balance 
ABC: + fraig_store 
ABC: + balance 
ABC: + rewrite 
ABC: + refactor 
ABC: + balance 
ABC: + rewrite 
ABC: + rewrite -z 
ABC: + balance 
ABC: + refactor -z 
ABC: + rewrite -z 
ABC: + balance 
ABC: + fraig_store 
ABC: + fraig_restore 
ABC: + amap -m -Q 0.1 -F 20 -A 20 -C 5000 
ABC: + retime -D -D 20000 
ABC: + &get -n 
ABC: + &st 
ABC: + &dch 
ABC: + &nf 
ABC: + &put 
ABC: + buffer -N 5 -S 750.0 
ABC: + upsize -D 20000 
ABC: Current delay (13602.28 ps) does not exceed the target delay (20000.00 ps). Upsizing is not performed.
ABC: + dnsize -D 20000 
ABC: + stime -p 
ABC: WireLoad = "none"  Gates =  14538 ( 14.8 %)   Cap =  9.4 ff (  3.5 %)   Area =   129289.00 ( 85.0 %)   Delay = 13792.71 ps  (  0.9 %)               
ABC: Path  0 --       7 : 0    4 pi                        A =   0.00  Df =  30.0  -16.9 ps  S =  47.2 ps  Cin =  0.0 ff  Cout =   8.8 ff  Cmax =   0.0 ff  G =    0  
ABC: Path  1 --    1080 : 1    5 sky130_fd_sc_hd__buf_1    A =   3.75  Df = 231.7  -85.0 ps  S = 218.7 ps  Cin =  2.1 ff  Cout =  17.9 ff  Cmax = 130.0 ff  G =  798  
ABC: Path  2 --    1081 : 3    5 sky130_fd_sc_hd__nor3_2   A =  10.01  Df = 425.6 -100.6 ps  S = 289.8 ps  Cin =  4.4 ff  Cout =  14.4 ff  Cmax =  92.5 ff  G =  310  
ABC: Path  3 --    1804 : 5    1 sky130_fd_sc_hd__a2111o_2 A =  12.51  Df = 770.4 -163.1 ps  S =  66.8 ps  Cin =  2.4 ff  Cout =   4.7 ff  Cmax = 324.1 ff  G =  178  
ABC: Path  4 --    1806 : 4    5 sky130_fd_sc_hd__o31ai_2  A =  12.51  Df =1295.2 -447.6 ps  S = 637.9 ps  Cin =  4.4 ff  Cout =  31.0 ff  Cmax =  80.6 ff  G =  677  
ABC: Path  5 --    1807 : 2    4 sky130_fd_sc_hd__xnor2_2  A =  16.27  Df =1633.8 -542.8 ps  S = 232.6 ps  Cin =  8.5 ff  Cout =  14.2 ff  Cmax = 121.8 ff  G =  159  
ABC: Path  6 --    1817 : 4    3 sky130_fd_sc_hd__a31o_2   A =   8.76  Df =1917.1 -605.7 ps  S =  74.2 ps  Cin =  2.4 ff  Cout =   9.5 ff  Cmax = 271.9 ff  G =  387  
ABC: Path  7 --    1826 : 3    3 sky130_fd_sc_hd__a21o_2   A =   8.76  Df =2128.3 -447.7 ps  S =  72.7 ps  Cin =  2.4 ff  Cout =  11.7 ff  Cmax = 309.5 ff  G =  476  
ABC: Path  8 --    1857 : 3    2 sky130_fd_sc_hd__a21oi_2  A =   8.76  Df =2335.6 -576.8 ps  S = 203.8 ps  Cin =  4.6 ff  Cout =  14.4 ff  Cmax = 128.2 ff  G =  302  
ABC: Path  9 --    1864 : 2    1 sky130_fd_sc_hd__xor2_2   A =  16.27  Df =2520.4 -592.4 ps  S =  87.1 ps  Cin =  8.6 ff  Cout =   1.8 ff  Cmax = 130.0 ff  G =   19  
ABC: Path 10 --    1865 : 3    5 sky130_fd_sc_hd__mux2_2   A =  11.26  Df =2743.2 -498.7 ps  S = 123.0 ps  Cin =  2.3 ff  Cout =  20.6 ff  Cmax = 297.6 ff  G =  871  
ABC: Path 11 --    1867 : 2    3 sky130_fd_sc_hd__xor2_2   A =  16.27  Df =3071.0 -598.5 ps  S = 313.2 ps  Cin =  8.6 ff  Cout =  22.9 ff  Cmax = 130.0 ff  G =  256  
ABC: Path 12 --    9940 : 3    2 sky130_fd_sc_hd__o21ai_2  A =   8.76  Df =3201.0 -229.1 ps  S = 168.1 ps  Cin =  4.5 ff  Cout =  10.9 ff  Cmax = 139.2 ff  G =  230  
ABC: Path 13 --    9942 : 3    3 sky130_fd_sc_hd__a21o_2   A =   8.76  Df =3466.0 -286.8 ps  S = 107.1 ps  Cin =  2.4 ff  Cout =  19.3 ff  Cmax = 309.5 ff  G =  800  
ABC: Path 14 --   10008 : 3    3 sky130_fd_sc_hd__a21o_2   A =   8.76  Df =3725.7 -195.2 ps  S = 107.7 ps  Cin =  2.4 ff  Cout =  19.4 ff  Cmax = 309.5 ff  G =  796  
ABC: Path 15 --   10025 : 3    2 sky130_fd_sc_hd__a21o_2   A =   8.76  Df =3964.4 -127.3 ps  S =  70.9 ps  Cin =  2.4 ff  Cout =  10.9 ff  Cmax = 309.5 ff  G =  445  
ABC: Path 16 --   10036 : 3    3 sky130_fd_sc_hd__a21o_2   A =   8.76  Df =4216.9 -199.6 ps  S = 108.5 ps  Cin =  2.4 ff  Cout =  19.4 ff  Cmax = 309.5 ff  G =  796  
ABC: Path 17 --   10041 : 3    3 sky130_fd_sc_hd__a21o_2   A =   8.76  Df =4481.8 -165.4 ps  S = 121.6 ps  Cin =  2.4 ff  Cout =  22.0 ff  Cmax = 309.5 ff  G =  903  
ABC: Path 18 --   10051 : 3    5 sky130_fd_sc_hd__a21oi_2  A =   8.76  Df =4800.2 -358.5 ps  S = 340.2 ps  Cin =  4.6 ff  Cout =  26.6 ff  Cmax = 128.2 ff  G =  557  
ABC: Path 19 --   10078 : 3    3 sky130_fd_sc_hd__nor3_2   A =  10.01  Df =4895.1  -47.2 ps  S = 236.2 ps  Cin =  4.4 ff  Cout =  10.8 ff  Cmax =  92.5 ff  G =  228  
ABC: Path 20 --   10079 : 4    3 sky130_fd_sc_hd__or4_2    A =   8.76  Df =5468.5 -274.8 ps  S = 118.0 ps  Cin =  1.5 ff  Cout =   7.4 ff  Cmax = 310.4 ff  G =  469  
ABC: Path 21 --   10178 : 4    3 sky130_fd_sc_hd__or4_2    A =   8.76  Df =6160.2 -796.9 ps  S = 122.5 ps  Cin =  1.5 ff  Cout =   8.3 ff  Cmax = 310.4 ff  G =  536  
ABC: Path 22 --   10183 : 3    4 sky130_fd_sc_hd__and3_2   A =   7.51  Df =6416.6 -760.2 ps  S =  93.6 ps  Cin =  1.5 ff  Cout =  13.8 ff  Cmax = 309.5 ff  G =  884  
ABC: Path 23 --   10188 : 3    3 sky130_fd_sc_hd__or3_2    A =   7.51  Df =6913.1 -359.1 ps  S =  93.1 ps  Cin =  1.5 ff  Cout =   7.5 ff  Cmax = 310.4 ff  G =  479  
ABC: Path 24 --   10190 : 3    2 sky130_fd_sc_hd__and3_2   A =   7.51  Df =7135.2 -333.4 ps  S =  63.9 ps  Cin =  1.5 ff  Cout =   6.8 ff  Cmax = 309.5 ff  G =  434  
ABC: Path 25 --   10192 : 3    3 sky130_fd_sc_hd__or3_2    A =   7.51  Df =7624.2 -400.9 ps  S = 106.7 ps  Cin =  1.5 ff  Cout =  11.6 ff  Cmax = 310.4 ff  G =  741  
ABC: Path 26 --   10195 : 3    3 sky130_fd_sc_hd__a21o_2   A =   8.76  Df =7850.5 -398.6 ps  S =  61.9 ps  Cin =  2.4 ff  Cout =   9.7 ff  Cmax = 309.5 ff  G =  390  
ABC: Path 27 --   10198 : 3    2 sky130_fd_sc_hd__a21o_2   A =   8.76  Df =8067.8 -174.4 ps  S =  48.2 ps  Cin =  2.4 ff  Cout =   6.6 ff  Cmax = 309.5 ff  G =  270  
ABC: Path 28 --   10199 : 3    3 sky130_fd_sc_hd__and3_2   A =   7.51  Df =8288.7 -171.5 ps  S =  73.2 ps  Cin =  1.5 ff  Cout =   9.2 ff  Cmax = 309.5 ff  G =  586  
ABC: Path 29 --   10203 : 3    4 sky130_fd_sc_hd__or3_2    A =   7.51  Df =8810.9 -429.9 ps  S = 111.1 ps  Cin =  1.5 ff  Cout =  13.0 ff  Cmax = 310.4 ff  G =  829  
ABC: Path 30 --   10245 : 3    3 sky130_fd_sc_hd__and3_2   A =   7.51  Df =9034.4 -366.1 ps  S =  84.5 ps  Cin =  1.5 ff  Cout =  11.8 ff  Cmax = 309.5 ff  G =  754  
ABC: Path 31 --   10247 : 4    3 sky130_fd_sc_hd__a211o_2  A =  10.01  Df =9368.0 -246.3 ps  S =  68.7 ps  Cin =  2.4 ff  Cout =  10.7 ff  Cmax = 325.0 ff  G =  438  
ABC: Path 32 --   10269 : 3    4 sky130_fd_sc_hd__and3_2   A =   7.51  Df =9578.5 -118.6 ps  S =  96.5 ps  Cin =  1.5 ff  Cout =  14.4 ff  Cmax = 309.5 ff  G =  905  
ABC: Path 33 --   10272 : 4    2 sky130_fd_sc_hd__o211a_2  A =  10.01  Df =9848.5 -136.9 ps  S =  60.3 ps  Cin =  2.4 ff  Cout =   6.1 ff  Cmax = 268.3 ff  G =  248  
ABC: Path 34 --   10273 : 2    1 sky130_fd_sc_hd__or2_2    A =   6.26  Df =10142.1 -203.3 ps  S =  71.7 ps  Cin =  1.5 ff  Cout =   8.4 ff  Cmax = 299.4 ff  G =  569  
ABC: Path 35 --   10274 : 2    2 sky130_fd_sc_hd__xnor2_2  A =  16.27  Df =10277.8 -208.5 ps  S = 125.0 ps  Cin =  8.5 ff  Cout =   4.9 ff  Cmax = 121.8 ff  G =   55  
ABC: Path 36 --   10558 : 5    1 sky130_fd_sc_hd__o221a_2  A =  11.26  Df =10469.7 -129.1 ps  S =  38.8 ps  Cin =  2.3 ff  Cout =   1.6 ff  Cmax = 281.1 ff  G =   63  
ABC: Path 37 --   10697 : 2    2 sky130_fd_sc_hd__or2_2    A =   6.26  Df =10740.1 -165.3 ps  S =  65.2 ps  Cin =  1.5 ff  Cout =   6.1 ff  Cmax = 299.4 ff  G =  409  
ABC: Path 38 --   10937 : 4    3 sky130_fd_sc_hd__and4_2   A =  10.01  Df =10945.1 -139.8 ps  S =  91.3 ps  Cin =  1.5 ff  Cout =  10.8 ff  Cmax = 300.3 ff  G =  677  
ABC: Path 39 --   11217 : 4    3 sky130_fd_sc_hd__a22oi_2  A =  12.51  Df =11132.2 -237.7 ps  S = 175.5 ps  Cin =  4.3 ff  Cout =   7.8 ff  Cmax = 170.3 ff  G =  173  
ABC: Path 40 --   11364 : 3    2 sky130_fd_sc_hd__or3_2    A =   7.51  Df =11355.5  -72.0 ps  S =  84.5 ps  Cin =  1.5 ff  Cout =   4.9 ff  Cmax = 310.4 ff  G =  310  
ABC: Path 41 --   11492 : 4    3 sky130_fd_sc_hd__o211a_2  A =  10.01  Df =11504.7  -31.1 ps  S =  84.7 ps  Cin =  2.4 ff  Cout =  10.8 ff  Cmax = 268.3 ff  G =  431  
ABC: Path 42 --   11753 : 4    5 sky130_fd_sc_hd__o31ai_2  A =  12.51  Df =11876.6 -301.2 ps  S = 387.4 ps  Cin =  4.4 ff  Cout =  16.0 ff  Cmax =  80.6 ff  G =  348  
ABC: Path 43 --   12159 : 5    4 sky130_fd_sc_hd__a311o_2  A =  11.26  Df =12158.8 -221.8 ps  S =  87.3 ps  Cin =  2.3 ff  Cout =  12.4 ff  Cmax = 298.5 ff  G =  514  
ABC: Path 44 --   12493 : 3    2 sky130_fd_sc_hd__or3b_2   A =   8.76  Df =12612.6 -468.6 ps  S =  84.3 ps  Cin =  1.5 ff  Cout =   4.9 ff  Cmax = 269.2 ff  G =  312  
ABC: Path 45 --   12496 : 4    2 sky130_fd_sc_hd__a31o_2   A =   8.76  Df =12842.5 -537.5 ps  S =  71.3 ps  Cin =  2.4 ff  Cout =   9.1 ff  Cmax = 271.9 ff  G =  373  
ABC: Path 46 --   12509 : 3    2 sky130_fd_sc_hd__o21ai_2  A =   8.76  Df =12909.9 -542.6 ps  S = 128.4 ps  Cin =  4.5 ff  Cout =   7.0 ff  Cmax = 139.2 ff  G =  149  
ABC: Path 47 --   12547 : 3    1 sky130_fd_sc_hd__o21a_2   A =   8.76  Df =13080.3  -33.0 ps  S =  30.2 ps  Cin =  2.4 ff  Cout =   1.7 ff  Cmax = 294.8 ff  G =   69  
ABC: Path 48 --   12551 : 4    4 sky130_fd_sc_hd__a2bb2o_2 A =  11.26  Df =13322.5   -4.0 ps  S =  58.1 ps  Cin =  1.7 ff  Cout =   7.1 ff  Cmax = 300.3 ff  G =  395  
ABC: Path 49 --   12553 : 3    1 sky130_fd_sc_hd__mux2_2   A =  11.26  Df =13573.8 -117.4 ps  S =  45.5 ps  Cin =  2.3 ff  Cout =   2.2 ff  Cmax = 297.6 ff  G =   92  
ABC: Path 50 --   12554 : 1    1 sky130_fd_sc_hd__buf_1    A =   3.75  Df =13792.7  -16.3 ps  S = 396.3 ps  Cin =  2.1 ff  Cout =  33.4 ff  Cmax = 130.0 ff  G = 1590  
ABC: Start-point = pi6 (\u_s1.delay_ptr [0]).  End-point = po310 ($auto$rtlil.cc:2607:MuxGate$50205).
ABC: + print_stats -m 
ABC: netlist                       : i/o =  530/  529  lat =    0  nd = 14538  edge =  33892  area =129311.93  delay =57.00  lev = 57
ABC: + write_blif /tmp/yosys-abc-kcdxD9/output.blif 

58.1.2. Re-integrating ABC results.
ABC RESULTS:   sky130_fd_sc_hd__a2111oi_2 cells:        1
ABC RESULTS:   sky130_fd_sc_hd__a221oi_2 cells:        3
ABC RESULTS:   sky130_fd_sc_hd__nand2b_2 cells:        2
ABC RESULTS:   sky130_fd_sc_hd__mux4_2 cells:       18
ABC RESULTS:   sky130_fd_sc_hd__and4bb_2 cells:        2
ABC RESULTS:   sky130_fd_sc_hd__a41oi_2 cells:        3
ABC RESULTS:   sky130_fd_sc_hd__o221ai_2 cells:        1
ABC RESULTS:   sky130_fd_sc_hd__a311oi_2 cells:        4
ABC RESULTS:   sky130_fd_sc_hd__o41a_2 cells:        8
ABC RESULTS:   sky130_fd_sc_hd__nor2b_2 cells:        5
ABC RESULTS:   sky130_fd_sc_hd__o311a_2 cells:        3
ABC RESULTS:   sky130_fd_sc_hd__o22ai_2 cells:        7
ABC RESULTS:   sky130_fd_sc_hd__o2111a_2 cells:        4
ABC RESULTS:   sky130_fd_sc_hd__and3b_2 cells:       16
ABC RESULTS:   sky130_fd_sc_hd__nor4_2 cells:        9
ABC RESULTS:   sky130_fd_sc_hd__a2111o_2 cells:        7
ABC RESULTS:   sky130_fd_sc_hd__or4bb_2 cells:        2
ABC RESULTS:   sky130_fd_sc_hd__nor3b_2 cells:       11
ABC RESULTS:   sky130_fd_sc_hd__nand3b_2 cells:        8
ABC RESULTS:   sky130_fd_sc_hd__a22oi_2 cells:       15
ABC RESULTS:   sky130_fd_sc_hd__a211oi_2 cells:       60
ABC RESULTS:   sky130_fd_sc_hd__or4b_2 cells:        8
ABC RESULTS:   sky130_fd_sc_hd__nand4_2 cells:        8
ABC RESULTS:   sky130_fd_sc_hd__a221o_2 cells:       50
ABC RESULTS:   sky130_fd_sc_hd__o221a_2 cells:        8
ABC RESULTS:   sky130_fd_sc_hd__a32oi_2 cells:        3
ABC RESULTS:   sky130_fd_sc_hd__and4b_2 cells:       11
ABC RESULTS:   sky130_fd_sc_hd__or4_2 cells:       32
ABC RESULTS:   sky130_fd_sc_hd__a311o_2 cells:       10
ABC RESULTS:   sky130_fd_sc_hd__o311ai_2 cells:        2
ABC RESULTS:   sky130_fd_sc_hd__o32ai_2 cells:        4
ABC RESULTS:   sky130_fd_sc_hd__and4_2 cells:       34
ABC RESULTS:   sky130_fd_sc_hd__a41o_2 cells:        4
ABC RESULTS:   sky130_fd_sc_hd__or3b_2 cells:       50
ABC RESULTS:   sky130_fd_sc_hd__o211ai_2 cells:       72
ABC RESULTS:   sky130_fd_sc_hd__nand3_2 cells:      211
ABC RESULTS:   sky130_fd_sc_hd__a32o_2 cells:       29
ABC RESULTS:   sky130_fd_sc_hd__a31oi_2 cells:       24
ABC RESULTS:   sky130_fd_sc_hd__o22a_2 cells:       96
ABC RESULTS:   sky130_fd_sc_hd__o32a_2 cells:       21
ABC RESULTS:   sky130_fd_sc_hd__nor3_2 cells:      127
ABC RESULTS:   sky130_fd_sc_hd__a211o_2 cells:      126
ABC RESULTS:   sky130_fd_sc_hd__o21ba_2 cells:      107
ABC RESULTS:   sky130_fd_sc_hd__o211a_2 cells:       99
ABC RESULTS:   sky130_fd_sc_hd__and3_2 cells:      362
ABC RESULTS:   sky130_fd_sc_hd__nand2_2 cells:     1128
ABC RESULTS:   sky130_fd_sc_hd__o31a_2 cells:       49
ABC RESULTS:   sky130_fd_sc_hd__o2bb2a_2 cells:       35
ABC RESULTS:   sky130_fd_sc_hd__a21boi_2 cells:       55
ABC RESULTS:   sky130_fd_sc_hd__o31ai_2 cells:       21
ABC RESULTS:   sky130_fd_sc_hd__or3_2 cells:      280
ABC RESULTS:   sky130_fd_sc_hd__a31o_2 cells:      144
ABC RESULTS:   sky130_fd_sc_hd__and2_2 cells:      566
ABC RESULTS:   sky130_fd_sc_hd__nor2_2 cells:     1421
ABC RESULTS:   sky130_fd_sc_hd__o21bai_2 cells:       43
ABC RESULTS:   sky130_fd_sc_hd__inv_2 cells:      285
ABC RESULTS:   sky130_fd_sc_hd__o21ai_2 cells:      421
ABC RESULTS:   sky130_fd_sc_hd__a21bo_2 cells:      160
ABC RESULTS:   sky130_fd_sc_hd__or2_2 cells:      775
ABC RESULTS:   sky130_fd_sc_hd__a22o_2 cells:      162
ABC RESULTS:   sky130_fd_sc_hd__xor2_2 cells:      648
ABC RESULTS:   sky130_fd_sc_hd__or2b_2 cells:      284
ABC RESULTS:   sky130_fd_sc_hd__and2b_2 cells:      417
ABC RESULTS:   sky130_fd_sc_hd__a21oi_2 cells:      633
ABC RESULTS:   sky130_fd_sc_hd__xnor2_2 cells:     1630
ABC RESULTS:   sky130_fd_sc_hd__a21o_2 cells:      660
ABC RESULTS:   sky130_fd_sc_hd__o21a_2 cells:      390
ABC RESULTS:   sky130_fd_sc_hd__a2bb2o_2 cells:       60
ABC RESULTS:   sky130_fd_sc_hd__mux2_2 cells:      716
ABC RESULTS:   sky130_fd_sc_hd__buf_1 cells:     1868
ABC RESULTS:        internal signals:    15924
ABC RESULTS:           input signals:      530
ABC RESULTS:          output signals:      529
Removing temp directory.

59. Executing SETUNDEF pass (replace undef values with defined constants).

60. Executing HILOMAP pass (mapping to constant drivers).

61. Executing SPLITNETS pass (splitting up multi-bit signals).

62. Executing OPT_CLEAN pass (remove unused cells and wires).
Finding unused cells or wires in module \fft_wrapper..
Removed 0 unused cells and 16989 unused wires.
<suppressed ~135 debug messages>

63. Executing INSBUF pass (insert buffer cells for connected wires).

64. Executing CHECK pass (checking for obvious problems).
Checking module fft_wrapper...
Warning: Wire fft_wrapper.\out_re [15] is used but has no driver.
Warning: Wire fft_wrapper.\out_re [14] is used but has no driver.
Warning: Wire fft_wrapper.\out_re [13] is used but has no driver.
Warning: Wire fft_wrapper.\out_re [12] is used but has no driver.
Warning: Wire fft_wrapper.\out_re [11] is used but has no driver.
Warning: Wire fft_wrapper.\out_re [10] is used but has no driver.
Warning: Wire fft_wrapper.\out_re [9] is used but has no driver.
Warning: Wire fft_wrapper.\out_re [8] is used but has no driver.
Warning: Wire fft_wrapper.\out_re [7] is used but has no driver.
Warning: Wire fft_wrapper.\out_re [6] is used but has no driver.
Warning: Wire fft_wrapper.\out_re [5] is used but has no driver.
Warning: Wire fft_wrapper.\out_re [4] is used but has no driver.
Warning: Wire fft_wrapper.\out_re [3] is used but has no driver.
Warning: Wire fft_wrapper.\out_re [2] is used but has no driver.
Warning: Wire fft_wrapper.\out_re [1] is used but has no driver.
Warning: Wire fft_wrapper.\out_re [0] is used but has no driver.
Warning: Wire fft_wrapper.\out_im [15] is used but has no driver.
Warning: Wire fft_wrapper.\out_im [14] is used but has no driver.
Warning: Wire fft_wrapper.\out_im [13] is used but has no driver.
Warning: Wire fft_wrapper.\out_im [12] is used but has no driver.
Warning: Wire fft_wrapper.\out_im [11] is used but has no driver.
Warning: Wire fft_wrapper.\out_im [10] is used but has no driver.
Warning: Wire fft_wrapper.\out_im [9] is used but has no driver.
Warning: Wire fft_wrapper.\out_im [8] is used but has no driver.
Warning: Wire fft_wrapper.\out_im [7] is used but has no driver.
Warning: Wire fft_wrapper.\out_im [6] is used but has no driver.
Warning: Wire fft_wrapper.\out_im [5] is used but has no driver.
Warning: Wire fft_wrapper.\out_im [4] is used but has no driver.
Warning: Wire fft_wrapper.\out_im [3] is used but has no driver.
Warning: Wire fft_wrapper.\out_im [2] is used but has no driver.
Warning: Wire fft_wrapper.\out_im [1] is used but has no driver.
Warning: Wire fft_wrapper.\out_im [0] is used but has no driver.
Found and reported 32 problems.

65. Printing statistics.

=== fft_wrapper ===

   Number of wires:              15010
   Number of wire bits:          15070
   Number of public wires:         504
   Number of public wire bits:     564
   Number of memories:               0
   Number of memory bits:            0
   Number of processes:              0
   Number of cells:              15035
     sky130_fd_sc_hd__a2111o_2       7
     sky130_fd_sc_hd__a2111oi_2      1
     sky130_fd_sc_hd__a211o_2      126
     sky130_fd_sc_hd__a211oi_2      60
     sky130_fd_sc_hd__a21bo_2      160
     sky130_fd_sc_hd__a21boi_2      55
     sky130_fd_sc_hd__a21o_2       660
     sky130_fd_sc_hd__a21oi_2      633
     sky130_fd_sc_hd__a221o_2       50
     sky130_fd_sc_hd__a221oi_2       3
     sky130_fd_sc_hd__a22o_2       162
     sky130_fd_sc_hd__a22oi_2       15
     sky130_fd_sc_hd__a2bb2o_2      60
     sky130_fd_sc_hd__a311o_2       10
     sky130_fd_sc_hd__a311oi_2       4
     sky130_fd_sc_hd__a31o_2       144
     sky130_fd_sc_hd__a31oi_2       24
     sky130_fd_sc_hd__a32o_2        29
     sky130_fd_sc_hd__a32oi_2        3
     sky130_fd_sc_hd__a41o_2         4
     sky130_fd_sc_hd__a41oi_2        3
     sky130_fd_sc_hd__and2_2       566
     sky130_fd_sc_hd__and2b_2      417
     sky130_fd_sc_hd__and3_2       362
     sky130_fd_sc_hd__and3b_2       16
     sky130_fd_sc_hd__and4_2        34
     sky130_fd_sc_hd__and4b_2       11
     sky130_fd_sc_hd__and4bb_2       2
     sky130_fd_sc_hd__buf_1       1868
     sky130_fd_sc_hd__dfrtp_2      497
     sky130_fd_sc_hd__inv_2        285
     sky130_fd_sc_hd__mux2_2       716
     sky130_fd_sc_hd__mux4_2        18
     sky130_fd_sc_hd__nand2_2     1128
     sky130_fd_sc_hd__nand2b_2       2
     sky130_fd_sc_hd__nand3_2      211
     sky130_fd_sc_hd__nand3b_2       8
     sky130_fd_sc_hd__nand4_2        8
     sky130_fd_sc_hd__nor2_2      1421
     sky130_fd_sc_hd__nor2b_2        5
     sky130_fd_sc_hd__nor3_2       127
     sky130_fd_sc_hd__nor3b_2       11
     sky130_fd_sc_hd__nor4_2         9
     sky130_fd_sc_hd__o2111a_2       4
     sky130_fd_sc_hd__o211a_2       99
     sky130_fd_sc_hd__o211ai_2      72
     sky130_fd_sc_hd__o21a_2       390
     sky130_fd_sc_hd__o21ai_2      421
     sky130_fd_sc_hd__o21ba_2      107
     sky130_fd_sc_hd__o21bai_2      43
     sky130_fd_sc_hd__o221a_2        8
     sky130_fd_sc_hd__o221ai_2       1
     sky130_fd_sc_hd__o22a_2        96
     sky130_fd_sc_hd__o22ai_2        7
     sky130_fd_sc_hd__o2bb2a_2      35
     sky130_fd_sc_hd__o311a_2        3
     sky130_fd_sc_hd__o311ai_2       2
     sky130_fd_sc_hd__o31a_2        49
     sky130_fd_sc_hd__o31ai_2       21
     sky130_fd_sc_hd__o32a_2        21
     sky130_fd_sc_hd__o32ai_2        4
     sky130_fd_sc_hd__o41a_2         8
     sky130_fd_sc_hd__or2_2        775
     sky130_fd_sc_hd__or2b_2       284
     sky130_fd_sc_hd__or3_2        280
     sky130_fd_sc_hd__or3b_2        50
     sky130_fd_sc_hd__or4_2         32
     sky130_fd_sc_hd__or4b_2         8
     sky130_fd_sc_hd__or4bb_2        2
     sky130_fd_sc_hd__xnor2_2     1630
     sky130_fd_sc_hd__xor2_2       648

   Chip area for module '\fft_wrapper': 142347.772800

66. Executing Verilog backend.
Dumping module `\fft_wrapper'.

Warnings: 34 unique messages, 42 total
End of script. Logfile hash: 53a93f35fa, CPU: user 12.26s system 0.09s, MEM: 101.34 MB peak
Yosys 0.30+48 (git sha1 14d50a176d5, gcc 8.3.1 -fPIC -Os)
Time spent: 88% 2x abc (91 sec), 4% 37x opt_expr (4 sec), ...
